/* Generated Amiga data 
si const utilisé alors les données seront en FAST RAM !
*/

#include "montagne.h"


__chip UBYTE montagne_raw[MONTAGNE_SIZE] = {
	0xFF, 0xFF, 0xFF, 0xC0, 0x7F, 0xF8, 0x00, 0x00, 0x00, 0x00, 0x00, 0x00,
	0x00, 0x00, 0x00, 0x00, 0x00, 0x00, 0x7F, 0xDB, 0xEF, 0xFF, 0xF2, 0x25,
	0xE0, 0x20, 0x00, 0x2B, 0x7F, 0xFC, 0x20, 0x8F, 0xE6, 0x38, 0x00, 0x00,
	0x80, 0x00, 0x20, 0x20, 0xFF, 0xFF, 0xFF, 0x81, 0xBF, 0xFF, 0xB0, 0x00,
	0x00, 0x00, 0x00, 0x00, 0x00, 0x00, 0x00, 0x00, 0x00, 0x00, 0xE1, 0xFD,
	0x7D, 0xDF, 0xDF, 0x00, 0xC0, 0x00, 0x40, 0x7D, 0x7B, 0x7F, 0xE8, 0x19,
	0xBC, 0x38, 0x00, 0x00, 0x00, 0x00, 0x30, 0x03, 0xFF, 0xFE, 0x00, 0x0F,
	0xDF, 0xFF, 0xF0, 0x00, 0x00, 0x00, 0x00, 0x00, 0x00, 0x00, 0x00, 0x00,
	0x00, 0x00, 0x04, 0xCF, 0xFE, 0x17, 0xD9, 0x71, 0xC0, 0x60, 0x00, 0x39,
	0xEF, 0xBF, 0x40, 0x28, 0x7C, 0xF2, 0x00, 0x00, 0x00, 0x00, 0x08, 0x02,
	0xF0, 0xFF, 0xFF, 0x3F, 0xEF, 0xFF, 0xE0, 0x00, 0x00, 0x00, 0x00, 0x00,
	0x00, 0x00, 0x00, 0x00, 0x00, 0x00, 0xA0, 0x19, 0xFB, 0xFD, 0x3F, 0xB2,
	0x41, 0xC0, 0x00, 0x43, 0xEE, 0x2E, 0x00, 0x22, 0xEC, 0xF6, 0x00, 0x00,
	0x00, 0x40, 0x38, 0x00, 0x1F, 0xFF, 0xFF, 0xBE, 0x1B, 0xFF, 0x00, 0x00,
	0x00, 0x00, 0x00, 0x00, 0x00, 0x00, 0x00, 0x00, 0x00, 0x00, 0x81, 0x23,
	0xFF, 0xBF, 0x7F, 0xEE, 0xF1, 0xE4, 0x00, 0x03, 0xFE, 0x00, 0x00, 0xE3,
	0xFC, 0x8E, 0x00, 0x00, 0x00, 0x06, 0x60, 0x00, 0xCF, 0xFF, 0xFF, 0xFF,
	0xE4, 0xFE, 0x00, 0x00, 0x00, 0x00, 0x00, 0x00, 0x00, 0x00, 0x00, 0x00,
	0x00, 0x00, 0xA8, 0x83, 0xFF, 0xB7, 0xFF, 0xE7, 0xF4, 0x00, 0x00, 0x34,
	0xE7, 0xBD, 0x28, 0xCF, 0xFC, 0xE2, 0x05, 0x80, 0x00, 0x0C, 0x51, 0x80,
	0xFF, 0xFF, 0xFF, 0xEF, 0xFE, 0xFE, 0x00, 0x00, 0x00, 0x00, 0x00, 0x00,
	0x00, 0x00, 0x00, 0x00, 0x00, 0x1E, 0x08, 0xB7, 0xBF, 0xFE, 0xFF, 0x1C,
	0x50, 0x00, 0x00, 0x3C, 0xE7, 0x38, 0x30, 0x3F, 0xEC, 0xE5, 0x80, 0x80,
	0x00, 0x00, 0xBF, 0x80, 0xF7, 0xFF, 0xFF, 0xFF, 0xFF, 0x8F, 0xC0, 0x00,
	0x00, 0x00, 0x00, 0x00, 0x00, 0x00, 0x00, 0x00, 0x00, 0x78, 0x38, 0xE7,
	0xFF, 0x2F, 0xFF, 0x74, 0x80, 0x08, 0x00, 0x64, 0xF7, 0x0F, 0x88, 0xFE,
	0x24, 0xE4, 0xF9, 0x80, 0x01, 0xC0, 0x7E, 0x80, 0xFD, 0xFF, 0xFF, 0xFF,
	0xFF, 0x01, 0xFC, 0xF0, 0x00, 0x00, 0x00, 0x00, 0x00, 0x00, 0x00, 0x00,
	0x00, 0xF5, 0x50, 0x4F, 0xFF, 0xFF, 0xFC, 0x52, 0x80, 0x05, 0x00, 0x20,
	0xE6, 0x1F, 0xC3, 0x30, 0x00, 0x1A, 0x7B, 0xC8, 0x00, 0xC3, 0xFC, 0x00,
	0xFF, 0xFF, 0xFF, 0xFF, 0xFF, 0x8F, 0xDF, 0xFF, 0x03, 0xC0, 0x00, 0x00,
	0x00, 0x00, 0x00, 0x00, 0x00, 0x6C, 0x01, 0x0F, 0xBB, 0xFF, 0x34, 0xC3,
	0x80, 0x04, 0x00, 0x0D, 0xF6, 0x6F, 0x03, 0x00, 0x44, 0xFA, 0xB3, 0x80,
	0x80, 0x0B, 0xF0, 0x00, 0xFF, 0xFF, 0xFF, 0xFF, 0xFF, 0xFF, 0xFF, 0xFF,
	0xE7, 0xE0, 0x00, 0x00, 0x00, 0x00, 0x00, 0x00, 0x00, 0x3F, 0x00, 0x65,
	0xFB, 0xFE, 0x59, 0xC1, 0x94, 0x00, 0x00, 0x01, 0x63, 0x52, 0x00, 0xB8,
	0x60, 0x3A, 0xBF, 0x81, 0x80, 0x0B, 0xD0, 0x00, 0x5F, 0xFF, 0xFF, 0xFF,
	0xFF, 0xFF, 0xFF, 0xFF, 0xF3, 0xE4, 0x00, 0x00, 0x00, 0x00, 0x00, 0x00,
	0x00, 0x52, 0xE0, 0xB7, 0xFF, 0xFA, 0xBD, 0xCB, 0xF4, 0x2C, 0x00, 0x01,
	0xF7, 0xDC, 0xA8, 0xB9, 0x50, 0x6C, 0x00, 0x60, 0x00, 0x0F, 0xF0, 0x10,
	0x0F, 0xFF, 0x67, 0x7F, 0xFF, 0xFF, 0xC7, 0xFF, 0xF1, 0xFC, 0x00, 0x00,
	0x00, 0x00, 0x00, 0x00, 0x00, 0x02, 0xE3, 0x44, 0x37, 0xF5, 0xBB, 0x21,
	0xF0, 0x40, 0x00, 0x00, 0xBF, 0xBC, 0x10, 0x14, 0x78, 0x62, 0x21, 0xC0,
	0x00, 0x7B, 0xF0, 0x88, 0x0B, 0xFF, 0x98, 0xFF, 0xFF, 0xFF, 0xEF, 0xFF,
	0xF0, 0xFE, 0x00, 0x00, 0x00, 0x00, 0x00, 0x00, 0x00, 0x02, 0x62, 0x04,
	0x37, 0xBD, 0xDF, 0x81, 0x72, 0xB0, 0x00, 0x00, 0x5F, 0xDB, 0x38, 0x18,
	0x18, 0xE0, 0x20, 0x00, 0x00, 0x65, 0xC9, 0x69, 0x03, 0xFF, 0xFF, 0xFF,
	0xFF, 0xFF, 0xE3, 0xFF, 0xF1, 0xFF, 0x80, 0x00, 0x00, 0x00, 0x00, 0x00,
	0x00, 0x02, 0xAC, 0x18, 0xFF, 0xF5, 0xFE, 0x03, 0xE6, 0x70, 0x00, 0x07,
	0xFB, 0xFD, 0xA8, 0x0C, 0x38, 0xA0, 0x00, 0x00, 0x00, 0x2F, 0xAE, 0x62,
	0x01, 0xFF, 0xFF, 0xFF, 0xFF, 0xFF, 0xE5, 0xF8, 0x10, 0x3F, 0x00, 0x00,
	0x00, 0x00, 0x00, 0x00, 0x00, 0x03, 0x22, 0x6E, 0xFF, 0x7D, 0xFC, 0x01,
	0xE6, 0x60, 0x00, 0x07, 0xF9, 0xFA, 0x08, 0x18, 0xFC, 0x80, 0xC0, 0x00,
	0x1E, 0x0F, 0xF3, 0xEB, 0x01, 0xFF, 0xFF, 0xFF, 0xFF, 0xD7, 0xF3, 0xE0,
	0x00, 0x3F, 0xC0, 0x00, 0x00, 0x00, 0x00, 0x00, 0x00, 0x00, 0x7F, 0xB2,
	0xFF, 0xF7, 0xED, 0x03, 0x84, 0x00, 0x00, 0x0C, 0x77, 0xAE, 0x80, 0x18,
	0xFC, 0x70, 0x00, 0x02, 0x2D, 0x07, 0x4F, 0x9E, 0x01, 0xFF, 0xFF, 0xFF,
	0xFF, 0x07, 0xE2, 0xCF, 0x0C, 0x3F, 0xC0, 0x00, 0x00, 0x00, 0x00, 0x00,
	0x00, 0x7F, 0xB0, 0x58, 0xFF, 0xFC, 0xD8, 0x02, 0x01, 0x00, 0x01, 0x0F,
	0xE7, 0xD8, 0x30, 0x80, 0x00, 0x10, 0x28, 0x0D, 0x30, 0x8D, 0x63, 0x4F,
	0x00, 0xFF, 0xFF, 0xFF, 0xFD, 0x3F, 0xF1, 0xBF, 0xFF, 0xFF, 0xE0, 0x00,
	0x00, 0x00, 0x00, 0x00, 0x00, 0x04, 0x25, 0xA4, 0xFF, 0xEF, 0xDE, 0xAB,
	0x8C, 0x20, 0x00, 0x0C, 0xDB, 0xC0, 0x01, 0xA6, 0x30, 0x08, 0xB4, 0x00,
	0x5F, 0x3F, 0xB0, 0x5D, 0x00, 0xFF, 0xFF, 0xFF, 0xFE, 0xFF, 0xF0, 0xFF,
	0xFF, 0xFF, 0xF0, 0x00, 0x00, 0x00, 0x00, 0x00, 0x00, 0x14, 0xAD, 0x78,
	0x7F, 0xF5, 0xF8, 0x83, 0xC4, 0x00, 0x00, 0x03, 0xF3, 0xE2, 0x80, 0x3F,
	0x22, 0x40, 0x1F, 0x80, 0x17, 0xE7, 0xF2, 0xAF, 0x00, 0x7F, 0xFF, 0xFF,
	0xFE, 0x07, 0xF0, 0x7F, 0xFF, 0xFF, 0xE0, 0x00, 0x00, 0x00, 0x00, 0x00,
	0x00, 0x18, 0x51, 0x27, 0x7F, 0xFC, 0xF0, 0x99, 0x00, 0x04, 0x00, 0x60,
	0xA2, 0x32, 0x06, 0x32, 0xC4, 0x40, 0x1E, 0x80, 0x15, 0xCF, 0xFD, 0x7F,
	0x00, 0x7F, 0xFF, 0xFC, 0xFE, 0x3F, 0xF8, 0x3F, 0xFF, 0xF7, 0xF8, 0x00,
	0x00, 0x00, 0x00, 0x00, 0x00, 0x0C, 0x73, 0x56, 0xDF, 0xFF, 0xEF, 0x5A,
	0x00, 0x04, 0x00, 0x7C, 0xF8, 0x61, 0x05, 0x07, 0xE1, 0xA0, 0x0B, 0x00,
	0x0B, 0xF8, 0xFC, 0x17, 0x00, 0x0B, 0x7E, 0xFF, 0xFC, 0x1F, 0xF8, 0x3F,
	0xFF, 0xFF, 0xF8, 0x00, 0x00, 0x00, 0x00, 0x00, 0x00, 0x79, 0xE6, 0x66,
	0x95, 0xFF, 0xF0, 0x18, 0x08, 0x04, 0x00, 0x3E, 0x78, 0x40, 0x0D, 0xAF,
	0xE1, 0x80, 0x98, 0x20, 0x18, 0x7E, 0xFC, 0x1B, 0x40, 0x0B, 0x7C, 0x7F,
	0xFF, 0x3F, 0xF8, 0x1F, 0xFF, 0xFF, 0xF8, 0x00, 0x00, 0x00, 0x00, 0x00,
	0x00, 0x7B, 0x8F, 0xE7, 0xBF, 0x69, 0x1B, 0xC9, 0x81, 0x40, 0x00, 0x3B,
	0xFC, 0x44, 0x14, 0x0B, 0xA0, 0x40, 0x7A, 0x08, 0x27, 0x3B, 0xEC, 0x7F,
	0x40, 0x03, 0x5E, 0x3F, 0xFF, 0xFF, 0xE8, 0x0F, 0xFF, 0xFF, 0xFE, 0x00,
	0x00, 0x00, 0x00, 0x00, 0x00, 0x0A, 0x01, 0x5F, 0xB7, 0xFF, 0xBF, 0x4D,
	0x87, 0x02, 0x00, 0x3D, 0xBD, 0x8C, 0x12, 0x0F, 0x24, 0x44, 0x7C, 0x00,
	0x7D, 0xDB, 0xD0, 0xFA, 0x80, 0x03, 0x3E, 0x1F, 0xFF, 0xFF, 0xEC, 0x07,
	0xFF, 0xFF, 0xFE, 0x00, 0xF8, 0x00, 0x00, 0x00, 0x03, 0x40, 0x52, 0xBF,
	0xB7, 0x3F, 0xAD, 0x0D, 0x40, 0x00, 0x00, 0x03, 0xEE, 0x9E, 0x1F, 0x83,
	0x40, 0x74, 0x4B, 0x00, 0x4B, 0x93, 0xA9, 0xCF, 0x00, 0x03, 0x1E, 0x1F,
	0xFF, 0xFF, 0xF0, 0x47, 0xFF, 0xFF, 0xBF, 0x00, 0xF8, 0x00, 0x00, 0x00,
	0x03, 0xA1, 0xA5, 0x87, 0x1F, 0xFF, 0x8D, 0xFE, 0x40, 0x00, 0x00, 0x51,
	0x7A, 0x8F, 0x2B, 0xCF, 0xC8, 0xC1, 0xCE, 0x02, 0x77, 0x73, 0xFF, 0xDE,
	0x00, 0x00, 0x3A, 0x3F, 0xFF, 0xFF, 0xFC, 0x23, 0xFF, 0x7F, 0xFE, 0x19,
	0xFC, 0x00, 0x00, 0x00, 0x07, 0xF0, 0xFF, 0xA5, 0xFC, 0xFE, 0x83, 0xFC,
	0xC0, 0x00, 0x00, 0x1F, 0xFF, 0x77, 0x9B, 0xC7, 0xF8, 0x8A, 0x3D, 0xA0,
	0x3D, 0x8F, 0xCF, 0xEF, 0x00, 0x00, 0x31, 0x9F, 0xFB, 0xFB, 0xFE, 0x11,
	0xFF, 0xFF, 0xBF, 0xA3, 0xFF, 0x00, 0x00, 0x00, 0x02, 0x61, 0x21, 0x3F,
	0xF7, 0xFC, 0x3F, 0xF8, 0x30, 0x01, 0x00, 0x05, 0xFD, 0x72, 0xA8, 0xC7,
	0xF8, 0x08, 0x6F, 0xE0, 0x3E, 0xFF, 0xE7, 0xFF, 0x00, 0x00, 0x31, 0xCF,
	0xF9, 0xFF, 0xFC, 0x18, 0xFF, 0xFF, 0xFF, 0x03, 0xFF, 0x80, 0x00, 0x00,
	0x01, 0x5D, 0xCD, 0x9F, 0xE7, 0xA5, 0xA0, 0xFC, 0x00, 0x00, 0x00, 0x03,
	0xFF, 0xE1, 0x83, 0x81, 0xF8, 0x00, 0x57, 0x00, 0x0F, 0x57, 0xF7, 0xF2,
	0x00, 0x00, 0x30, 0x2F, 0xF9, 0xFF, 0xFC, 0x08, 0x7F, 0xFF, 0xFF, 0x83,
	0x97, 0x80, 0x00, 0x00, 0x02, 0xE4, 0x17, 0xDF, 0x89, 0xFB, 0x95, 0xD2,
	0x30, 0x00, 0x00, 0x0C, 0xFD, 0x0D, 0x03, 0xB8, 0xF8, 0x40, 0x0D, 0x8A,
	0x07, 0x97, 0xE6, 0xFB, 0x00, 0x00, 0x10, 0x0E, 0xFC, 0xFF, 0xFE, 0x08,
	0x7F, 0xFF, 0xFF, 0xC3, 0x9F, 0xA0, 0x00, 0x00, 0x01, 0xAF, 0x77, 0xC6,
	0x9D, 0xF9, 0x3F, 0x7C, 0x10, 0x00, 0x01, 0xFD, 0x7C, 0x4C, 0x83, 0xE2,
	0xF8, 0x60, 0x8F, 0xC0, 0x0C, 0xEF, 0xDE, 0xE7, 0x00, 0x00, 0x00, 0x00,
	0xFC, 0x77, 0xFF, 0x06, 0x3F, 0xFF, 0xFF, 0xC0, 0x1F, 0xF8, 0x00, 0x00,
	0x03, 0x49, 0x19, 0xBF, 0xFE, 0x1C, 0x0F, 0x7B, 0xF8, 0x00, 0x01, 0xFF,
	0x7A, 0xE8, 0x87, 0x00, 0xF8, 0x60, 0x8D, 0xC0, 0x09, 0x8F, 0xAF, 0xE7,
	0x00, 0x00, 0x00, 0x00, 0x3F, 0x3F, 0xE3, 0x06, 0x3F, 0xFF, 0xFF, 0xE0,
	0x27, 0x70, 0x00, 0x00, 0x02, 0x30, 0x65, 0xBB, 0xB8, 0xEF, 0x1C, 0xDF,
	0xE8, 0x00, 0x01, 0xFB, 0x70, 0xF2, 0x08, 0x00, 0xF8, 0x40, 0x87, 0x80,
	0x0C, 0xEF, 0x36, 0xFD, 0x00, 0x00, 0x00, 0x00, 0x16, 0xDF, 0xC1, 0x03,
	0x1F, 0xFF, 0xFF, 0xE0, 0xFB, 0xFC, 0x00, 0x00, 0x03, 0x6E, 0xED, 0xE7,
	0xF3, 0x3F, 0x5C, 0xFE, 0x5A, 0x00, 0x01, 0xEE, 0x70, 0x7E, 0x60, 0x20,
	0xF8, 0x51, 0x47, 0xC0, 0xFD, 0xBE, 0xF9, 0x66, 0x01, 0x00, 0x00, 0x00,
	0x02, 0xEF, 0xF0, 0x03, 0x8F, 0xFF, 0xFF, 0xFF, 0xFF, 0xF8, 0x00, 0x00,
	0x04, 0x6D, 0x05, 0xDD, 0x6F, 0xFF, 0x96, 0x13, 0x79, 0x80, 0x01, 0x3B,
	0xFF, 0xD8, 0x72, 0x84, 0x78, 0x70, 0x1A, 0x8F, 0xB8, 0xE4, 0x57, 0xEF,
	0x01, 0x00, 0x00, 0x00, 0x02, 0x3F, 0xFC, 0x05, 0x87, 0xFF, 0xFF, 0xFF,
	0xBF, 0x3E, 0x00, 0x00, 0x00, 0x16, 0x28, 0x71, 0xEB, 0xFC, 0xFB, 0xFE,
	0x1F, 0xC0, 0x00, 0xEE, 0x9F, 0xF8, 0xBF, 0xB0, 0x78, 0x70, 0xC0, 0x3A,
	0x7F, 0xCF, 0xEE, 0x7F, 0x00, 0x00, 0x00, 0x00, 0x00, 0x07, 0xFE, 0x40,
	0xC3, 0xFF, 0xFF, 0xFF, 0xFF, 0xBF, 0x00, 0x00, 0x00, 0x00, 0x10, 0xCF,
	0x7F, 0xC5, 0xF4, 0xFF, 0x2F, 0xC0, 0x00, 0x7F, 0xC9, 0x3B, 0xBB, 0xA2,
	0xF8, 0x70, 0xC0, 0x6B, 0x6A, 0xFF, 0xEF, 0xF7, 0x01, 0x00, 0x00, 0x00,
	0x00, 0x01, 0xF2, 0xE0, 0xE3, 0xFF, 0xFC, 0xFF, 0xFF, 0xFF, 0x80, 0x00,
	0x02, 0x13, 0x49, 0xA3, 0xFF, 0x37, 0xE7, 0xFC, 0x5A, 0x00, 0x00, 0x03,
	0xFF, 0x97, 0x7F, 0xEE, 0xF8, 0x71, 0x81, 0x44, 0x1F, 0x75, 0x7F, 0x66,
	0x00, 0x20, 0x00, 0x00, 0x00, 0x00, 0xFC, 0x70, 0xE3, 0xFF, 0xFF, 0xFD,
	0xFF, 0xFF, 0x80, 0x01, 0x80, 0x06, 0x04, 0x83, 0xF6, 0x7B, 0xF6, 0xFC,
	0x1E, 0x52, 0x48, 0x03, 0xFF, 0xA7, 0x9E, 0x3E, 0x68, 0x78, 0x01, 0x84,
	0x1F, 0x7E, 0xFB, 0x1E, 0x00, 0x00, 0x00, 0x00, 0x00, 0x00, 0x6E, 0x00,
	0x7B, 0xFF, 0xFF, 0xFF, 0x7D, 0xDF, 0xC0, 0x01, 0xE0, 0x80, 0x01, 0x4F,
	0xCD, 0xFD, 0xF0, 0xFC, 0x1E, 0x08, 0x18, 0x1D, 0xFF, 0xB6, 0x90, 0x06,
	0x2C, 0x79, 0x06, 0x64, 0x63, 0x1E, 0xFD, 0x9F, 0x00, 0x00, 0x00, 0x00,
	0x00, 0x00, 0x02, 0x20, 0xEB, 0xFF, 0xFF, 0xFF, 0x1F, 0xFF, 0xC0, 0x01,
	0xE6, 0xA0, 0x00, 0x1E, 0xBC, 0xF3, 0x91, 0xFC, 0x05, 0x80, 0x1B, 0x1D,
	0xFE, 0x79, 0x80, 0x9E, 0x2C, 0x78, 0x1C, 0x20, 0xDF, 0xEB, 0x8A, 0x04,
	0x00, 0x00, 0x00, 0x00, 0x00, 0x00, 0x00, 0x38, 0x13, 0xFF, 0xFF, 0xFF,
	0xBF, 0xFB, 0xF0, 0x01, 0xF0, 0x20, 0x4C, 0x7F, 0x8D, 0xE6, 0xE5, 0xFE,
	0x42, 0x80, 0x07, 0x3F, 0xF1, 0x0E, 0x10, 0xFE, 0x2C, 0x78, 0x10, 0x40,
	0x3F, 0xD7, 0x5A, 0xF6, 0x00, 0x00, 0x00, 0x00, 0x00, 0x00, 0x00, 0x08,
	0x1B, 0xC3, 0xFF, 0xFF, 0xFF, 0xFF, 0xF8, 0x01, 0xE4, 0x20, 0x13, 0x77,
	0xF1, 0xB6, 0x20, 0xFC, 0x06, 0x00, 0x03, 0x93, 0xFC, 0xD9, 0x00, 0x33,
	0x6C, 0x79, 0x0F, 0x00, 0x7D, 0xDF, 0xF9, 0xCE, 0x00, 0x00, 0x00, 0x00,
	0x00, 0x00, 0x00, 0x05, 0x17, 0xC3, 0xFF, 0xFF, 0xEF, 0xFF, 0xFE, 0x0F,
	0xE1, 0x86, 0x0B, 0xE9, 0x35, 0xF0, 0x00, 0xFE, 0x06, 0x00, 0x01, 0x7D,
	0xDF, 0xE7, 0x00, 0x21, 0xCC, 0x78, 0x45, 0x60, 0x77, 0xDE, 0x39, 0x83,
	0x80, 0x00, 0x00, 0x00, 0x00, 0x00, 0x00, 0x05, 0x9F, 0xC1, 0xFF, 0xFC,
	0xD3, 0xFF, 0xFD, 0xFF, 0xE1, 0xCD, 0x6D, 0x6D, 0x6C, 0xFA, 0x00, 0xFE,
	0x06, 0x00, 0x03, 0x30, 0xFE, 0xB6, 0x80, 0x21, 0x4C, 0x58, 0xC6, 0x20,
	0x0C, 0x7F, 0xFB, 0x01, 0x80, 0x00, 0x00, 0x00, 0x00, 0x00, 0x00, 0x00,
	0xFF, 0xBD, 0xFF, 0xFF, 0xFF, 0xFF, 0xFE, 0xFF, 0xC1, 0x16, 0xA1, 0xFD,
	0xFF, 0x58, 0x23, 0xFE, 0x0F, 0x00, 0x03, 0xF9, 0x9F, 0xFE, 0x00, 0x02,
	0xC4, 0x59, 0x91, 0x00, 0x5C, 0xD6, 0xFF, 0xC0, 0x84, 0x00, 0x00, 0x00,
	0x00, 0x00, 0x00, 0x00, 0x3F, 0xFC, 0xFF, 0xFF, 0xFF, 0xFF, 0xFF, 0x7F,
	0xF2, 0x26, 0x0F, 0xC7, 0x7F, 0x82, 0x23, 0xFC, 0x0E, 0x04, 0x03, 0xFA,
	0xFB, 0xBD, 0x80, 0x00, 0x24, 0x5C, 0x1F, 0x01, 0xD8, 0xE7, 0x5A, 0x00,
	0xEC, 0x00, 0x00, 0x00, 0x00, 0x00, 0x00, 0x00, 0x3B, 0xF8, 0x7F, 0xFF,
	0xFF, 0xFF, 0xFF, 0xE3, 0xFC, 0xCF, 0xCE, 0x7E, 0x5F, 0x00, 0x31, 0xFC,
	0x0E, 0x00, 0x01, 0x9F, 0xDF, 0xFF, 0xC0, 0x00, 0x04, 0x78, 0x1D, 0x02,
	0xF4, 0xF7, 0x5A, 0x01, 0xE8, 0x04, 0x00, 0x00, 0x00, 0x00, 0x00, 0x00,
	0x1E, 0xD8, 0x7F, 0xFF, 0xFF, 0xDF, 0xFF, 0xFE, 0x18, 0x9E, 0xC4, 0xFB,
	0xCC, 0x38, 0xAF, 0xFD, 0x87, 0x41, 0x81, 0xDF, 0xFD, 0x7E, 0x20, 0x02,
	0xA4, 0x0B, 0x00, 0x01, 0xFF, 0xE5, 0x38, 0x03, 0xEA, 0x00, 0x00, 0x00,
	0x00, 0x00, 0x00, 0x00, 0x01, 0xF0, 0x7B, 0xAF, 0xF5, 0xF0, 0x3F, 0xFF,
	0xBB, 0xA6, 0x03, 0x7E, 0xF0, 0x98, 0x7D, 0xFC, 0xD5, 0x01, 0xC0, 0xEE,
	0xDC, 0x9C, 0x88, 0x42, 0x34, 0x4F, 0x9E, 0x26, 0xFC, 0x18, 0x3C, 0x00,
	0xE8, 0xC0, 0x00, 0x00, 0x00, 0x00, 0x00, 0x00, 0x00, 0xD0, 0x1F, 0xF7,
	0xB7, 0xF0, 0x1F, 0xFE, 0x7F, 0x8F, 0xF1, 0x99, 0x43, 0xE1, 0x2F, 0xFE,
	0x0F, 0x00, 0xE0, 0x3C, 0xD6, 0xB1, 0xF8, 0x02, 0x06, 0x47, 0xDA, 0x7E,
	0x7C, 0xE4, 0xD0, 0x0D, 0xEE, 0xC1, 0x00, 0x00, 0x00, 0x00, 0x00, 0x00,
	0x00, 0x7C, 0x27, 0xD5, 0xA3, 0xF6, 0x3F, 0x3F, 0xFF, 0x2F, 0xD7, 0xFD,
	0xE7, 0xF1, 0x3B, 0xFE, 0x3F, 0x00, 0x6D, 0xB7, 0xD6, 0x3D, 0x04, 0x00,
	0x04, 0x56, 0xEE, 0xB4, 0xAD, 0xF9, 0xB0, 0x3C, 0xEF, 0x9A, 0x00, 0x00,
	0x00, 0x00, 0x00, 0x00, 0x00, 0x3D, 0x1F, 0x8F, 0xA3, 0xF0, 0x7E, 0x1F,
	0xFF, 0x8E, 0x91, 0xFE, 0x9F, 0xE0, 0x23, 0xFE, 0x1F, 0x00, 0x2F, 0xB7,
	0xE7, 0x1A, 0x0A, 0x02, 0x06, 0x5F, 0x91, 0xDC, 0xFF, 0xF7, 0xCB, 0x1D,
	0xEF, 0x9E, 0x00, 0x00, 0x00, 0x00, 0x00, 0x00, 0x00, 0x3C, 0x17, 0xBD,
	0xBB, 0xF8, 0x3E, 0x03, 0xFF, 0x86, 0xFF, 0xFF, 0xEB, 0xD5, 0x27, 0xFE,
	0x04, 0x00, 0x3C, 0xF9, 0xE4, 0x12, 0x3E, 0x04, 0x26, 0x1F, 0xFF, 0xD4,
	0xF2, 0x6C, 0x9B, 0x04, 0xE7, 0xFA, 0xC0, 0x00, 0x00, 0x00, 0x00, 0x00,
	0x00, 0x18, 0x07, 0x9F, 0xB9, 0x88, 0x7E, 0x13, 0xFE, 0x5E, 0x7F, 0xF3,
	0xDC, 0x9F, 0x1C, 0xFC, 0x6F, 0x80, 0x3B, 0x05, 0xFF, 0xFD, 0xEC, 0x06,
	0x24, 0x4E, 0xFB, 0xF6, 0x77, 0xB8, 0x78, 0xC8, 0xE7, 0xF9, 0xE0, 0x00,
	0x00, 0x00, 0x00, 0x00, 0x00, 0x18, 0x07, 0xFF, 0xF9, 0xF4, 0x7F, 0xC1,
	0xBF, 0x0E, 0xCF, 0xBB, 0xD1, 0x3E, 0x3F, 0xFC, 0xFF, 0x80, 0x03, 0xEE,
	0x45, 0xE1, 0x1E, 0x82, 0x34, 0x5F, 0x3E, 0xAA, 0x6F, 0xFB, 0x72, 0x47,
	0xC7, 0xF8, 0xE0, 0x00, 0x00, 0x00, 0x00, 0x00, 0x00, 0x10, 0x07, 0xFF,
	0xF8, 0x4E, 0xBF, 0xE0, 0x20, 0x0E, 0x5F, 0x87, 0xC3, 0x78, 0x22, 0xFC,
	0x0A, 0x00, 0x01, 0xFD, 0xC3, 0x93, 0x97, 0x40, 0x26, 0x4F, 0xF7, 0x93,
	0xF3, 0xF7, 0x60, 0xE4, 0xEF, 0xF9, 0xE4, 0x00, 0x00, 0x00, 0x00, 0x00,
	0x00, 0x00, 0x07, 0xFF, 0xFB, 0x8F, 0xDF, 0xEE, 0x70, 0x1F, 0xFF, 0xEF,
	0xF9, 0x76, 0x27, 0xFC, 0xBC, 0x00, 0x07, 0xFF, 0xBF, 0xEF, 0xCE, 0x06,
	0x06, 0x4F, 0xFD, 0xFE, 0xFE, 0x7E, 0x79, 0x07, 0xCF, 0xF9, 0xC8, 0x40,
	0x00, 0x00, 0x00, 0x00, 0x00, 0x00, 0x02, 0xFF, 0xFD, 0xC7, 0xAF, 0xCF,
	0x39, 0xDF, 0xFF, 0x3F, 0x71, 0x6E, 0x00, 0xFE, 0x7F, 0x03, 0x07, 0x76,
	0x78, 0xDB, 0xA8, 0x4E, 0xA6, 0x4F, 0x51, 0xDE, 0xAB, 0x3D, 0x90, 0x0D,
	0x7F, 0xFB, 0xCC, 0x80, 0x00, 0x00, 0x00, 0x00, 0x00, 0x00, 0x00, 0x76,
	0xFE, 0x73, 0x07, 0xDF, 0xC2, 0x5F, 0xF8, 0xB7, 0xBD, 0x04, 0x00, 0xDC,
	0x3E, 0x00, 0x40, 0x0C, 0x03, 0xFF, 0x3C, 0x7E, 0x86, 0x5E, 0x42, 0x9F,
	0x6B, 0xBC, 0x80, 0x1F, 0x4F, 0xFF, 0x9C, 0x10, 0x00, 0x00, 0x00, 0x00,
	0x00, 0x00, 0x0C, 0x4F, 0xFE, 0x38, 0x25, 0xDF, 0xB4, 0x33, 0xE9, 0x75,
	0xF5, 0x37, 0x83, 0xDE, 0x3E, 0x00, 0x00, 0x00, 0xE0, 0x7D, 0x9F, 0xB6,
	0x42, 0x47, 0x34, 0x75, 0x8D, 0xFD, 0xE0, 0x2F, 0x87, 0xFF, 0x9F, 0x00,
	0x00, 0x00, 0x00, 0x00, 0x00, 0x00, 0x00, 0x0F, 0xFD, 0x8E, 0x23, 0xBF,
	0x10, 0xDF, 0xFE, 0x7F, 0xC8, 0x63, 0x13, 0xDD, 0x01, 0x00, 0x70, 0x71,
	0x07, 0x7B, 0x03, 0xC3, 0xC2, 0x4F, 0x60, 0xE1, 0x7F, 0x4D, 0x44, 0x0A,
	0xF1, 0xFF, 0xFF, 0x30, 0x10, 0x00, 0x00, 0x00, 0x00, 0x00, 0x02, 0x2F,
	0xFD, 0xC0, 0xEE, 0x1F, 0xE0, 0x8C, 0xDF, 0x5B, 0x1F, 0x20, 0x17, 0xEF,
	0xE8, 0x00, 0xAF, 0xD4, 0x04, 0x05, 0x87, 0x7F, 0x42, 0x4D, 0x83, 0x4D,
	0x1D, 0x61, 0x04, 0xA2, 0xE3, 0xFF, 0x9F, 0xA4, 0x50, 0x00, 0x00, 0x00,
	0x00, 0x00, 0x60, 0xFF, 0xF8, 0xE9, 0x08, 0x13, 0x7E, 0xC3, 0x4D, 0xDE,
	0x57, 0xEC, 0x91, 0xEF, 0x74, 0x00, 0x37, 0x3A, 0x06, 0x05, 0xC0, 0x4E,
	0x82, 0xCF, 0xE5, 0x0B, 0x68, 0xCD, 0x40, 0xE3, 0x5F, 0xFF, 0xBF, 0xB0,
	0xA0, 0x00, 0x00, 0x00, 0x00, 0x00, 0x23, 0x8F, 0xB8, 0x73, 0xAF, 0x00,
	0x00, 0x86, 0x5F, 0xE4, 0xDA, 0x87, 0xB1, 0xEF, 0x0E, 0xC0, 0x3F, 0xCE,
	0x66, 0x0B, 0xF1, 0xEF, 0x82, 0xCF, 0xFE, 0xC1, 0x71, 0xE9, 0xC0, 0x9B,
	0xFE, 0x7F, 0xBF, 0xF7, 0x10, 0x00, 0x00, 0x00, 0x00, 0x00, 0x00, 0x07,
	0x0E, 0xFD, 0xFF, 0x84, 0x08, 0x96, 0xBF, 0xFF, 0xFB, 0x67, 0x75, 0xCF,
	0xF8, 0x40, 0x2D, 0x1E, 0x5B, 0x1B, 0xEE, 0x7F, 0x82, 0xC7, 0x9F, 0xC0,
	0x30, 0x61, 0x71, 0x8D, 0x37, 0x93, 0xFF, 0xE4, 0xE8, 0x00, 0x00, 0x00,
	0x00, 0x00, 0x00, 0x03, 0x0D, 0xBE, 0xFF, 0xE0, 0x41, 0x8F, 0xEF, 0xA7,
	0xBD, 0xEF, 0xD9, 0xCF, 0xFB, 0x00, 0x7D, 0x9F, 0xD3, 0x17, 0xFF, 0x7F,
	0x02, 0x4F, 0x97, 0x80, 0x5A, 0x30, 0x11, 0x9E, 0x8F, 0x81, 0x7F, 0xFF,
	0xCC, 0x40, 0x00, 0x00, 0x00, 0x00, 0x00, 0x00, 0x0F, 0xFF, 0xFD, 0xF0,
	0x10, 0x2F, 0xFD, 0xE3, 0x34, 0xF4, 0x0F, 0xD9, 0xFE, 0x0C, 0xC3, 0x78,
	0x34, 0x9F, 0xFF, 0xBC, 0x82, 0xCF, 0x00, 0x40, 0x0B, 0xF5, 0x9B, 0xD2,
	0x9D, 0xD8, 0x7F, 0xF7, 0xC2, 0x40, 0x00, 0x00, 0x00, 0x00, 0x00, 0x00,
	0x0E, 0xFF, 0x1F, 0xFC, 0x37, 0xCF, 0xFF, 0xC9, 0xB4, 0xE1, 0x25, 0xDF,
	0x89, 0x88, 0x06, 0xAE, 0x14, 0x5F, 0x5E, 0xDD, 0x00, 0xCF, 0xC0, 0x00,
	0x8F, 0x59, 0x5B, 0x5B, 0x5F, 0xFF, 0x7F, 0xFF, 0xCC, 0xC0, 0x00, 0x00,
	0x00, 0x00, 0x03, 0xC0, 0x1E, 0xFF, 0xE7, 0xFE, 0x8C, 0xFF, 0xFF, 0xD8,
	0xFB, 0xB0, 0x06, 0xC7, 0xCE, 0x8C, 0x01, 0xCD, 0x10, 0x1F, 0xF9, 0x98,
	0x00, 0xCF, 0x38, 0x00, 0x8C, 0x6D, 0xED, 0x7C, 0x51, 0xFF, 0x3F, 0xFF,
	0xCD, 0xC0, 0x00, 0x00, 0x00, 0x00, 0x03, 0xE0, 0x7C, 0x7E, 0xDF, 0xFF,
	0x92, 0xEF, 0xAE, 0x00, 0x3F, 0xF0, 0x08, 0xC7, 0x30, 0x00, 0x05, 0xCD,
	0x40, 0x16, 0xDF, 0xDF, 0x08, 0xCF, 0x3B, 0x00, 0x0F, 0x7D, 0x4E, 0x7F,
	0xF9, 0xAF, 0xDF, 0xFF, 0x8F, 0xA8, 0x00, 0x00, 0x00, 0x00, 0x00, 0x00,
	0x7E, 0x37, 0x9F, 0xFE, 0x25, 0xAF, 0xE2, 0x72, 0xB9, 0xBA, 0x10, 0xC2,
	0x1B, 0xC0, 0x00, 0x17, 0x50, 0x1D, 0xD3, 0x7F, 0x8D, 0xC7, 0x0F, 0x00,
	0x1B, 0xE0, 0x6E, 0xFF, 0xFA, 0xBF, 0xEF, 0xFF, 0xEF, 0xCC, 0x00, 0x00,
	0x00, 0x00, 0x00, 0x10, 0xF8, 0x18, 0xFF, 0xFE, 0x44, 0xCF, 0x68, 0x40,
	0xFF, 0x09, 0x98, 0xCD, 0xE0, 0xC0, 0x01, 0x8F, 0x00, 0x9E, 0x47, 0xFE,
	0x09, 0xCF, 0x9F, 0xC0, 0x1E, 0x40, 0x46, 0x7D, 0xFF, 0xDF, 0xBB, 0xFF,
	0x9F, 0xFC, 0x00, 0x00, 0x00, 0x00, 0x00, 0x00, 0xD0, 0x1F, 0x4F, 0xFE,
	0x77, 0x0F, 0xF3, 0xC4, 0xF3, 0x19, 0x18, 0x8F, 0x94, 0x0C, 0x03, 0x94,
	0x7F, 0x8B, 0x62, 0x2F, 0x09, 0xA3, 0xFA, 0x40, 0x15, 0xAE, 0x01, 0xEF,
	0x9B, 0xBE, 0xEF, 0xFF, 0x8F, 0xFC, 0x00, 0x00, 0x00, 0x00, 0x00, 0x00,
	0x70, 0x0F, 0xE7, 0xC0, 0x6C, 0x1B, 0xCF, 0x25, 0x67, 0x0F, 0x90, 0x86,
	0x2B, 0x88, 0x01, 0x11, 0x3D, 0x87, 0xDF, 0xFD, 0x09, 0xFF, 0x7E, 0x01,
	0xE6, 0xCF, 0x03, 0x78, 0xFF, 0xF3, 0xBF, 0x7F, 0x9F, 0xFF, 0x20, 0x00,
	0x00, 0x00, 0x00, 0x00, 0x2C, 0x17, 0xF3, 0xE0, 0x83, 0x57, 0x3C, 0xF4,
	0xD8, 0x0E, 0x01, 0x66, 0xCA, 0x18, 0x01, 0xD3, 0xBF, 0x8D, 0xFE, 0xDD,
	0x08, 0x40, 0xA9, 0x5F, 0xE7, 0xB9, 0x03, 0xFB, 0x7E, 0xFE, 0x9F, 0x5F,
	0x9F, 0xFF, 0x20, 0x00, 0x00, 0x00, 0x00, 0x00, 0x1C, 0x04, 0xFF, 0x8A,
	0x78, 0x54, 0xFF, 0xFD, 0xDE, 0x4E, 0x39, 0xE6, 0xB8, 0x00, 0x00, 0x01,
	0xB5, 0xB4, 0xC6, 0xDB, 0x00, 0x4F, 0x18, 0x01, 0xDE, 0xC7, 0x83, 0x1E,
	0xD7, 0xF9, 0xEA, 0xFF, 0xCF, 0xFF, 0xAA, 0x00, 0x00, 0x00, 0x00, 0x00,
	0x10, 0x00, 0xFF, 0xFE, 0xFF, 0xAB, 0xBE, 0xFD, 0x6E, 0x6E, 0x19, 0xA1,
	0x88, 0x00, 0x00, 0x65, 0x7D, 0xBF, 0xFF, 0x41, 0x21, 0x8C, 0x00, 0x00,
	0xFF, 0xE7, 0xCB, 0x8B, 0xF6, 0xED, 0xE3, 0xF7, 0xCF, 0xFF, 0xEA, 0x80,
	0x00, 0x00, 0x00, 0x00, 0x10, 0x00, 0x7F, 0xF4, 0xE5, 0x0F, 0xBD, 0xFD,
	0xBF, 0xFC, 0x14, 0xA6, 0x1F, 0xFE, 0x00, 0x7F, 0xCE, 0x9B, 0xDE, 0x86,
	0x00, 0xC9, 0x00, 0x02, 0x33, 0xB7, 0xCF, 0xDF, 0x4C, 0xDF, 0xD6, 0x7D,
	0x8F, 0xFF, 0xF2, 0x80, 0x00, 0x00, 0x00, 0x00, 0x08, 0x00, 0x3F, 0xF0,
	0xD9, 0x5F, 0xFF, 0x73, 0xFF, 0xFE, 0x01, 0x7B, 0xE0, 0x14, 0x00, 0x0E,
	0x34, 0xC3, 0xD4, 0x50, 0x00, 0x3F, 0x81, 0x8C, 0x0B, 0xEB, 0x89, 0xB7,
	0xE6, 0xFF, 0x78, 0x37, 0x0F, 0xFF, 0xF3, 0xC0, 0x00, 0x00, 0x00, 0x00,
	0x14, 0x02, 0x03, 0xF1, 0x69, 0xDF, 0xFF, 0x93, 0xFF, 0xFF, 0x00, 0xA2,
	0x5A, 0x3D, 0x01, 0xD9, 0xBD, 0x1F, 0xE9, 0x82, 0x00, 0xDA, 0x00, 0xB7,
	0x9E, 0xEA, 0x00, 0xBE, 0xB3, 0x16, 0x5F, 0x1F, 0xD7, 0xFF, 0xFE, 0xE0,
	0x00, 0x00, 0x00, 0x00, 0x14, 0x06, 0x3F, 0xD5, 0xCD, 0x7F, 0xFF, 0x79,
	0x9F, 0x0F, 0x00, 0x7D, 0xE0, 0xFC, 0x11, 0x93, 0xBB, 0x77, 0xDD, 0xC7,
	0x88, 0x80, 0xFC, 0x0C, 0xB7, 0xEC, 0x05, 0xFF, 0x4F, 0x6E, 0xBA, 0x03,
	0xDF, 0xFF, 0xF3, 0x80, 0x00, 0x00, 0x00, 0x00, 0x18, 0x00, 0x3F, 0xCF,
	0xCB, 0xFF, 0xFF, 0xFE, 0x68, 0x6E, 0x08, 0x3C, 0xD2, 0x8A, 0x81, 0x87,
	0xD3, 0xCC, 0x3C, 0xDB, 0x01, 0x1F, 0x37, 0x7F, 0xAD, 0xF6, 0x00, 0x1C,
	0x1C, 0x5E, 0xEF, 0x06, 0xEF, 0xFF, 0xF8, 0x8C, 0x30, 0x00, 0x00, 0x00,
	0x08, 0x00, 0x3F, 0xCF, 0xA1, 0xBF, 0xB8, 0xBB, 0x84, 0xEF, 0x04, 0xFC,
	0x70, 0x0D, 0x8F, 0xAD, 0x60, 0x7E, 0xA6, 0x80, 0x03, 0xED, 0x5E, 0x7F,
	0xCF, 0xFC, 0x00, 0x1F, 0x37, 0xF2, 0x5F, 0xE1, 0xDD, 0xFF, 0xF2, 0xAE,
	0x18, 0x00, 0x00, 0x00, 0x08, 0x00, 0x1F, 0xCE, 0x0C, 0x7F, 0xF0, 0x12,
	0x0B, 0xDB, 0x33, 0xDF, 0xE4, 0x2B, 0x6B, 0xCD, 0xA2, 0x7B, 0xBF, 0x3A,
	0x33, 0x4F, 0x7F, 0x6E, 0xFF, 0xFA, 0x08, 0x1D, 0x03, 0xFF, 0xED, 0xE8,
	0x2D, 0x7F, 0xFF, 0x9E, 0x08, 0x08, 0x40, 0x00, 0x00, 0x70, 0x1F, 0xFE,
	0x67, 0x76, 0xDF, 0x7C, 0x3A, 0x73, 0x0A, 0xBF, 0x9F, 0x6C, 0x99, 0x5F,
	0xD2, 0xF5, 0x6E, 0x9B, 0x89, 0xF7, 0xF7, 0x2F, 0xDF, 0x9E, 0x00, 0x02,
	0x07, 0x73, 0xFF, 0x3B, 0xC7, 0x5F, 0xFF, 0x8E, 0x88, 0x08, 0x40, 0x00,
	0x00, 0x5C, 0x0F, 0xFC, 0x3F, 0x0F, 0xFB, 0xFC, 0x2F, 0xF9, 0x13, 0x47,
	0x15, 0xFC, 0x7F, 0xDA, 0xCF, 0x76, 0x5D, 0x87, 0xAF, 0xF3, 0xE3, 0x2B,
	0x07, 0x3E, 0x00, 0x29, 0x13, 0xC1, 0x5B, 0x3B, 0x13, 0xC7, 0xFF, 0xDE,
	0x8A, 0xC0, 0x40, 0x00, 0x00, 0x30, 0x07, 0xF8, 0x71, 0x1C, 0xFF, 0xFC,
	0x77, 0x41, 0x02, 0xC3, 0x3A, 0xF1, 0x0E, 0xF6, 0x38, 0x22, 0x3D, 0x24,
	0xE0, 0x08, 0xB7, 0xE6, 0x49, 0xBC, 0x00, 0x03, 0x21, 0xDF, 0x9E, 0x2F,
	0x34, 0x77, 0xFF, 0xFF, 0x0F, 0xC2, 0x40, 0x00, 0x00, 0x10, 0x07, 0xE8,
	0x39, 0x09, 0xFF, 0x8D, 0xEE, 0xC4, 0x8E, 0x8F, 0xF8, 0xFF, 0x5B, 0xB8,
	0x1F, 0x4E, 0x1F, 0x01, 0xF0, 0x07, 0x53, 0xFF, 0x7D, 0xAC, 0x00, 0x00,
	0xC1, 0x5F, 0xD3, 0xAE, 0x06, 0xD9, 0xFF, 0xDF, 0x3A, 0x40, 0x40, 0x00,
	0x00, 0x02, 0x93, 0x40, 0x31, 0xC1, 0xFE, 0xFF, 0xC7, 0xBD, 0xFD, 0x8E,
	0xCD, 0xFB, 0x9F, 0xF7, 0x6F, 0x96, 0x1F, 0x63, 0x70, 0xEE, 0x3D, 0x7B,
	0xB7, 0x9D, 0x00, 0x20, 0x61, 0x7C, 0xB9, 0xEC, 0xEF, 0x75, 0xFF, 0xBF,
	0xFC, 0x00, 0x48, 0x00, 0x00, 0x04, 0xDD, 0xFC, 0xA4, 0xDB, 0xFF, 0xFF,
	0xEB, 0xDE, 0xF5, 0xFF, 0xCB, 0xD6, 0x9E, 0xA0, 0x84, 0x62, 0xF8, 0x27,
	0xC9, 0xD9, 0xA8, 0xBD, 0xCE, 0x39, 0xC1, 0xF0, 0x60, 0xBB, 0x70, 0x1B,
	0xA0, 0x7B, 0xFF, 0xFF, 0xFE, 0x05, 0x50, 0x00, 0x00, 0x04, 0x6F, 0xFE,
	0x0D, 0x0F, 0xFF, 0xFF, 0xFD, 0x6C, 0x66, 0x5F, 0xF4, 0xBB, 0xF8, 0xFF,
	0xBB, 0xC9, 0x88, 0x01, 0x7E, 0x3D, 0xCF, 0xBF, 0xDF, 0xF8, 0xB0, 0xD0,
	0x00, 0x15, 0xBE, 0x15, 0xCE, 0x0E, 0x47, 0xFF, 0xBF, 0xA0, 0x70, 0x00,
	0x00, 0x00, 0x1E, 0xFF, 0x0F, 0x0F, 0xBF, 0xFB, 0xC8, 0xE7, 0x37, 0x3D,
	0xF5, 0xEA, 0xE5, 0xD0, 0xFB, 0xE9, 0x7D, 0x07, 0xFC, 0xFD, 0xBF, 0x4B,
	0xE7, 0xE7, 0x40, 0xF8, 0xC0, 0x87, 0xBD, 0x6E, 0xE8, 0x8F, 0xFF, 0x3F,
	0xFF, 0x8C, 0xF4, 0x24, 0x00, 0x00, 0x1F, 0xFF, 0x81, 0x9D, 0xFF, 0xDD,
	0x9D, 0xFC, 0x1F, 0x77, 0x91, 0xFF, 0x99, 0x8A, 0xF7, 0xB9, 0xEC, 0x9F,
	0x7F, 0xEF, 0x3E, 0x1E, 0x02, 0xDF, 0x20, 0x88, 0x05, 0x83, 0xFF, 0xF3,
	0x7D, 0xF1, 0xDC, 0x4F, 0xF7, 0xAF, 0xAE, 0x64, 0x00, 0x00, 0x07, 0xFF,
	0xFF, 0x9D, 0xF9, 0x7D, 0x95, 0x3C, 0x74, 0x13, 0x80, 0x97, 0xFE, 0xC7,
	0xDE, 0xF9, 0xFA, 0x4F, 0xC1, 0xF0, 0x90, 0xF3, 0xFB, 0xF5, 0xF4, 0xF8,
	0xE2, 0x81, 0x93, 0xFF, 0x7D, 0x3D, 0x7E, 0xE7, 0xFF, 0xAF, 0xF4, 0xA8,
	0x80, 0x00, 0x03, 0xFF, 0xF6, 0x0D, 0xE9, 0xDA, 0x0D, 0xDF, 0xD0, 0x34,
	0x3C, 0x7D, 0xED, 0x99, 0x77, 0xCF, 0xFF, 0xBF, 0xE7, 0x1B, 0xDE, 0x7A,
	0x9F, 0xF6, 0xF7, 0x7E, 0x01, 0x10, 0x70, 0xDE, 0xBF, 0xF7, 0xDF, 0xD5,
	0xFF, 0xCE, 0xE8, 0x20, 0x00, 0x00, 0x01, 0xFF, 0xFF, 0x8E, 0xEF, 0xFD,
	0xDB, 0xB3, 0xA0, 0xF5, 0x64, 0xD6, 0x3C, 0x50, 0x31, 0x71, 0x4C, 0x3C,
	0x18, 0xBD, 0xBE, 0x7C, 0xDA, 0x67, 0xFF, 0x7F, 0x02, 0x21, 0x3F, 0x0F,
	0xF5, 0xA1, 0xDF, 0xF0, 0x3F, 0xFF, 0xFC, 0x00, 0x00, 0x00, 0x00, 0x7F,
	0xFF, 0xEE, 0xFD, 0x7F, 0x9F, 0xF9, 0x81, 0xFB, 0xBF, 0xC8, 0x9D, 0x51,
	0x76, 0x33, 0x39, 0xA7, 0x41, 0x9E, 0x9B, 0xDF, 0x92, 0xFF, 0xBC, 0xDF,
	0x60, 0x2F, 0xC5, 0xCF, 0xDF, 0x5E, 0x2E, 0xF7, 0xB7, 0xF7, 0xEC, 0x0C,
	0x00, 0x00, 0x00, 0x27, 0xFF, 0xED, 0xD3, 0xB4, 0x06, 0xEE, 0xE2, 0x9B,
	0x42, 0xDF, 0x3C, 0x48, 0x0F, 0x3B, 0xBE, 0x7E, 0x41, 0x27, 0x37, 0xBD,
	0xBE, 0xFD, 0x7A, 0x53, 0x88, 0xC0, 0xF2, 0x1F, 0xFF, 0xFB, 0x93, 0xE7,
	0xE7, 0xEF, 0xFF, 0x00, 0x00, 0x00, 0x00, 0x01, 0xFF, 0xDF, 0xFF, 0xF7,
	0x05, 0x7F, 0xC3, 0xFF, 0x38, 0xDA, 0x04, 0xF2, 0x37, 0xF4, 0xAC, 0x7E,
	0x4C, 0xDB, 0xC5, 0x8F, 0xD9, 0xFB, 0xEF, 0xAF, 0x40, 0x18, 0x89, 0x16,
	0xF7, 0xFE, 0xDE, 0x7E, 0x6B, 0xFF, 0xFF, 0x8D, 0xC0, 0x00, 0x40, 0x00,
	0x7F, 0x9E, 0xFF, 0xF9, 0x0F, 0x61, 0xF6, 0xFD, 0xE7, 0x9F, 0x42, 0x22,
	0x90, 0xFC, 0x8B, 0xD6, 0xF4, 0x7A, 0xC7, 0x1B, 0x7F, 0x1F, 0x1D, 0xF7,
	0xF3, 0x00, 0x66, 0xCE, 0x38, 0xAF, 0x80, 0x7F, 0x34, 0xFF, 0xFF, 0xCB,
	0x00, 0x20, 0x80, 0x00, 0x6F, 0xB9, 0xBF, 0xA9, 0x1F, 0xB7, 0xCF, 0xD6,
	0xF5, 0x6D, 0x73, 0x61, 0x00, 0xEF, 0xBF, 0xB1, 0xFC, 0x6C, 0x16, 0xE4,
	0xED, 0xAF, 0x0E, 0xC3, 0x03, 0xD0, 0x08, 0x91, 0xBE, 0xFF, 0xE3, 0xF7,
	0xB8, 0xFF, 0xFF, 0xEF, 0x40, 0x20, 0x10, 0x00, 0x2C, 0xE5, 0xFB, 0xF8,
	0x35, 0xF7, 0xFF, 0xFE, 0xC7, 0xF6, 0xDC, 0x93, 0xE9, 0x9F, 0xAC, 0xE9,
	0x2C, 0x78, 0x2E, 0xCB, 0x7F, 0xFF, 0x6B, 0x5E, 0x04, 0xB6, 0x84, 0x99,
	0xCE, 0xF1, 0xEF, 0xBB, 0xF5, 0xFF, 0xFD, 0xCD, 0x3C, 0x78, 0x40, 0x00,
	0x08, 0x21, 0xB2, 0x5E, 0x20, 0xFF, 0x86, 0xF3, 0x3D, 0xB3, 0xC5, 0x56,
	0x1B, 0xFF, 0xF5, 0x7A, 0x7F, 0xC0, 0x47, 0xEF, 0x45, 0xAD, 0xFE, 0x98,
	0x04, 0x1C, 0xD4, 0x8F, 0xDA, 0xE7, 0xF1, 0x07, 0xE7, 0x3F, 0xFF, 0x99,
	0x4E, 0x78, 0x14, 0x00, 0x06, 0xF0, 0x75, 0xBC, 0x0B, 0xFF, 0x9F, 0xFE,
	0x7F, 0xCA, 0x58, 0x42, 0xCE, 0x5B, 0xF7, 0xBD, 0xDF, 0x43, 0xEB, 0xFD,
	0xFF, 0xE9, 0x8F, 0x58, 0x70, 0xBF, 0xE3, 0x05, 0xDD, 0x4F, 0xDB, 0x95,
	0xAE, 0x5F, 0xFF, 0xFF, 0x06, 0xFD, 0x14, 0x80, 0x02, 0x85, 0x7F, 0xF4,
	0x3A, 0x0F, 0xFD, 0xF4, 0xFA, 0xBD, 0x9A, 0xB6, 0x8A, 0x6F, 0xFF, 0xB6,
	0x68, 0xBA, 0x3C, 0x2F, 0xF7, 0xCD, 0xFC, 0x48, 0x25, 0xF9, 0x90, 0x02,
	0xD9, 0xF9, 0x22, 0xD4, 0x7F, 0xCF, 0xFF, 0xFF, 0xE1, 0xFF, 0x5D, 0x10,
	0x03, 0x3E, 0xF7, 0x30, 0x05, 0xDF, 0xBF, 0x5D, 0x72, 0x6F, 0x83, 0x84,
	0x22, 0x77, 0x7A, 0x39, 0x37, 0xFF, 0xB8, 0x3F, 0xF9, 0xA8, 0xFF, 0xF9,
	0x0C, 0x41, 0x64, 0x05, 0x27, 0x73, 0x7D, 0x80, 0x99, 0x23, 0xFF, 0xDF,
	0xFF, 0x7F, 0xFF, 0x38, 0x0C, 0x24, 0xB7, 0xC0, 0x52, 0x7F, 0xF4, 0x93,
	0x7E, 0xEF, 0xF3, 0xA1, 0xC7, 0xDB, 0x3A, 0x3B, 0xF7, 0xB6, 0x50, 0x77,
	0x32, 0x66, 0xBF, 0x80, 0xE8, 0xC8, 0x10, 0x4A, 0x22, 0xFC, 0x84, 0x76,
	0x16, 0x3F, 0x7F, 0xF7, 0xFF, 0xFB, 0xFF, 0x3D, 0x36, 0xB4, 0x7D, 0x61,
	0x77, 0x7F, 0xCC, 0x6B, 0xFF, 0xEE, 0xFD, 0x80, 0x0F, 0xF5, 0xFF, 0xCF,
	0xAE, 0x79, 0x60, 0x3B, 0xD9, 0x2F, 0x17, 0xC1, 0x27, 0x60, 0x0D, 0xA1,
	0x8D, 0xAD, 0xEB, 0xE9, 0xFF, 0xFB, 0xFF, 0xFF, 0xFF, 0xFD, 0xB3, 0x1F,
	0xFB, 0xF7, 0x97, 0xC0, 0x83, 0x7F, 0xD7, 0xF9, 0xFC, 0xB2, 0xBD, 0x60,
	0x06, 0x71, 0xFD, 0xF6, 0x7F, 0x32, 0xC0, 0x72, 0xDF, 0x7F, 0x73, 0x84,
	0x6C, 0xA0, 0x40, 0x00, 0x0B, 0x77, 0xFF, 0xFF, 0xF9, 0xCF, 0xEF, 0xFF,
	0xFF, 0xFF, 0xFE, 0xA3, 0xFC, 0xF7, 0xF9, 0x90, 0x62, 0x1F, 0xF9, 0xFF,
	0xE7, 0xC3, 0xBE, 0xC0, 0xF7, 0x7B, 0xD6, 0xC7, 0xEF, 0xFB, 0x48, 0xDF,
	0xB9, 0x3F, 0xC7, 0x0B, 0x15, 0xE4, 0xB0, 0x58, 0x02, 0xF7, 0xD0, 0x77,
	0xDD, 0xFE, 0x5D, 0xCF, 0xFF, 0xFF, 0xFF, 0xF9, 0xF3, 0x7F, 0xF9, 0xE1,
	0x01, 0x0B, 0x7B, 0x7D, 0xFF, 0x3F, 0x9E, 0xC0, 0x5F, 0x63, 0xFF, 0x73,
	0x5F, 0xA3, 0xE7, 0x8B, 0xB2, 0x19, 0xD4, 0x6F, 0x71, 0xFA, 0x13, 0xF8,
	0x24, 0xDC, 0x08, 0x4A, 0x65, 0xEE, 0xBF, 0x77, 0xFE, 0x87, 0x5F, 0xFF,
	0x66, 0x0F, 0xF2, 0x6C, 0x70, 0x58, 0xD7, 0xE5, 0x7D, 0xF9, 0x10, 0xC0,
	0x5F, 0xFF, 0xFB, 0xFB, 0x4C, 0x7F, 0x07, 0xCF, 0x70, 0xFB, 0xFF, 0x2F,
	0x71, 0x80, 0x03, 0xFD, 0x87, 0x9E, 0x00, 0x00, 0x00, 0x00, 0x00, 0x00,
	0x00, 0x00, 0x07, 0xCC, 0xD9, 0xDE, 0xF7, 0x70, 0x55, 0xE0, 0x1B, 0x60,
	0xDD, 0xEF, 0x29, 0x20, 0xFE, 0xFE, 0x7F, 0x1F, 0x46, 0x63, 0x3C, 0x5F,
	0x44, 0xF9, 0xF1, 0x3A, 0xFF, 0xFF, 0xFE, 0x70, 0x00, 0x08, 0x00, 0x00,
	0x00, 0x00, 0x00, 0x00, 0x00, 0xFF, 0xFF, 0xF9, 0xD0, 0x11, 0xA6, 0xE6,
	0xFB, 0xAF, 0xFE, 0x77, 0xFD, 0x4E, 0xF5, 0x05, 0xF7, 0xFB, 0xFE, 0xF4,
	0x37, 0xDF, 0x0B, 0x51, 0x9D, 0x11, 0xE4, 0xED, 0xFF, 0xFF, 0xFF, 0xE8,
	0x00, 0x00, 0x40, 0x00, 0x00, 0x00, 0x00, 0x00, 0x00, 0x7F, 0xFF, 0xFF,
	0x00, 0xFD, 0xB0, 0x36, 0x6B, 0x7F, 0x7A, 0x0F, 0x5E, 0xFB, 0xEE, 0x3E,
	0xDF, 0xBF, 0x5C, 0xBC, 0xE6, 0x94, 0x00, 0xFF, 0xE3, 0x83, 0x24, 0x0B,
	0x00, 0x00, 0x00, 0x00, 0x00, 0x00, 0x00, 0x00, 0x40, 0x00, 0x00, 0x00,
	0x00, 0x3F, 0xFF, 0xFE, 0x81, 0xAF, 0xF4, 0x30, 0xAA, 0x2F, 0xA9, 0xF5,
	0xEE, 0xFF, 0xEE, 0x15, 0xE6, 0x2F, 0xBB, 0xBE, 0xA2, 0xDC, 0xC7, 0xCE,
	0xD3, 0x24, 0x63, 0x07, 0x00, 0x00, 0x00, 0x00, 0x00, 0x00, 0x01, 0x9F,
	0xFF, 0x00, 0x00, 0x00, 0x00, 0x7F, 0xFF, 0xF8, 0x03, 0xC6, 0x10, 0xE0,
	0x6C, 0xBE, 0x7D, 0x7D, 0xFF, 0xFF, 0xA7, 0xC9, 0x34, 0xEB, 0xDD, 0x4E,
	0xF7, 0xD8, 0xD7, 0xFF, 0x5A, 0x82, 0x09, 0x43, 0x00, 0x00, 0x82, 0x01,
	0xC1, 0xD1, 0x00, 0xDF, 0xF7, 0xFE, 0x00, 0x01, 0xF0, 0x3F, 0xFF, 0xF3,
	0x07, 0x29, 0x08, 0x7E, 0x7F, 0xFF, 0xEC, 0x9E, 0xCB, 0x65, 0x00, 0xFE,
	0xB7, 0xED, 0x19, 0xCB, 0xBF, 0x16, 0xFF, 0xFF, 0xF7, 0xC3, 0xB8, 0xD1,
	0x00, 0x00, 0x00, 0x67, 0xFD, 0xF8, 0x00, 0x9F, 0xFF, 0xF7, 0x7C, 0x00,
	0x0F, 0x0F, 0xFF, 0xFC, 0x08, 0x0D, 0x46, 0xC0, 0xFB, 0xBC, 0xEF, 0x7F,
	0xFB, 0xD1, 0x8D, 0x7E, 0xFD, 0xBE, 0x6D, 0x5E, 0xFA, 0xEF, 0xF7, 0xFB,
	0xC7, 0xCE, 0xD0, 0x7F, 0x00, 0x04, 0x82, 0x0B, 0xFF, 0xFE, 0xB0, 0x1F,
	0xFF, 0xFF, 0xFF, 0x00, 0x08, 0x01, 0xEF, 0xFE, 0x81, 0x7F, 0xE1, 0x39,
	0xFA, 0xAB, 0xFF, 0xDB, 0xBE, 0x77, 0xCF, 0xEC, 0xFF, 0x7E, 0xEF, 0xFE,
	0xF6, 0x25, 0xFF, 0xFA, 0xE7, 0x9F, 0xC3, 0x33, 0x00, 0x00, 0x08, 0xDF,
	0xFF, 0xFF, 0xC0, 0x3F, 0xFF, 0xFF, 0xFF, 0x00, 0x00, 0x43, 0xFF, 0xFF,
	0xE4, 0x21, 0x41, 0x0F, 0xFE, 0xEF, 0xCC, 0xFF, 0x7B, 0xAE, 0x37, 0xFE,
	0x36, 0x37, 0xFF, 0xFF, 0x75, 0xFF, 0xDE, 0xDF, 0x38, 0x89, 0x8B, 0xF0,
	0x00, 0x00, 0x85, 0xFF, 0xFF, 0xF9, 0x94, 0x3F, 0xFF, 0xFF, 0xFE, 0x80,
	0x00, 0x0F, 0xFF, 0xFF, 0x8C, 0x01, 0x80, 0x07, 0x3C, 0x73, 0x99, 0xFB,
	0x79, 0x8F, 0xDF, 0x0E, 0xBF, 0xB4, 0xBF, 0x3E, 0xB8, 0xDF, 0xF7, 0xCF,
	0xFF, 0x08, 0xE2, 0xCC, 0x00, 0x00, 0x00, 0x5F, 0xFD, 0xF6, 0x34, 0x3F,
	0xFF, 0xFF, 0xFC, 0x00, 0x00, 0xA1, 0xFF, 0xFF, 0xF8, 0x60, 0x70, 0x00,
	0x3E, 0xD7, 0xF8, 0xDE, 0xEF, 0xFD, 0x7E, 0x15, 0xB4, 0xD6, 0xFF, 0x2F,
	0xE1, 0x77, 0x17, 0x1B, 0xAE, 0xDA, 0x05, 0x9E, 0x00, 0x00, 0x83, 0x1F,
	0xFF, 0xFF, 0xE8, 0x3F, 0xFF, 0xFF, 0xFC, 0x00, 0x06, 0x27, 0x5F, 0xFF,
	0xF7, 0x19, 0x00, 0x40, 0x3F, 0xD6, 0xF1, 0xBF, 0xFD, 0xAC, 0xE8, 0x10,
	0x0E, 0x75, 0xA8, 0x67, 0xEF, 0xBF, 0xF2, 0xE8, 0x8C, 0x20, 0x0E, 0x27,
	0x00, 0x00, 0xC0, 0x7F, 0xEB, 0xFE, 0x07, 0xFF, 0xFF, 0xFF, 0xFF, 0x00,
	0x14, 0x16, 0x01, 0xFF, 0xE8, 0x10, 0x20, 0x00, 0x31, 0xCE, 0xE9, 0xFF,
	0x35, 0x3F, 0x3C, 0xE0, 0x26, 0xDE, 0x6E, 0xD8, 0x6B, 0xCF, 0xFC, 0x1C,
	0x4A, 0xD7, 0x50, 0x37, 0x00, 0x00, 0x4E, 0x3B, 0xFF, 0xF7, 0xC3, 0x9F,
	0xFF, 0xFF, 0xF1, 0x00, 0x11, 0x03, 0xB1, 0xFF, 0xEF, 0x10, 0x20, 0x00,
	0x00, 0x35, 0x7E, 0x75, 0xA9, 0xAE, 0x99, 0x73, 0x87, 0x71, 0x3D, 0x07,
	0xA4, 0xDF, 0x7B, 0x20, 0xC3, 0xA1, 0xB3, 0xFC, 0x00, 0x0B, 0x00, 0xFF,
	0xFE, 0xFF, 0x27, 0x9F, 0xFF, 0xFF, 0xFC, 0x00, 0x1B, 0x53, 0x7F, 0xFF,
	0xEF, 0xA1, 0xF0, 0x00, 0x01, 0xE0, 0x2B, 0x3C, 0x36, 0xFF, 0x81, 0xF3,
	0xA1, 0x60, 0x08, 0xBF, 0x04, 0xFF, 0xFE, 0xF8, 0xB7, 0xE1, 0x46, 0x1D,
	0x00, 0x82, 0x0B, 0xEF, 0xFF, 0xFD, 0xFF, 0xFF, 0xFF, 0xFF, 0xFF, 0x00,
	0x00, 0x35, 0xFF, 0xFF, 0xFF, 0xE1, 0xE0, 0x00, 0x2F, 0xB0, 0x00, 0x60,
	0x9F, 0xCF, 0xCD, 0xD7, 0xC1, 0xB0, 0x3F, 0x91, 0xC7, 0xED, 0xAC, 0x3B,
	0x2E, 0x07, 0x7C, 0xBE, 0x00, 0x7C, 0xA6, 0x7B, 0xFF, 0xFE, 0x87, 0xFF,
	0xF1, 0xFF, 0xFF, 0x80, 0x10, 0x5F, 0xFF, 0xFF, 0xFF, 0xF7, 0xF0, 0x00,
	0x03, 0xE8, 0x00, 0x96, 0x5F, 0x7F, 0x9C, 0x40, 0x83, 0xA4, 0x37, 0x21,
	0xFF, 0xFE, 0x8B, 0x31, 0xC1, 0x7F, 0x67, 0xFF, 0x00, 0x13, 0xFB, 0xFF,
	0xFF, 0xFE, 0xBB, 0x7F, 0xFF, 0xCF, 0x88, 0x00, 0x04, 0x06, 0x7F, 0xFF,
	0xC0, 0x37, 0xF0, 0x00, 0x00, 0xDF, 0xF6, 0xF9, 0x1F, 0xFA, 0x38, 0x0F,
	0x10, 0x20, 0x1A, 0x60, 0x4F, 0xC4, 0x6B, 0x72, 0x88, 0x1D, 0x57, 0xD7,
	0x00, 0x41, 0x76, 0xFF, 0xFC, 0x7F, 0x79, 0xFF, 0xFF, 0xFF, 0x84, 0x00,
	0x1A, 0x8B, 0x73, 0xF9, 0xC1, 0xFF, 0xFF, 0xE0, 0x00, 0x04, 0xFF, 0xF5,
	0xBB, 0xFD, 0xFE, 0x16, 0x00, 0x47, 0xE6, 0x01, 0xC0, 0xC8, 0x7E, 0xD0,
	0xF7, 0xFF, 0xF8, 0xDE, 0x00, 0x1B, 0xC1, 0xF7, 0xFF, 0xF7, 0xE7, 0xFF,
	0xFF, 0xFF, 0xFE, 0x00, 0x00, 0xA9, 0xE7, 0xBF, 0x81, 0xB7, 0xFF, 0xF0,
	0x30, 0x0F, 0x7F, 0x7F, 0xBE, 0x3D, 0x0F, 0x78, 0x00, 0x63, 0xEA, 0xF7,
	0xDC, 0x04, 0xBD, 0x3B, 0x9D, 0x10, 0xF8, 0x3F, 0x0C, 0xDC, 0xFF, 0xBE,
	0xFF, 0xFF, 0xEF, 0x9F, 0xFF, 0xFF, 0x80, 0x00, 0x00, 0x97, 0xFD, 0x79,
	0x45, 0x4B, 0xFF, 0xE0, 0x34, 0x89, 0x3C, 0x61, 0x62, 0x77, 0x2F, 0x00,
	0x00, 0x43, 0xC6, 0x6F, 0xD8, 0x73, 0x1E, 0x1E, 0x89, 0x00, 0x00, 0x10,
	0x09, 0xCF, 0xDF, 0xFF, 0xFF, 0xF7, 0xFF, 0xFF, 0xFF, 0xFF, 0xF8, 0x00,
	0x04, 0x2F, 0x39, 0xFF, 0x8D, 0xF7, 0xFF, 0xE0, 0x30, 0x11, 0x0D, 0xEF,
	0xFE, 0xFF, 0xFF, 0x80, 0x00, 0x00, 0x03, 0xFD, 0x80, 0x42, 0x2A, 0xC3,
	0xE6, 0x30, 0x00, 0x00, 0x1C, 0x3F, 0xF7, 0xFF, 0xFF, 0xFE, 0x7F, 0xFF,
	0xFF, 0xFF, 0xF3, 0xC0, 0x00, 0x97, 0xE0, 0xFF, 0x80, 0xAF, 0xFF, 0xF1,
	0xBA, 0xD1, 0x1D, 0xFF, 0xF7, 0xFF, 0xFF, 0x7A, 0x00, 0x00, 0x00, 0x3F,
	0x00, 0x06, 0x17, 0x81, 0xF8, 0x00, 0x00, 0x10, 0x40, 0xF0, 0xFF, 0xFF,
	0xFF, 0xFF, 0xE7, 0xFF, 0xFF, 0xFF, 0x98, 0x20, 0x00, 0x11, 0xDF, 0xFB,
	0xE0, 0x1F, 0xFF, 0xF3, 0x98, 0xF1, 0x5D, 0xFF, 0xE7, 0xEF, 0xFF, 0x7E,
	0xFF, 0x84, 0x00, 0x83, 0x07, 0x00, 0x70, 0x80, 0xF2, 0x20, 0x00, 0x47,
	0x1F, 0xBF, 0x77, 0xFF, 0xF7, 0xFE, 0xDF, 0xFF, 0xFF, 0xFF, 0xBF, 0x00,
	0x00, 0x43, 0xFF, 0xFF, 0xF9, 0x3F, 0xFF, 0xF8, 0x2F, 0xC0, 0x0F, 0xFF,
	0xFF, 0xFF, 0xFC, 0x0C, 0x00, 0x87, 0x08, 0x00, 0x04, 0x81, 0xE0, 0x00,
	0x10, 0x44, 0x00, 0x1F, 0x38, 0x7D, 0xFC, 0x7F, 0xFF, 0xFF, 0xBF, 0xFF,
	0xFF, 0xE7, 0xF3, 0x00, 0x06, 0x2F, 0xBF, 0xEB, 0xCB, 0x4F, 0xFF, 0xF1,
	0x5C, 0x00, 0x1F, 0xF7, 0xFF, 0xFF, 0xFE, 0xFC, 0xDE, 0xC7, 0x08, 0x89,
	0xD1, 0xCB, 0x80, 0x00, 0x04, 0x80, 0x04, 0xFF, 0xFF, 0x7F, 0xBF, 0xF9,
	0xFF, 0xFD, 0xFF, 0xFF, 0xFF, 0xFF, 0xFF, 0x00, 0x02, 0x22, 0xE1, 0xFF,
	0x2C, 0x1F, 0xFE, 0xF0, 0x97, 0xE3, 0x7F, 0xFF, 0xFF, 0xFF, 0xFC, 0x00,
	0x73, 0xF7, 0x47, 0xFF, 0xFD, 0xBC, 0x00, 0x00, 0x40, 0x00, 0x84, 0xFF,
	0x97, 0xDF, 0xFF, 0xBF, 0xFF, 0xFF, 0xFF, 0xFF, 0xFF, 0xBF, 0xDC, 0x00,
	0x02, 0x4D, 0x9F, 0x16, 0x04, 0x0F, 0xDF, 0xFA, 0xDF, 0x80, 0x7F, 0xFF,
	0xFF, 0xBF, 0xF1, 0x0C, 0x17, 0xFF, 0xFF, 0xFF, 0xFF, 0xF0, 0x00, 0x00,
	0x00, 0x02, 0x25, 0xFF, 0x3E, 0xFF, 0xEF, 0xFF, 0xFF, 0xFF, 0xFF, 0xFF,
	0xFF, 0xFF, 0x80, 0x80, 0x21, 0x07, 0xBE, 0xFF, 0xDC, 0x1F, 0xFF, 0xF1,
	0x9F, 0xE0, 0x7F, 0xFF, 0xFF, 0xFF, 0x5C, 0x00, 0x0F, 0xFF, 0xFF, 0xFF,
	0xFE, 0xF8, 0x20, 0x00, 0x00, 0x00, 0x3E, 0xFF, 0x1F, 0xFF, 0xFF, 0xDF,
	0x3F, 0xFD, 0xFF, 0xFD, 0xFF, 0xFF, 0x80, 0x00, 0x08, 0x0E, 0x1F, 0xFF,
	0xFC, 0x1F, 0xFF, 0xFF, 0x8F, 0xEF, 0x1F, 0xF7, 0xFF, 0xFF, 0x40, 0x00,
	0x1F, 0xFF, 0xFF, 0xEF, 0x0E, 0x80, 0x00, 0x04, 0x00, 0x02, 0x58, 0xFF,
	0xFF, 0xFF, 0xFF, 0xFF, 0xFF, 0xFF, 0xFF, 0xFF, 0xFF, 0xFF, 0xF0, 0x00,
	0x00, 0x73, 0xFF, 0x7B, 0x8F, 0x9F, 0xFF, 0xFF, 0xFF, 0xAF, 0xD4, 0x03,
	0xFF, 0x99, 0xDD, 0x00, 0x20, 0x00, 0xFF, 0xFF, 0xBE, 0x80, 0x00, 0x00,
	0x00, 0x17, 0xD0, 0xF9, 0xFF, 0xFF, 0xFF, 0xFF, 0xFF, 0x6F, 0xFF, 0xFF,
	0xFF, 0xFB, 0xE0, 0x00, 0x30, 0x0C, 0xDF, 0xFF, 0xFD, 0x83, 0xFF, 0xFF,
	0x77, 0xCB, 0xA8, 0x12, 0x08, 0x07, 0x10, 0x12, 0x00, 0x83, 0xFF, 0xBF,
	0x00, 0x00, 0xC0, 0x00, 0x08, 0x1C, 0xE0, 0x78, 0xFF, 0xFD, 0xFF, 0xFF,
	0xFF, 0xFF, 0xFF, 0xFF, 0xFF, 0xFF, 0x83, 0xF0, 0x00, 0x3F, 0xFF, 0x7F,
	0x60, 0x1F, 0xFF, 0xFF, 0x3F, 0xED, 0xBC, 0x1E, 0xEB, 0x00, 0x80, 0x00,
	0x00, 0x33, 0xFE, 0xFF, 0x30, 0x00, 0x00, 0x00, 0x00, 0x80, 0xC0, 0x00,
	0x7F, 0xFF, 0xFF, 0xFF, 0xFF, 0xEF, 0xFF, 0xFF, 0xFF, 0xFE, 0x7C, 0x00,
	0x02, 0x01, 0xFF, 0xFF, 0xE8, 0x0F, 0xFF, 0x7F, 0xBF, 0xF9, 0xDC, 0x10,
	0xE7, 0x17, 0x40, 0x3C, 0x1B, 0xFF, 0xFE, 0xE7, 0xCC, 0x00, 0x00, 0x00,
	0x0F, 0x90, 0xC0, 0x88, 0xFF, 0xFF, 0xFF, 0xFF, 0xFF, 0xFF, 0xFF, 0xFF,
	0xFF, 0xFF, 0xF0, 0x00, 0x00, 0x3F, 0x9F, 0xFF, 0xFC, 0x4F, 0xFF, 0xFF,
	0xFF, 0xF7, 0x8F, 0xBF, 0xFF, 0xA7, 0x00, 0x08, 0x6B, 0xE3, 0xFF, 0xFE,
	0x70, 0x12, 0x80, 0x03, 0xA7, 0xC1, 0x00, 0x01, 0xFF, 0xFF, 0xFF, 0xFF,
	0x3F, 0xFF, 0xEF, 0xFF, 0xFF, 0xFF, 0x30, 0x00, 0x00, 0x07, 0xCC, 0x7F,
	0xFB, 0x8F, 0xFF, 0xFF, 0xFF, 0xD1, 0xFF, 0x91, 0xFF, 0xBC, 0x40, 0x01,
	0x16, 0xFF, 0xF9, 0xFF, 0xE0, 0x00, 0x08, 0xF8, 0x0F, 0xC0, 0x00, 0x83,
	0xFE, 0xFF, 0xFE, 0xFF, 0xFF, 0xFF, 0xFF, 0xFF, 0xFF, 0xE7, 0xF0, 0x40,
	0x03, 0xE0, 0xFF, 0x98, 0x06, 0x0F, 0xFF, 0xFF, 0xFF, 0xD8, 0x7F, 0xFF,
	0xEF, 0xFF, 0xF8, 0xF8, 0x1B, 0xFF, 0xFF, 0xFF, 0xF8, 0x0A, 0x1F, 0xE8,
	0x47, 0x00, 0x00, 0x00, 0xFF, 0xFF, 0xFF, 0xFF, 0xFF, 0xFF, 0xFF, 0xFF,
	0xFF, 0xFE, 0x00, 0x40, 0x00, 0x0F, 0x8F, 0xE0, 0xD8, 0x3F, 0xFF, 0xFF,
	0x8F, 0xFE, 0x3F, 0xFF, 0xFF, 0xFF, 0xFF, 0xE1, 0xFF, 0xFF, 0xFF, 0xF3,
	0xE4, 0x04, 0x3F, 0x73, 0x02, 0x00, 0x00, 0x00, 0xFF, 0xFF, 0xFF, 0xEF,
	0xFF, 0xFF, 0xFF, 0xFF, 0xFF, 0xFF, 0xF0, 0x00, 0x10, 0x58, 0xFC, 0xC9,
	0x40, 0x7F, 0xDF, 0xFF, 0xFF, 0xEF, 0x3E, 0xFF, 0xFF, 0xFF, 0xFF, 0x03,
	0xDF, 0xFF, 0xFF, 0xFF, 0x80, 0x00, 0x6F, 0xD0, 0x00, 0x10, 0x00, 0x13,
	0xFF, 0xFD, 0xFF, 0xFF, 0xFF, 0xFF, 0xBF, 0xFF, 0xFF, 0xFF, 0xFC, 0x00,
	0x10, 0x2F, 0x8F, 0xE3, 0x0B, 0x3F, 0xFF, 0xFF, 0xFF, 0xFF, 0x3F, 0xFF,
	0xFF, 0xFF, 0xF7, 0x03, 0xBF, 0xF9, 0x81, 0x02, 0x00, 0x00, 0xF3, 0xC0,
	0x00, 0x20, 0x00, 0x18, 0xFF, 0xFF, 0xFF, 0xFF, 0xFF, 0xFF, 0xFF, 0xFF,
	0xFF, 0x3F, 0x80, 0x00, 0x00, 0x3E, 0xB9, 0xFF, 0xC2, 0x3F, 0xFF, 0xFF,
	0xFF, 0xFF, 0xFF, 0xFF, 0xFF, 0xFF, 0xFF, 0x17, 0xA1, 0xC1, 0x00, 0x00,
	0x00, 0x00, 0xBF, 0x00, 0x00, 0x00, 0x00, 0x10, 0xFF, 0xFF, 0xFF, 0xC5,
	0xFF, 0xFF, 0xFC, 0x3F, 0xBF, 0xFE, 0x00, 0x23, 0x81, 0xC9, 0xFF, 0xFF,
	0x3C, 0xD7, 0xFF, 0xF7, 0xFF, 0xDF, 0xFF, 0xFF, 0xDF, 0xFE, 0x04, 0x1D,
	0xE3, 0x00, 0x00, 0x18, 0x00, 0x01, 0x0C, 0xE0, 0x00, 0x00, 0x00, 0x38,
	0xFF, 0xFF, 0xFF, 0xFF, 0xFF, 0xFF, 0xFF, 0xFF, 0xFF, 0xFE, 0x02, 0x30,
	0x03, 0x07, 0xFF, 0x8B, 0xF8, 0xCF, 0xFF, 0xEF, 0xFF, 0xFB, 0xF3, 0xFF,
	0xDF, 0xCF, 0xF1, 0x86, 0x00, 0x00, 0x00, 0x30, 0x00, 0x03, 0x14, 0x00,
	0x00, 0x00, 0x00, 0xA0, 0xFF, 0xFF, 0xFF, 0xFF, 0xFF, 0xFF, 0xFF, 0xFF,
	0xFF, 0xF8, 0xD0, 0x00, 0x1E, 0x07, 0xFF, 0xFF, 0xBE, 0x3B, 0xFF, 0xFF,
	0xF1, 0xF6, 0xD9, 0x1E, 0x23, 0xF0, 0x3E, 0x00, 0x00, 0x00, 0x00, 0x20,
	0x00, 0x04, 0x00, 0x00, 0x00, 0x00, 0x01, 0x00, 0x9F, 0xFF, 0xDF, 0xFF,
	0xFF, 0xBF, 0xFF, 0xFF, 0xB3, 0xBE, 0x00, 0x00, 0x70, 0x7F, 0xFF, 0xF9,
	0x93, 0x71, 0xFF, 0xFF, 0xFF, 0xF8, 0x75, 0xBF, 0xB8, 0x20, 0xE1, 0x98,
	0x40, 0x00, 0x00, 0x00, 0x00, 0x08, 0x00, 0x00, 0x00, 0x00, 0x00, 0x00,
	0xFF, 0xFF, 0xFF, 0xFF, 0xFF, 0xFF, 0xFF, 0xFF, 0xFA, 0xFF, 0xC0, 0x30,
	0x00, 0x5C, 0xFD, 0xBF, 0x82, 0x71, 0xFF, 0xFF, 0xFF, 0xFF, 0xBE, 0x18,
	0x20, 0x0B, 0x09, 0x23, 0x80, 0x00, 0x00, 0x00, 0x00, 0x00, 0x00, 0x00,
	0x00, 0x00, 0x02, 0x00, 0xFF, 0xFF, 0xFF, 0xFF, 0xFF, 0xFF, 0xFF, 0x7F,
	0xF5, 0xC0, 0x1C, 0x00, 0xEF, 0xCF, 0xFF, 0xFF, 0xF4, 0xFF, 0xFF, 0xFF,
	0xFF, 0xC1, 0x00, 0x72, 0x38, 0x0A, 0x00, 0x05, 0x00, 0x03, 0x80, 0x00,
	0x00, 0x00, 0x00, 0x00, 0x00, 0x00, 0x00, 0x00, 0xFF, 0xFF, 0xFF, 0xFF,
	0xFB, 0xFF, 0xFF, 0xFF, 0xEE, 0xF8, 0x00, 0x20, 0x00, 0xF4, 0xBF, 0xDB,
	0xFC, 0x39, 0xFF, 0xFF, 0xFF, 0x9F, 0xB1, 0x00, 0x2D, 0xA1, 0x0F, 0x95,
	0x64, 0x03, 0xE0, 0x00, 0x00, 0x00, 0x00, 0x00, 0x00, 0x00, 0x05, 0x00,
	0xFF, 0xFF, 0xFF, 0xFF, 0xFF, 0xFF, 0xFF, 0xF3, 0xFF, 0x3F, 0x40, 0x07,
	0xA3, 0xF7, 0xFF, 0xD8, 0x0F, 0x07, 0xFF, 0xBF, 0xEF, 0x8C, 0x17, 0x01,
	0xF4, 0x7F, 0x38, 0x77, 0x20, 0x00, 0xA0, 0x00, 0x00, 0x14, 0x00, 0x00,
	0x00, 0x00, 0x09, 0x00, 0xFD, 0xFF, 0xFF, 0xFF, 0xFF, 0x9D, 0xFF, 0xFF,
	0xFF, 0xF8, 0x06, 0x03, 0xC2, 0xFF, 0xFF, 0xD8, 0x50, 0x8F, 0xFF, 0xE0,
	0x00, 0x0A, 0x00, 0x00, 0x7F, 0xDF, 0xFF, 0x00, 0x1D, 0x00, 0x03, 0x80,
	0x00, 0x12, 0x00, 0x00, 0x00, 0x00, 0x08, 0x00, 0xFF, 0xFF, 0xFF, 0xFF,
	0xFF, 0xFF, 0xFF, 0xFF, 0xE4, 0x1F, 0x80, 0x00, 0x28, 0xDF, 0xEF, 0xFD,
	0x42, 0x28, 0x3F, 0x60, 0x00, 0x10, 0x00, 0x77, 0xBF, 0x7F, 0xD7, 0xF0,
	0x6F, 0x08, 0x00, 0x34, 0x00, 0x16, 0x00, 0x00, 0x00, 0x00, 0x00, 0x00,
	0xFF, 0xFF, 0x7F, 0xFF, 0xFF, 0xFF, 0xCF, 0xFF, 0xFC, 0x1F, 0x80, 0x00,
	0x00, 0x77, 0xFF, 0xFF, 0xE1, 0xA0, 0x0C, 0x00, 0x00, 0x00, 0x09, 0xE7,
	0xE0, 0x7F, 0xC5, 0x6F, 0x03, 0xFE, 0x00, 0x0E, 0xE0, 0x00, 0x00, 0x00,
	0x00, 0x00, 0x04, 0x00, 0xFF, 0xFF, 0xFF, 0xFF, 0xFF, 0xFF, 0xE1, 0xFF,
	0xE0, 0xE0, 0x00, 0x00, 0x9E, 0x7F, 0xFE, 0xFF, 0x60, 0x40, 0x00, 0x00,
	0x00, 0x00, 0x00, 0xFE, 0x7D, 0xE7, 0xFC, 0x5F, 0x77, 0xF7, 0xE0, 0x00,
	0xFC, 0x00, 0x00, 0x00, 0x00, 0x00, 0x04, 0x00, 0xFF, 0xFF, 0xFF, 0xFF,
	0xFF, 0xFF, 0xFE, 0x4F, 0xFF, 0xE0, 0x00, 0x04, 0x18, 0x5F, 0xFF, 0xFF,
	0xE0, 0xF0, 0x00, 0x00, 0x00, 0x00, 0x00, 0x23, 0xFF, 0xDF, 0xF9, 0x83,
	0xFF, 0xFF, 0xFF, 0x00, 0x1F, 0xC0, 0x00, 0x00, 0x00, 0x00, 0x38, 0x08,
	0xFF, 0xFF, 0xFF, 0xFF, 0xFF, 0xFF, 0xFF, 0xDF, 0xFF, 0xE0, 0x11, 0x80,
	0x01, 0xFF, 0xFF, 0xBF, 0xFC, 0x20, 0x00, 0x01, 0xFC, 0x00, 0x3E, 0x03,
	0xF1, 0xFB, 0xC2, 0x43, 0xE7, 0x87, 0xE0, 0x07, 0x9F, 0xC1, 0xC0, 0x00,
	0x00, 0x08, 0x01, 0x04, 0xFF, 0xFE, 0xFF, 0xFF, 0xFF, 0xFF, 0xFF, 0xF3,
	0xFB, 0xD9, 0x80, 0xC0, 0x0A, 0x3F, 0xFF, 0xFF, 0xEC, 0x40, 0x00, 0x1E,
	0x02, 0x0E, 0x00, 0x00, 0x4C, 0x00, 0x42, 0xFF, 0xF9, 0xE0, 0xF0, 0xFF,
	0xDF, 0x82, 0x80, 0x00, 0x1C, 0x00, 0x40, 0x00, 0xFF, 0xFF, 0xFF, 0xFF,
	0xFF, 0xFF, 0xFF, 0xFB, 0xFE, 0xDE, 0x30, 0x00, 0x42, 0x7F, 0xFF, 0xF4,
	0xE1, 0x80, 0x00, 0x18, 0x01, 0x67, 0x98, 0x72, 0xE0, 0x00, 0x00, 0x7F,
	0xC0, 0x00, 0x07, 0xFF, 0xFF, 0xC0, 0x80, 0xC9, 0x00, 0x03, 0x00, 0x00,
	0xFF, 0xE8, 0xFF, 0xFF, 0xFF, 0xFF, 0xFF, 0xFF, 0x9E, 0x1B, 0x00, 0x01,
	0x87, 0xEF, 0xFD, 0xFE, 0x30, 0x0C, 0x00, 0xC0, 0x01, 0x78, 0xC7, 0x9F,
	0xFF, 0x80, 0x00, 0x0F, 0xF4, 0x10, 0x01, 0xFC, 0x04, 0x29, 0xFE, 0x10,
	0x01, 0x20, 0x42, 0x22, 0xFF, 0xFF, 0xE7, 0xFF, 0xFF, 0xFF, 0xFF, 0xEB,
	0x20, 0x08, 0x40, 0x7E, 0xD7, 0x7F, 0xFD, 0xE7, 0xFC, 0x81, 0x02, 0x00,
	0x01, 0x7F, 0xFF, 0xFE, 0x05, 0xDF, 0xE3, 0xC1, 0xA6, 0x00, 0x00, 0x00,
	0x18, 0xFF, 0xE4, 0x00, 0x00, 0x60, 0x01, 0x27, 0xFF, 0xFF, 0xF7, 0xFF,
	0xFF, 0xFE, 0xFF, 0xFF, 0x2E, 0xB5, 0x4F, 0xAF, 0x9F, 0xFF, 0xFF, 0xFC,
	0xFE, 0x24, 0x00, 0x00, 0x01, 0x77, 0xFF, 0xB5, 0x7C, 0xFF, 0xFE, 0xFF,
	0xBE, 0x00, 0x00, 0x00, 0x8F, 0x8E, 0x10, 0x40, 0x0C, 0x09, 0x84, 0x08,
	0xFF, 0xFF, 0xFF, 0xFF, 0xFF, 0xFA, 0xFF, 0xFF, 0xDC, 0x01, 0x80, 0xF7,
	0x00, 0xFF, 0xFD, 0xFF, 0xC5, 0x01, 0x10, 0x00, 0x01, 0x35, 0xFE, 0x3F,
	0xFD, 0xBB, 0x8F, 0xB8, 0xF9, 0x88, 0x00, 0x00, 0x83, 0x80, 0x00, 0x80,
	0x00, 0x00, 0x00, 0x1D, 0xFF, 0xFF, 0xFF, 0xFF, 0xFF, 0xF8, 0xE9, 0x3F,
	0xE4, 0x27, 0xDF, 0x0F, 0x01, 0xFF, 0xFF, 0xFF, 0xFE, 0x00, 0x10, 0x00,
	0x01, 0x30, 0x06, 0xFB, 0xFF, 0xFE, 0x54, 0x00, 0x03, 0xC0, 0x00, 0x00,
	0x00, 0x00, 0x00, 0x22, 0x00, 0x00, 0x00, 0x0B, 0xFF, 0xFF, 0xFF, 0xFF,
	0xFF, 0xFF, 0xFC, 0xF1, 0xEE, 0x31, 0xF3, 0x3C, 0x63, 0xFF, 0xFF, 0xE3,
	0xF7, 0x01, 0x0E, 0xC0, 0x01, 0xF7, 0xE2, 0xF0, 0x31, 0x5F, 0x87, 0xC0,
	0x18, 0x0E, 0x00, 0x00, 0x00, 0x00, 0x00, 0x00, 0x00, 0x04, 0x02, 0x01,
	0xFF, 0xFF, 0xFF, 0xE7, 0xFF, 0xFF, 0xF1, 0x3F, 0xE0, 0xD0, 0x61, 0x6F,
	0xEF, 0xFF, 0xE7, 0xFF, 0xFE, 0x00, 0x06, 0x00, 0x01, 0xFF, 0xF7, 0xC1,
	0x08, 0x04, 0x39, 0xEE, 0x02, 0x7F, 0x00, 0x00, 0x00, 0x00, 0x40, 0x00,
	0x08, 0x00, 0x01, 0x08, 0xFF, 0xFF, 0xFF, 0xFF, 0xFF, 0xFF, 0xFE, 0xFF,
	0x00, 0x2A, 0x08, 0x01, 0xAF, 0xFF, 0xEF, 0xF0, 0x7E, 0x10, 0x07, 0x80,
	0x01, 0xB0, 0x00, 0x79, 0xCF, 0x87, 0x80, 0x09, 0xE0, 0xFF, 0x87, 0xE0,
	0x00, 0x7F, 0x80, 0x0A, 0x21, 0x20, 0x00, 0x10, 0xFF, 0xFE, 0x7F, 0xFF,
	0xFF, 0xFF, 0xFF, 0x2D, 0xE0, 0x10, 0x1F, 0x3C, 0x07, 0xB7, 0xFF, 0xF8,
	0xFF, 0x80, 0x80, 0x18, 0x80, 0x07, 0xFF, 0xFF, 0x81, 0xFF, 0xED, 0x60,
	0x80, 0x00, 0xFC, 0xF0, 0x03, 0xFE, 0x00, 0x08, 0x06, 0xA0, 0x00, 0x10,
	0xFB, 0xF4, 0xFF, 0xFF, 0xEE, 0xFF, 0xFF, 0x9B, 0x6C, 0x1F, 0xD8, 0xED,
	0xFF, 0xDF, 0xFF, 0xBE, 0x1B, 0xE4, 0x00, 0x00, 0x0F, 0x07, 0xCC, 0x21,
	0xFF, 0x8C, 0x17, 0x87, 0x60, 0x00, 0x00, 0x80, 0x01, 0x80, 0x00, 0x00,
	0x04, 0xC0, 0x02, 0x08, 0xFF, 0xFF, 0xFF, 0xFF, 0xFF, 0xF7, 0xFF, 0x3E,
	0x3F, 0xFD, 0xFE, 0xFF, 0xF7, 0xF4, 0xDF, 0xBD, 0x40, 0x28, 0x00, 0x00,
	0x3C, 0x7F, 0x00, 0x5F, 0xBC, 0x0F, 0xBC, 0x1E, 0x70, 0x00, 0x00, 0x00,
	0x00, 0x00, 0x40, 0x00, 0x00, 0x00, 0x00, 0x80, 0xFF, 0xFF, 0xFE, 0xFF,
	0xDE, 0xC1, 0x6D, 0xFF, 0x9E, 0xFF, 0xDF, 0xAD, 0x1A, 0xF7, 0xFF, 0xFB,
	0xFB, 0x00, 0x07, 0x00, 0x06, 0x07, 0x00, 0x73, 0x00, 0x00, 0x40, 0x18,
	0x7E, 0x00, 0x00, 0x00, 0x00, 0x00, 0x81, 0x00, 0x00, 0x00, 0x41, 0x00,
	0xFF, 0xF9, 0xF2, 0x9F, 0x3E, 0xFB, 0xFD, 0xF8, 0xFC, 0x7C, 0xFE, 0x04,
	0xFF, 0xE6, 0xFF, 0xF7, 0xF9, 0xE2, 0x30, 0x40, 0x61, 0x7E, 0x00, 0x0E,
	0x18, 0x07, 0xBC, 0x1E, 0xFE, 0x00, 0x00, 0x00, 0x00, 0x00, 0x00, 0x00,
	0x00, 0x00, 0x15, 0x00, 0xFF, 0xFF, 0xFF, 0x9F, 0xBB, 0xFF, 0xFF, 0xFF,
	0xBF, 0xFE, 0x25, 0xFF, 0xE3, 0x1F, 0xFF, 0xFF, 0xFC, 0x1B, 0x80, 0x01,
	0xBC, 0x70, 0x10, 0x72, 0x18, 0x06, 0xF0, 0x7E, 0x0D, 0x60, 0x00, 0x08,
	0x00, 0x00, 0x00, 0x01, 0x00, 0x00, 0x00, 0x00, 0xF1, 0xFF, 0xFF, 0xBF,
	0x2F, 0xC2, 0x39, 0xFF, 0x0F, 0xF8, 0x04, 0x4F, 0xFF, 0xF7, 0xFF, 0xFA,
	0xEF, 0x44, 0x00, 0x06, 0xDC, 0x1A, 0x00, 0xE6, 0x00, 0x00, 0x41, 0x1F,
	0x00, 0x06, 0x78, 0x20, 0x00, 0x00, 0x00, 0x01, 0x00, 0x00, 0x00, 0x00,
	0xFC, 0x7F, 0xFF, 0xBE, 0xFE, 0xFD, 0x8B, 0x5C, 0x2A, 0x61, 0xC0, 0xDA,
	0xEE, 0x37, 0xEF, 0xFF, 0xDF, 0xB0, 0x00, 0x03, 0xFC, 0x60, 0x01, 0x42,
	0x05, 0xFE, 0xDC, 0x00, 0x00, 0x00, 0xF0, 0x00, 0x00, 0x00, 0x00, 0x00,
	0x00, 0x00, 0xC0, 0x00, 0xDB, 0xFF, 0xD7, 0xFF, 0xDE, 0x43, 0x6D, 0x5C,
	0x0F, 0xDB, 0x7F, 0xFF, 0x82, 0x7F, 0xFF, 0xFF, 0xF5, 0x09, 0xC2, 0x00,
	0x0E, 0xD9, 0xC5, 0x83, 0xDF, 0x5B, 0x00, 0x01, 0x00, 0x03, 0xFA, 0x00,
	0x00, 0x00, 0x00, 0x00, 0x00, 0x01, 0x00, 0x00, 0xBF, 0xFF, 0xB9, 0xFE,
	0x98, 0xFF, 0xB7, 0x4D, 0xCE, 0xFE, 0x64, 0x4B, 0xF1, 0xE7, 0xFF, 0xDF,
	0xE4, 0x2E, 0x79, 0x00, 0x07, 0xF8, 0x8F, 0x7C, 0x00, 0x60, 0x00, 0x00,
	0x20, 0x18, 0xE1, 0x60, 0x00, 0x00, 0x00, 0x00, 0x10, 0x00, 0x00, 0x01,
	0xFF, 0xFF, 0xBE, 0xCE, 0x65, 0x3F, 0xDC, 0xF0, 0xB8, 0xFB, 0xFF, 0xFB,
	0xFF, 0xF8, 0x7F, 0xFF, 0x8D, 0x16, 0x50, 0x00, 0x01, 0xFF, 0x86, 0x00,
	0x00, 0x08, 0x24, 0x00, 0x00, 0x7F, 0x60, 0x00, 0x02, 0x00, 0x00, 0x04,
	0x00, 0x00, 0x18, 0x00, 0xFB, 0xFF, 0xF8, 0xB9, 0xCF, 0x02, 0xE5, 0xAF,
	0x99, 0xF7, 0xFF, 0x5F, 0xEE, 0x7F, 0xE7, 0xFF, 0xCC, 0x01, 0x82, 0x10,
	0x00, 0x0F, 0x58, 0x00, 0x00, 0x00, 0x00, 0x14, 0x00, 0x39, 0xF3, 0xC0,
	0x06, 0x00, 0x00, 0x00, 0x28, 0x00, 0x00, 0x00, 0xFF, 0xFF, 0xD8, 0x3F,
	0xD8, 0x3E, 0x4F, 0x2D, 0x2D, 0xB0, 0xF9, 0x97, 0xC7, 0x8F, 0x0F, 0xFF,
	0xF8, 0x00, 0xC5, 0xC2, 0x40, 0x06, 0x20, 0x03, 0x80, 0x00, 0x00, 0x0C,
	0x01, 0x6E, 0x7C, 0x00, 0x02, 0x10, 0x00, 0x24, 0x00, 0x00, 0x00, 0x00,
	0xFE, 0x0D, 0xDE, 0x08, 0xFF, 0xE0, 0xC5, 0xDF, 0x52, 0x7B, 0xFF, 0xDB,
	0xB1, 0x1F, 0xF7, 0xF3, 0xFF, 0xC0, 0x41, 0x26, 0xC0, 0x3F, 0xC0, 0x02,
	0x00, 0x00, 0x00, 0x01, 0x9E, 0x30, 0x00, 0x04, 0x00, 0x70, 0x00, 0x28,
	0x01, 0x00, 0x00, 0x00, 0xFF, 0xCF, 0x97, 0x83, 0xFF, 0x27, 0xC4, 0x7F,
	0xFF, 0x7F, 0xE9, 0xF6, 0x03, 0x5F, 0xF7, 0xF8, 0x5F, 0xE8, 0x06, 0x18,
	0x3B, 0x81, 0x60, 0x00, 0x00, 0x00, 0x01, 0x00, 0x09, 0x71, 0xC0, 0x16,
	0x00, 0xE0, 0x10, 0x98, 0x00, 0x00, 0x00, 0x00, 0x7F, 0x23, 0xF3, 0x9B,
	0xCD, 0x8E, 0x3B, 0xFD, 0xFC, 0xFE, 0x3F, 0xCF, 0x1D, 0xB0, 0x70, 0xFF,
	0xE3, 0xE4, 0x07, 0xFF, 0xFF, 0xE7, 0xE0, 0x00, 0x00, 0x00, 0x00, 0x00,
	0x0C, 0x00, 0x6E, 0x69, 0x00, 0x84, 0x00, 0x00, 0xC0, 0x00, 0x00, 0x00,
	0x7B, 0xFE, 0x77, 0xF1, 0x9F, 0x3F, 0x0E, 0x46, 0xC8, 0xDC, 0x07, 0xE1,
	0x86, 0xF0, 0x7C, 0x3F, 0xE7, 0xCA, 0xC3, 0xFF, 0xFE, 0x4F, 0xE0, 0x02,
	0x00, 0x00, 0x08, 0x00, 0x04, 0x00, 0x0B, 0xE7, 0xE2, 0x12, 0x40, 0x00,
	0x00, 0x02, 0x00, 0x20, 0xFF, 0xFE, 0x2F, 0x85, 0xEB, 0x6F, 0xC0, 0xF1,
	0x40, 0x0C, 0x0B, 0x7F, 0xF1, 0xE3, 0xFF, 0xFF, 0xF1, 0xE7, 0x0D, 0x67,
	0xFC, 0x08, 0x00, 0x01, 0x80, 0x01, 0x00, 0x03, 0xFE, 0x13, 0x94, 0xD7,
	0xF1, 0x04, 0x00, 0x00, 0x00, 0x00, 0x00, 0x60, 0xE1, 0xFF, 0xCD, 0xF6,
	0xA1, 0xD4, 0x63, 0xD8, 0x38, 0x7E, 0x3D, 0x7E, 0xFF, 0x3F, 0xFE, 0xFF,
	0xF4, 0x00, 0x90, 0x0F, 0xD0, 0x30, 0x0C, 0x00, 0x00, 0x3F, 0x50, 0x9F,
	0xFF, 0xFF, 0x20, 0x03, 0xF9, 0x00, 0x00, 0x00, 0x07, 0xE1, 0x46, 0x02,
	0x5C, 0xEF, 0x8B, 0xFF, 0x72, 0x58, 0x1B, 0x00, 0xB9, 0x6F, 0x3C, 0xC0,
	0xFE, 0x01, 0xFF, 0x03, 0xFF, 0xEC, 0x00, 0x31, 0xE0, 0x00, 0x15, 0x80,
	0x0F, 0xC7, 0xC4, 0x26, 0xF0, 0x8C, 0x3D, 0x24, 0xFD, 0x04, 0x00, 0x01,
	0x36, 0x40, 0x00, 0x00, 0xDE, 0xDF, 0xF3, 0xFF, 0x8A, 0x60, 0xCE, 0x0E,
	0xFB, 0x7F, 0xFE, 0x8C, 0x20, 0x01, 0xFF, 0xCF, 0xE2, 0xE0, 0x01, 0x38,
	0xF8, 0x01, 0xFF, 0x61, 0xF3, 0xF8, 0x41, 0xFB, 0x20, 0x7F, 0x72, 0x1F,
	0xFF, 0x01, 0x00, 0x00, 0x40, 0x00, 0x01, 0x98, 0xFF, 0xBF, 0x9B, 0xE1,
	0xEA, 0x8C, 0x18, 0x1B, 0xDE, 0x78, 0xC0, 0x2B, 0x18, 0x18, 0x3F, 0x00,
	0xE0, 0x48, 0x00, 0xF0, 0x3C, 0x1F, 0xFF, 0xBF, 0x82, 0xFE, 0x06, 0x71,
	0x81, 0x87, 0xFD, 0x93, 0x30, 0x80, 0x00, 0x00, 0x00, 0x00, 0x0A, 0x53,
	0x7F, 0xFE, 0x0C, 0x7F, 0xFF, 0xFC, 0x40, 0x00, 0x01, 0xBF, 0x00, 0xFC,
	0xC0, 0x20, 0x01, 0x7F, 0xB3, 0xC8, 0x03, 0x76, 0x1C, 0x1F, 0xFF, 0xB0,
	0xC0, 0x83, 0xB2, 0x03, 0xE0, 0x1D, 0xC1, 0xF4, 0x7C, 0x00, 0x00, 0x00,
	0x62, 0x00, 0x06, 0x30, 0x7E, 0xCF, 0xFE, 0x05, 0x79, 0xC8, 0x6F, 0xBE,
	0x1C, 0x28, 0x00, 0x9F, 0xF8, 0x07, 0x02, 0x7D, 0x00, 0x1C, 0x14, 0x69,
	0x0C, 0x0F, 0xFF, 0xF6, 0x02, 0x00, 0x1E, 0x00, 0x00, 0x18, 0xD9, 0xFD,
	0x10, 0x04, 0x00, 0x00, 0x24, 0x00, 0x18, 0x80, 0xFF, 0x4F, 0xC8, 0x7D,
	0xFF, 0x3D, 0x7F, 0x7F, 0x01, 0xC8, 0x03, 0x7F, 0xE0, 0xBF, 0xFB, 0xFF,
	0xE0, 0x8E, 0x1B, 0x25, 0x8A, 0x03, 0xFF, 0xF0, 0x00, 0x00, 0x5C, 0x00,
	0x00, 0xFF, 0x0D, 0xFF, 0xE0, 0x00, 0x08, 0x00, 0x20, 0x73, 0x02, 0x00,
	0xBE, 0x99, 0xDF, 0x79, 0x7F, 0xFF, 0xDD, 0x4E, 0xC1, 0xFA, 0x00, 0x50,
	0xF8, 0x3F, 0xFF, 0xFD, 0xB1, 0xD0, 0x84, 0x13, 0x88, 0x01, 0xF1, 0x80,
	0x00, 0x00, 0x04, 0x00, 0x70, 0x0E, 0x03, 0xFF, 0x80, 0x01, 0x9E, 0x00,
	0x20, 0x00, 0x08, 0x00, 0x0E, 0xD0, 0x3F, 0xF8, 0x5F, 0xFF, 0xE5, 0x81,
	0x98, 0x7C, 0x0D, 0x80, 0x7E, 0x5F, 0xFF, 0xF9, 0x7F, 0x04, 0x10, 0x12,
	0x80, 0x01, 0x84, 0x04, 0x00, 0x00, 0x21, 0x00, 0x7F, 0x5E, 0x0F, 0x5F,
	0x80, 0x01, 0xE0, 0x80, 0x20, 0x30, 0x00, 0x80, 0xA3, 0xE2, 0xBD, 0xEB,
	0xDE, 0x33, 0x2D, 0x53, 0xC4, 0x5E, 0x01, 0x00, 0x7F, 0xFF, 0xFD, 0xE0,
	0x36, 0x4A, 0x4B, 0x81, 0x80, 0x18, 0x06, 0x00, 0x00, 0x04, 0x03, 0x12,
	0xBC, 0x00, 0x02, 0x3E, 0x00, 0x07, 0x80, 0xA0, 0x07, 0x02, 0x08, 0x38,
	0xB3, 0x73, 0xFC, 0xAF, 0x93, 0x11, 0xBF, 0x79, 0xD0, 0xFC, 0x04, 0x00,
	0x18, 0x2F, 0xFF, 0xFB, 0x47, 0x62, 0x3B, 0x81, 0x18, 0x38, 0xA1, 0xE0,
	0x00, 0x02, 0x63, 0xBF, 0xF0, 0x00, 0x00, 0x00, 0x00, 0x1F, 0x00, 0x10,
	0x04, 0x60, 0x81, 0xA0, 0x93, 0x84, 0x7E, 0x1F, 0x8E, 0x88, 0x40, 0x2F,
	0xC0, 0x20, 0x06, 0x33, 0x78, 0xFF, 0xFF, 0xFF, 0xB0, 0x7E, 0x00, 0x86,
	0x8E, 0x03, 0xEE, 0x00, 0x5E, 0x0F, 0xBC, 0xDF, 0x80, 0x00, 0x3C, 0x00,
	0x00, 0x7B, 0x80, 0x1C, 0x00, 0x02, 0x08, 0xC4, 0xAF, 0x34, 0xFF, 0xF9,
	0x3B, 0xDE, 0x05, 0xFF, 0xF1, 0x38, 0x01, 0xFF, 0xE7, 0xFF, 0xFF, 0xFC,
	0x80, 0xFC, 0x8C, 0x31, 0x0E, 0x03, 0xE7, 0xFB, 0x1F, 0x80, 0x0F, 0xFB,
	0x00, 0x16, 0x60, 0x00, 0x00, 0xF9, 0xEE, 0xEE, 0x00, 0x20, 0x07, 0xC1,
	0xF0, 0x15, 0xFC, 0x96, 0xFF, 0xB1, 0xB8, 0x21, 0xFE, 0xFF, 0x93, 0x7F,
	0xFF, 0xFF, 0xFF, 0x4C, 0x81, 0x60, 0xF0, 0x40, 0x07, 0x21, 0x0F, 0x67,
	0x85, 0x80, 0x01, 0xFD, 0x00, 0x00, 0x00, 0x00, 0x00, 0x5D, 0x81, 0x1F,
	0x20, 0x20, 0xA5, 0xF0, 0xF6, 0x0E, 0x3D, 0x27, 0x0E, 0xFC, 0xFE, 0xC7,
	0xE4, 0xFD, 0xFF, 0xDF, 0xFF, 0xFF, 0xFF, 0x15, 0x00, 0xD7, 0x00, 0x01,
	0x84, 0x1C, 0xF9, 0x1D, 0x80, 0x31, 0xA3, 0x27, 0xC0, 0x00, 0x04, 0x20,
	0x00, 0x7F, 0x38, 0x5C, 0x81, 0xA0, 0x03, 0xB3, 0xF8, 0xFF, 0xFF, 0xFE,
	0x29, 0x7F, 0xBC, 0xCE, 0xB4, 0x0A, 0xFE, 0xFF, 0xEF, 0xEA, 0xE2, 0x04,
	0x04, 0x7E, 0x00, 0xC1, 0x81, 0xC7, 0xE0, 0x00, 0x00, 0x00, 0x20, 0xD1,
	0x7C, 0x00, 0x08, 0x80, 0x00, 0xFD, 0xFD, 0xFE, 0xC0, 0x40, 0x09, 0x86,
	0xFF, 0xA4, 0x7D, 0x10, 0x99, 0x2D, 0x9F, 0xE1, 0x9C, 0x14, 0xFF, 0x9F,
	0xEF, 0xED, 0x0D, 0x0B, 0xC0, 0x18, 0x38, 0xFC, 0x0A, 0x9F, 0x00, 0x00,
	0x00, 0x03, 0x0C, 0x27, 0xF8, 0x00, 0x07, 0x00, 0x0F, 0xFF, 0xF1, 0xB9,
	0xD8, 0x00, 0x04, 0x06, 0x7D, 0x8E, 0x20, 0x29, 0x1F, 0xB4, 0xDD, 0xFF,
	0xFF, 0xE1, 0xFB, 0xC7, 0xBF, 0xFF, 0x14, 0xCE, 0xF8, 0xFB, 0x80, 0xEB,
	0x91, 0xFF, 0xEC, 0x00, 0x00, 0x00, 0x07, 0x9A, 0x80, 0x00, 0x00, 0x00,
	0x1F, 0xC8, 0x00, 0x1E, 0xF8, 0x00, 0x30, 0x59, 0xFF, 0xFF, 0x87, 0x80,
	0x03, 0xFF, 0xFE, 0x1E, 0xFE, 0x13, 0x81, 0x62, 0xFF, 0xF8, 0x62, 0x3F,
	0xC8, 0xC8, 0x03, 0xE9, 0x15, 0xFD, 0x04, 0x20, 0x00, 0x00, 0x00, 0x1F,
	0x00, 0x00, 0x28, 0x00, 0x07, 0x00, 0x00, 0x13, 0xF4, 0x01, 0xAF, 0xE0,
	0xBF, 0xC1, 0xF7, 0x83, 0x8A, 0x00, 0x72, 0x3A, 0xA1, 0xC0, 0x00, 0xFD,
	0xAD, 0xFF, 0x00, 0xFF, 0x80, 0xF5, 0x9F, 0xF0, 0x40, 0x1B, 0x04, 0x00,
	0x00, 0x00, 0x00, 0x14, 0x00, 0x03, 0x00, 0x00, 0x80, 0x00, 0x00, 0x04,
	0x70, 0x00, 0x02, 0xD2, 0xE1, 0x08, 0xC5, 0xC5, 0x17, 0x81, 0x7F, 0x37,
	0xC4, 0x00, 0x00, 0x00, 0x80, 0x0A, 0x8E, 0x7E, 0x01, 0x11, 0xFF, 0xA2,
	0x27, 0xD0, 0x80, 0x00, 0x00, 0x00, 0x00, 0xE0, 0x03, 0xFF, 0xE0, 0x00,
	0x80, 0x00, 0x00, 0x02, 0x00, 0x00, 0x69, 0xE0, 0xBF, 0x26, 0xAB, 0x67,
	0xFF, 0xE1, 0xF8, 0x2A, 0xA0, 0x00, 0x00, 0x00, 0x40, 0x0F, 0xF8, 0x1F,
	0xC3, 0x30, 0x7E, 0x54, 0x10, 0x04, 0x00, 0x00, 0x00, 0x0F, 0xBD, 0xC0,
	0x05, 0xFB, 0xC0, 0x01, 0xC0, 0x00, 0x00, 0x00, 0x40, 0x02, 0x80, 0x42,
	0x87, 0x7F, 0xE0, 0x40, 0x05, 0x11, 0x71, 0x5F, 0xFD, 0xF8, 0x00, 0x00,
	0x00, 0x00, 0xFF, 0x1E, 0xC9, 0x21, 0xFC, 0x3C, 0x11, 0xB7, 0xD2, 0x80,
	0x09, 0xF2, 0xE7, 0x20, 0x03, 0xED, 0xE0, 0x01, 0x80, 0x00, 0x00, 0x00,
	0x80, 0x05, 0x62, 0x00, 0xF7, 0xFD, 0xA4, 0x4F, 0xF6, 0x39, 0xBF, 0x5F,
	0xF7, 0xF5, 0x80, 0x00, 0x00, 0x07, 0xFF, 0xF0, 0xC7, 0x31, 0xE0, 0xBB,
	0x0A, 0xFF, 0xE5, 0xEE, 0x7F, 0xFF, 0xF8, 0x00, 0x00, 0x1F, 0xC0, 0x05,
	0x80, 0x00, 0x00, 0x00, 0x00, 0x08, 0x00, 0x2E, 0x4F, 0xE9, 0x98, 0xD6,
	0xAD, 0xF1, 0x7D, 0xED, 0x1E, 0x1A, 0x40, 0x00, 0x00, 0x00, 0x05, 0xF9,
	0xB6, 0x43, 0xCB, 0xF3, 0x81, 0xFF, 0xFF, 0xEA, 0x84, 0xFF, 0xC8, 0x10,
	0x1F, 0xDC, 0xC0, 0x08, 0x00, 0x00, 0x00, 0x00, 0x01, 0x82, 0x04, 0x1F,
	0x97, 0xA0, 0x1C, 0x77, 0xF8, 0x0F, 0x8F, 0xD4, 0x34, 0x78, 0x82, 0x12,
	0x10, 0x00, 0x13, 0x85, 0x13, 0xD0, 0xC5, 0xE0, 0xC0, 0x9F, 0xFE, 0xF9,
	0x01, 0x3F, 0x70, 0x10, 0xDF, 0xEE, 0x80, 0x10, 0x04, 0x00, 0x00, 0x04,
	0x01, 0x44, 0x10, 0x1B, 0x15, 0xFF, 0x25, 0x5D, 0xAD, 0x80, 0xFE, 0xBC,
	0x53, 0xC0, 0x08, 0x08, 0x7E, 0x00, 0x05, 0x66, 0x20, 0xA1, 0x89, 0xFC,
	0x30, 0x1F, 0xDF, 0xF0, 0x7F, 0xDF, 0xFD, 0xF8, 0x4F, 0xFE, 0x80, 0x18,
	0x02, 0x00, 0x00, 0x00, 0x02, 0x2C, 0x00, 0x02, 0x81, 0x73, 0x47, 0xFF,
	0x78, 0x49, 0xF3, 0xD8, 0x42, 0xE6, 0x00, 0x40, 0x00, 0x00, 0x3F, 0x08,
	0x00, 0x80, 0x7F, 0xE4, 0xE0, 0x3F, 0xDB, 0x74, 0xFF, 0xF9, 0xF7, 0x28,
	0x00, 0xF3, 0x80, 0x40, 0x30, 0x00, 0x00, 0x08, 0x00, 0x2E, 0x00, 0x2A,
	0x85, 0xAC, 0x0F, 0xE6, 0x39, 0x07, 0xF1, 0xE8, 0x49, 0x11, 0x00, 0x10,
	0x05, 0x80, 0x07, 0xA7, 0xCC, 0xC1, 0x07, 0x68, 0x40, 0x33, 0xEF, 0xB7,
	0x7E, 0xFF, 0xF3, 0xC8, 0xE4, 0x7A, 0xC1, 0xE0, 0x00, 0x00, 0x00, 0x08,
	0x00, 0x20, 0x00, 0x04, 0x54, 0x5F, 0xCB, 0x62, 0xEE, 0xFF, 0x6F, 0x52,
	0x8B, 0x80, 0x00, 0x38, 0xA5, 0x00, 0x05, 0xB6, 0x78, 0x41, 0xF7, 0x47,
	0xC0, 0x18, 0xDD, 0xE3, 0xBE, 0x17, 0xC0, 0x0E, 0xEF, 0xFF, 0x10, 0x70,
	0x00, 0x00, 0x00, 0x00, 0x00, 0x00, 0x01, 0x9C, 0xFF, 0xFC, 0xE8, 0xC7,
	0xFF, 0x03, 0xBD, 0xC8, 0x0B, 0x20, 0x00, 0x16, 0x07, 0x20, 0x05, 0xF2,
	0x18, 0x84, 0x0C, 0x82, 0x81, 0xD0, 0xFC, 0x3C, 0x24, 0x7F, 0x7F, 0x9F,
	0xC9, 0xE7, 0xD3, 0xF0, 0x00, 0x00, 0x00, 0x00, 0x00, 0x10, 0x01, 0xD1,
	0x32, 0x1F, 0x3B, 0x01, 0xD2, 0x13, 0x3F, 0x71, 0x2B, 0xA0, 0x00, 0x33,
	0x0E, 0x38, 0x0B, 0x00, 0x4A, 0x11, 0x37, 0x80, 0x00, 0x0E, 0x7B, 0x8C,
	0x1F, 0x60, 0x00, 0x1F, 0x80, 0x43, 0xBF, 0x20, 0x00, 0x0C, 0x00, 0x20,
	0x00, 0x03, 0xF7, 0xDA, 0x24, 0xBD, 0x5B, 0xBA, 0x39, 0xFB, 0xE8, 0x65,
	0xE9, 0x20, 0x18, 0xAF, 0x04, 0x40, 0x29, 0xA0, 0x00, 0x12, 0xE2, 0x80,
	0x00, 0x02, 0x7C, 0xED, 0x02, 0x00, 0x00, 0x87, 0xC1, 0xFF, 0x97, 0x40,
	0x00, 0xDF, 0x00, 0x20, 0x00, 0x80, 0x16, 0x96, 0xCB, 0x3F, 0xB0, 0x10,
	0x30, 0xFD, 0x7E, 0x74, 0x34, 0x08, 0x40, 0x08, 0x04, 0x00, 0x2F, 0x83,
	0xD0, 0x45, 0x88, 0x80, 0x00, 0x00, 0xFC, 0x77, 0x20, 0x00, 0x83, 0x08,
	0x03, 0x80, 0x44, 0x00, 0x00, 0xFF, 0x00, 0x00, 0x00, 0x01, 0x01, 0xBE,
	0xFD, 0xB7, 0xFE, 0x4C, 0x6D, 0x76, 0x31, 0x48, 0x56, 0x61, 0x8E, 0x0E,
	0x82, 0xC0, 0x38, 0xB0, 0x60, 0x09, 0xE0, 0x20, 0x00, 0x01, 0xC7, 0xF4,
	0x08, 0x00, 0x60, 0xC6, 0x88, 0x00, 0x5E, 0x01, 0x3F, 0xFF, 0xC0, 0x40,
	0x00, 0x01, 0xE8, 0xF0, 0xFF, 0xBC, 0x9F, 0x40, 0x16, 0x7E, 0x3D, 0xC9,
	0xFF, 0xC7, 0xA0, 0x98, 0x01, 0xE0, 0xC8, 0x70, 0x01, 0x02, 0x40, 0x38,
	0x00, 0x00, 0x41, 0x20, 0x00, 0x40, 0x40, 0xFF, 0xEC, 0x00, 0x20, 0x01,
	0x3E, 0x3D, 0xFF, 0x88, 0x00, 0x00, 0x0B, 0xB6, 0x03, 0xFF, 0x1A, 0xE7,
	0x33, 0x45, 0x0B, 0x8F, 0x61, 0x0D, 0x81, 0x20, 0x2D, 0xE6, 0xC1, 0x42,
	0x80, 0x04, 0x40, 0x0C, 0x00, 0x01, 0x22, 0x01, 0x00, 0x40, 0x40, 0x30,
	0xFF, 0x00, 0x08, 0x00, 0x38, 0x27, 0xE7, 0x01, 0x00, 0x00, 0xC1, 0xFF,
	0xD9, 0x77, 0xD2, 0x1F, 0x36, 0x1B, 0x04, 0xD3, 0xF2, 0x00, 0xC1, 0x00,
	0xA6, 0x6F, 0xD2, 0x04, 0x04, 0x22, 0x3F, 0x86, 0x00, 0x00, 0x01, 0x83,
	0x38, 0x07, 0xE0, 0x58, 0x7F, 0x80, 0x42, 0x01, 0x18, 0x07, 0xE0, 0x00,
	0x00, 0x08, 0xE7, 0xFE, 0x71, 0xED, 0x0E, 0x90, 0xB4, 0x31, 0x25, 0xC7,
	0xE6, 0x32, 0x03, 0x00, 0x04, 0x16, 0x44, 0x18, 0x0D, 0xDF, 0x22, 0x03,
	0x80, 0x00, 0x03, 0xE0, 0x1F, 0x9F, 0xC0, 0x40, 0x7F, 0x67, 0xE1, 0x00,
	0x00, 0x00, 0x04, 0x00, 0x00, 0x80, 0x0E, 0xEC, 0x0C, 0xEA, 0xB9, 0x07,
	0x66, 0xE4, 0x00, 0x83, 0x04, 0x22, 0x0D, 0x81, 0x0A, 0x0E, 0x64, 0x00,
	0x13, 0x1E, 0x91, 0xFC, 0x50, 0x00, 0x06, 0x74, 0x1C, 0x0B, 0xC0, 0x60,
	0x7F, 0xF3, 0x80, 0x00, 0x00, 0x00, 0x00, 0x00, 0x00, 0x00, 0x8F, 0xF8,
	0x2F, 0xF6, 0x7A, 0x80, 0xFA, 0x59, 0x01, 0x92, 0x0C, 0x12, 0x00, 0x40,
	0x10, 0x6C, 0x88, 0x00, 0x67, 0xFE, 0x97, 0xF5, 0xE0, 0x00, 0x07, 0x96,
	0x14, 0x00, 0x90, 0x00, 0x7F, 0xB2, 0xFF, 0x80, 0x00, 0x00, 0x18, 0x60,
	0x00, 0x00, 0x3F, 0xC0, 0x87, 0xAD, 0xC2, 0xC2, 0x40, 0x0C, 0x02, 0x34,
	0xE0, 0x07, 0xF9, 0xE8, 0xFC, 0x3B, 0x89, 0x01, 0x3F, 0xF9, 0x09, 0xFE,
	0xCF, 0x00, 0x07, 0x80, 0x1D, 0x80, 0x24, 0x00, 0x7F, 0xF8, 0xCF, 0x88,
	0x00, 0x10, 0x20, 0x00, 0x20, 0x08, 0xEF, 0x80, 0xBB, 0xA3, 0x43, 0xB9,
	0xC0, 0x0C, 0x17, 0x0E, 0xE0, 0x01, 0x04, 0x00, 0xDD, 0x0C, 0x2A, 0x00,
	0x3F, 0xBE, 0x07, 0xC1, 0x02, 0x00, 0x1A, 0x80, 0x01, 0x00, 0x18, 0x00,
	0x3F, 0xF4, 0x3F, 0x7F, 0xF0, 0x00, 0x40, 0x00, 0x20, 0x00, 0x7F, 0xE0,
	0xE0, 0x0A, 0x8E, 0x86, 0x32, 0x20, 0x20, 0x9D, 0x00, 0x04, 0x05, 0x1C,
	0x70, 0x22, 0x08, 0x0F, 0x13, 0xFE, 0x27, 0x80, 0x0C, 0x00, 0x04, 0x80,
	0x21, 0x00, 0x40, 0x04, 0x1F, 0xC7, 0xFC, 0xC6, 0xFC, 0x00, 0x80, 0x00,
	0xE9, 0x60, 0x77, 0xC0, 0x77, 0x08, 0x7C, 0x46, 0x7E, 0x40, 0xA0, 0x3B,
	0x0C, 0x09, 0x01, 0xDD, 0x00, 0x37, 0x08, 0x28, 0x88, 0xF4, 0x27, 0x80,
	0xA3, 0xC8, 0xEE, 0x82, 0x98, 0x00, 0x00, 0x5C, 0x1F, 0xE0, 0xFE, 0xBE,
	0xFF, 0xF0, 0x80, 0x01, 0xD9, 0xB0, 0x7F, 0xC0, 0x9C, 0x41, 0x7C, 0x37,
	0x5F, 0x00, 0x01, 0xDB, 0x78, 0x0A, 0x04, 0x80, 0x2F, 0x9B, 0x80, 0x20,
	0x67, 0xFF, 0x3F, 0xC0, 0x04, 0x10, 0x1B, 0x50, 0x08, 0x02, 0x02, 0xFF,
	0xF8, 0x00, 0x7F, 0x86, 0xFF, 0xFE, 0x00, 0x03, 0x09, 0xC3, 0xFF, 0xC0,
	0x7D, 0xCC, 0x16, 0x0F, 0xD5, 0xC8, 0x88, 0x31, 0x00, 0x3E, 0x03, 0x00,
	0x4C, 0x08, 0xE0, 0x01, 0x13, 0xFF, 0x9F, 0xE0, 0x00, 0x88, 0x00, 0x00,
	0x04, 0x00, 0x01, 0xB7, 0x80, 0x70, 0x1F, 0xD6, 0x01, 0xF3, 0x90, 0x00,
	0x1F, 0xCF, 0xFF, 0xC0, 0xFE, 0x68, 0x34, 0x9E, 0x3B, 0xD8, 0x00, 0x22,
	0x00, 0xA8, 0x01, 0xF0, 0x08, 0x00, 0x00, 0x80, 0x1F, 0xFE, 0x39, 0x70,
	0xE0, 0x14, 0x00, 0x00, 0x02, 0xC7, 0x1F, 0xF8, 0x03, 0xF8, 0x0F, 0xA0,
	0x00, 0x1F, 0x80, 0x00, 0x96, 0x7F, 0xFF, 0x80, 0x20, 0x23, 0xF8, 0x8C,
	0x7C, 0x17, 0x1D, 0xF8, 0x03, 0x64, 0x07, 0xC6, 0x41, 0xFF, 0x81, 0xE1,
	0x9F, 0xFC, 0x60, 0x38, 0x40, 0x04, 0x02, 0x00, 0x0C, 0xC0, 0x00, 0x00,
	0x1C, 0x08, 0x10, 0x40, 0x00, 0x04, 0xE0, 0x00, 0x36, 0x5F, 0xF7, 0x89,
	0x00, 0x3C, 0x03, 0x60, 0x30, 0x0A, 0x82, 0x50, 0x09, 0xE0, 0x03, 0xFF,
	0x07, 0xFF, 0x03, 0xF9, 0xCB, 0xFC, 0x60, 0x6C, 0x38, 0x01, 0x85, 0xA9,
	0xC2, 0x10, 0x00, 0x00, 0xF6, 0xE0, 0x07, 0xE8, 0x00, 0x00, 0xF0, 0x73,
	0xE6, 0x00, 0x7F, 0x13, 0x80, 0x59, 0xF7, 0xC4, 0x18, 0x5B, 0xEC, 0xA8,
	0x00, 0x78, 0xFC, 0x9E, 0x0F, 0xFE, 0x07, 0x3C, 0x03, 0xBF, 0xC0, 0xB6,
	0x02, 0x04, 0xC0, 0x79, 0xE0, 0x14, 0x03, 0x01, 0x1F, 0x42, 0x07, 0x80,
	0x00, 0x0C, 0x00, 0x9F, 0xF7, 0x20, 0x7F, 0x62, 0x00, 0xA3, 0xDE, 0xC0,
	0x32, 0x6C, 0x1D, 0xE8, 0x78, 0xBC, 0xFE, 0xDF, 0x1F, 0xF8, 0x0F, 0x80,
	0x05, 0xF0, 0x00, 0x33, 0x94, 0xC4, 0x00, 0x09, 0x2C, 0x08, 0x47, 0x0E,
	0x3B, 0xC4, 0x1C, 0x00, 0x01, 0x00, 0x40, 0x0B, 0xFF, 0xF8, 0x31, 0x20,
	0x00, 0x57, 0xD7, 0x84, 0x14, 0x01, 0x12, 0x94, 0x18, 0xC3, 0x3F, 0xE0,
	0x00, 0x00, 0x17, 0x80, 0x00, 0xEF, 0x03, 0x03, 0x09, 0x92, 0x02, 0x03,
	0x23, 0x05, 0x9F, 0x80, 0x81, 0x0C, 0xB0, 0x00, 0x00, 0x40, 0x00, 0x81,
	0xF7, 0xFC, 0x00, 0x20, 0x00, 0x9F, 0xFE, 0x20, 0x11, 0xED, 0x60, 0x00,
	0x9F, 0x08, 0x9F, 0xC0, 0x02, 0x00, 0x11, 0xF0, 0x03, 0x7E, 0xFE, 0x00,
	0x38, 0x00, 0x07, 0x90, 0x00, 0x67, 0x00, 0x05, 0xE0, 0x71, 0x80, 0x00,
	0x91, 0x20, 0x00, 0x00, 0x9E, 0x00, 0x04, 0x10, 0x20, 0x68, 0xC4, 0x07,
	0x1E, 0x07, 0x62, 0x76, 0x46, 0xC5, 0xC0, 0x00, 0x00, 0x00, 0xA9, 0x00,
	0x0D, 0x5E, 0x0E, 0x00, 0x08, 0x84, 0x00, 0x80, 0x3E, 0x00, 0x80, 0x9F,
	0x8B, 0xBC, 0x00, 0x00, 0x90, 0x00, 0x00, 0x00, 0xDF, 0x00, 0x02, 0x04,
	0x41, 0xD7, 0x0A, 0x10, 0x10, 0x00, 0x0C, 0x6F, 0xA6, 0x4D, 0x30, 0x44,
	0x00, 0x0A, 0xA5, 0x00, 0x00, 0x03, 0xCC, 0x00, 0x00, 0x08, 0x00, 0x1C,
	0x38, 0x00, 0x00, 0x00, 0xFF, 0x80, 0x05, 0x00, 0x04, 0x00, 0x00, 0x00,
	0x25, 0x00, 0x00, 0x00, 0x07, 0x8D, 0xE1, 0x24, 0x28, 0x02, 0x30, 0xDF,
	0x02, 0x5F, 0xE4, 0x19, 0x05, 0x19, 0x02, 0x00, 0x00, 0x07, 0xC8, 0x00,
	0x00, 0x02, 0x01, 0xC0, 0x00, 0x00, 0x00, 0x01, 0xFF, 0x80, 0x00, 0x00,
	0x00, 0x00, 0x00, 0x00, 0x26, 0x20, 0x10, 0xC3, 0x7F, 0xF9, 0x90, 0xD6,
	0xC1, 0x52, 0x7F, 0xF8, 0x00, 0x00, 0x11, 0xC1, 0x00, 0x7A, 0x27, 0x00,
	0x00, 0x07, 0x08, 0x1C, 0x40, 0x00, 0x10, 0x2E, 0x04, 0x00, 0x00, 0x10,
	0x0F, 0x00, 0x00, 0x00, 0x00, 0x00, 0x00, 0x00, 0x03, 0x00, 0x04, 0xF8,
	0x66, 0x30, 0xF2, 0xA0, 0xD2, 0xFC, 0x7F, 0xC1, 0x00, 0x00, 0x01, 0xA1,
	0x01, 0xEE, 0xEA, 0x00, 0x00, 0x01, 0xE0, 0x14, 0xC8, 0xC0, 0x10, 0x44,
	0x00, 0x00, 0x00, 0x10, 0x1E, 0x00, 0x00, 0x00, 0x40, 0x00, 0x00, 0x00,
	0x00, 0x80, 0x00, 0x9D, 0x00, 0x00, 0x00, 0x3F, 0x80, 0x07, 0xFF, 0xFF,
	0xFF, 0xFF, 0xFF, 0xFF, 0xFF, 0xFF, 0xFF, 0xFF, 0xFF, 0xFF, 0xE0, 0x83,
	0x88, 0x0F, 0x52, 0x25, 0xE0, 0x20, 0x00, 0x2B, 0x1F, 0x8C, 0x20, 0x8F,
	0x66, 0x08, 0x00, 0x00, 0x80, 0x00, 0x20, 0x20, 0x00, 0x00, 0x00, 0x7E,
	0x40, 0x00, 0x4F, 0xFF, 0xFF, 0xFF, 0xFF, 0xFF, 0xFF, 0xFF, 0xFF, 0xFF,
	0xFF, 0xFF, 0xB0, 0x15, 0x60, 0x5E, 0x0F, 0x00, 0xC0, 0x00, 0x40, 0x7D,
	0x7A, 0x33, 0xE8, 0x19, 0xBC, 0x28, 0x00, 0x00, 0x00, 0x00, 0x30, 0x03,
	0x00, 0x01, 0xFF, 0xF0, 0x20, 0x00, 0x0F, 0xFF, 0xFF, 0xFF, 0xFF, 0xFF,
	0xFF, 0xFF, 0xFF, 0xFF, 0xFF, 0xFF, 0x40, 0x03, 0x00, 0x06, 0x01, 0x71,
	0x00, 0x60, 0x00, 0x19, 0xE9, 0xA7, 0x40, 0x28, 0x7C, 0xF2, 0x00, 0x00,
	0x00, 0x00, 0x08, 0x02, 0x0F, 0x1F, 0xFA, 0xDE, 0x10, 0x00, 0x1F, 0xFF,
	0xFF, 0xFF, 0xFF, 0xFF, 0xFF, 0xFF, 0xFF, 0xFF, 0xFF, 0xFF, 0xE0, 0x00,
	0x00, 0x01, 0x0F, 0xB2, 0x41, 0xC0, 0x00, 0x43, 0xC8, 0x2E, 0x00, 0x22,
	0xEC, 0xB2, 0x00, 0x00, 0x00, 0x00, 0x30, 0x00, 0xE6, 0xFF, 0xFF, 0x5F,
	0xE4, 0x00, 0xFF, 0xFF, 0xFF, 0xFF, 0xFF, 0xFF, 0xFF, 0xFF, 0xFF, 0xFF,
	0xFF, 0xFF, 0x04, 0x81, 0x18, 0x0E, 0x3F, 0x6C, 0xF1, 0xE4, 0x00, 0x03,
	0xDC, 0x00, 0x00, 0xE3, 0xF8, 0x8E, 0x00, 0x00, 0x00, 0x06, 0x60, 0x00,
	0x31, 0xFD, 0xFF, 0xF8, 0xDB, 0x01, 0xFF, 0xFF, 0xFF, 0xFF, 0xFF, 0xFF,
	0xFF, 0xFF, 0xFF, 0xFF, 0xFF, 0xFF, 0x0C, 0xC1, 0x84, 0x12, 0x26, 0xE7,
	0xF4, 0x00, 0x00, 0x34, 0xE7, 0x1C, 0x08, 0xCF, 0x38, 0xE2, 0x05, 0x80,
	0x00, 0x0C, 0x40, 0x80, 0x07, 0xFF, 0xFF, 0xDF, 0xF9, 0x01, 0xFF, 0xFF,
	0xFF, 0xFF, 0xFF, 0xFF, 0xFF, 0xFF, 0xFF, 0xFF, 0xFF, 0xF7, 0x34, 0x23,
	0x80, 0x00, 0x03, 0x0C, 0x50, 0x00, 0x00, 0x3C, 0xE3, 0x20, 0x10, 0x3B,
	0xEC, 0xE5, 0x80, 0x00, 0x00, 0x00, 0x1C, 0x80, 0xE9, 0xFF, 0xF9, 0xFF,
	0xFE, 0x70, 0x3F, 0xFF, 0xFF, 0xFF, 0xFF, 0xFF, 0xFF, 0xFF, 0xFF, 0xFF,
	0xFF, 0xFE, 0x00, 0x42, 0x88, 0x00, 0xFB, 0x64, 0x80, 0x08, 0x00, 0x44,
	0xD3, 0x06, 0x88, 0xEE, 0x24, 0xE4, 0xC0, 0x00, 0x01, 0xC0, 0x12, 0x80,
	0xC2, 0x1B, 0xF9, 0xEF, 0xFF, 0xFE, 0x03, 0x0F, 0xFF, 0xFF, 0xFF, 0xFF,
	0xFF, 0xFF, 0xFF, 0xFF, 0xFF, 0xF6, 0x00, 0x4C, 0x06, 0x2B, 0x74, 0x12,
	0x80, 0x05, 0x00, 0x20, 0x24, 0x07, 0x43, 0x30, 0x00, 0x1A, 0x01, 0xC8,
	0x00, 0xC2, 0x44, 0x00, 0xF1, 0xFE, 0x08, 0xDF, 0xB7, 0x73, 0xA0, 0x00,
	0xFE, 0x7F, 0xFF, 0xFF, 0xFF, 0xFF, 0xFF, 0xFF, 0xFF, 0x86, 0x40, 0x0E,
	0x39, 0x4D, 0x24, 0xC3, 0x80, 0x04, 0x00, 0x0C, 0x16, 0x67, 0x03, 0x00,
	0x44, 0xCA, 0x83, 0x00, 0x80, 0x0B, 0x80, 0x00, 0xFF, 0xFC, 0x67, 0x5F,
	0xBF, 0xC6, 0x60, 0x00, 0x1B, 0x9F, 0xFF, 0xFF, 0xFF, 0xFF, 0xFF, 0xFF,
	0xFF, 0xF7, 0xE7, 0xE5, 0xBA, 0x4E, 0x01, 0xC0, 0x94, 0x00, 0x00, 0x01,
	0x62, 0x52, 0x00, 0x38, 0x60, 0x38, 0xAF, 0x81, 0x80, 0x00, 0x00, 0x00,
	0x5F, 0xF7, 0xFF, 0xF2, 0x3F, 0xF8, 0xE0, 0x00, 0x0D, 0xDF, 0xFF, 0xFF,
	0xFF, 0xFF, 0xFF, 0xFF, 0xFF, 0xBE, 0xF9, 0xEF, 0x9E, 0x7A, 0x04, 0xCB,
	0xF4, 0x2C, 0x00, 0x01, 0x77, 0xCC, 0xA8, 0x21, 0x50, 0x2C, 0x00, 0x60,
	0x00, 0x06, 0x50, 0x10, 0x0F, 0xFE, 0x98, 0xBE, 0x7F, 0xE1, 0xD8, 0x00,
	0x0E, 0x7F, 0xFF, 0xFF, 0xFF, 0xFF, 0xFF, 0xFF, 0xFF, 0xFE, 0xF3, 0xFD,
	0x13, 0xD5, 0x28, 0x21, 0x50, 0x40, 0x00, 0x00, 0xB3, 0x8C, 0x10, 0x14,
	0x78, 0x62, 0x21, 0xC0, 0x00, 0x7A, 0x70, 0x78, 0x0B, 0xFF, 0xE7, 0x3E,
	0x77, 0x00, 0xE8, 0x00, 0x0F, 0x3F, 0xFF, 0xFF, 0xFF, 0xFF, 0xFF, 0xFF,
	0xFF, 0xFF, 0x35, 0xFF, 0x02, 0x81, 0xC6, 0x00, 0x72, 0xB0, 0x00, 0x00,
	0x05, 0x1B, 0x18, 0x00, 0x18, 0xE0, 0x20, 0x00, 0x00, 0x25, 0x08, 0x89,
	0x03, 0xBF, 0xFF, 0xAF, 0xFF, 0x06, 0xE4, 0x00, 0x0E, 0x3F, 0xFF, 0xFF,
	0xFF, 0xFF, 0xFF, 0xFF, 0xFF, 0xFF, 0xCF, 0xE6, 0x00, 0x05, 0xFE, 0x02,
	0x46, 0x50, 0x00, 0x03, 0xD1, 0x1F, 0xA8, 0x00, 0x38, 0xA0, 0x00, 0x00,
	0x00, 0x0B, 0x08, 0x02, 0x01, 0xDF, 0xF8, 0xEF, 0xFC, 0x0F, 0xE6, 0x07,
	0xEF, 0xDF, 0xFF, 0xFF, 0xFF, 0xFF, 0xFF, 0xFF, 0xFF, 0xFD, 0xEB, 0xA6,
	0x00, 0x10, 0x84, 0x01, 0xE6, 0x60, 0x00, 0x03, 0x30, 0x0A, 0x08, 0x18,
	0xFC, 0x80, 0xC0, 0x00, 0x1E, 0x04, 0x21, 0xE1, 0x01, 0x9F, 0xFF, 0x55,
	0xF8, 0x2B, 0xF0, 0x1F, 0xFF, 0xDF, 0xFF, 0xFF, 0xFF, 0xFF, 0xFF, 0xFF,
	0xFF, 0xFF, 0xB4, 0x83, 0x18, 0x74, 0x04, 0x01, 0x84, 0x00, 0x00, 0x0C,
	0x20, 0xAE, 0x80, 0x18, 0xFC, 0x70, 0x00, 0x02, 0x01, 0x04, 0x4D, 0x92,
	0x01, 0xDF, 0xFE, 0x4C, 0xFC, 0xFF, 0xE1, 0x30, 0xF3, 0xDF, 0xFF, 0xFF,
	0xFF, 0xFF, 0xFF, 0xFF, 0xFF, 0xFE, 0xF8, 0x05, 0x7D, 0xF0, 0x18, 0x02,
	0x01, 0x00, 0x01, 0x00, 0x23, 0xC8, 0x30, 0x80, 0x00, 0x10, 0x28, 0x0D,
	0x30, 0x00, 0x21, 0x41, 0x00, 0x73, 0x7E, 0xC1, 0xFE, 0xC1, 0xF1, 0x5F,
	0xFC, 0x3F, 0xFF, 0xFF, 0xFF, 0xFF, 0xFF, 0xFF, 0xFF, 0xF7, 0xB0, 0x1C,
	0x10, 0x60, 0x5A, 0xA9, 0x8C, 0x20, 0x00, 0x0C, 0x1B, 0xC0, 0x01, 0xA6,
	0x30, 0x08, 0xB4, 0x00, 0x49, 0x38, 0xB0, 0x11, 0x00, 0x7F, 0xFF, 0xD3,
	0xF9, 0x00, 0xF0, 0xFF, 0xFF, 0xFF, 0xFF, 0xFF, 0xFF, 0xFF, 0xFF, 0xFF,
	0xFF, 0xF6, 0x60, 0x10, 0x01, 0x80, 0x38, 0x82, 0xC4, 0x00, 0x00, 0x00,
	0x13, 0xE2, 0x80, 0x27, 0x22, 0x40, 0x1E, 0x80, 0x02, 0x67, 0xE2, 0x88,
	0x00, 0x6F, 0xFF, 0xFD, 0xFD, 0xF8, 0xF0, 0x7F, 0xFF, 0xFF, 0xFF, 0xFF,
	0xFF, 0xFF, 0xFF, 0xFF, 0xFF, 0xF9, 0x0E, 0x23, 0x0F, 0x80, 0xD0, 0x99,
	0x00, 0x04, 0x00, 0x60, 0x22, 0x22, 0x06, 0x32, 0xC4, 0x40, 0x04, 0x80,
	0x00, 0xC2, 0x29, 0x71, 0x00, 0x7F, 0xFF, 0xD7, 0xFD, 0xC7, 0xF8, 0x3F,
	0xFE, 0xFF, 0xFF, 0xFF, 0xFF, 0xFF, 0xFF, 0xFF, 0xFF, 0xFF, 0x1A, 0x42,
	0x0B, 0x00, 0xEF, 0x5A, 0x00, 0x04, 0x00, 0x04, 0x78, 0x61, 0x05, 0x01,
	0xE1, 0x20, 0x09, 0x00, 0x08, 0xC0, 0x20, 0x11, 0x00, 0x0B, 0x7E, 0xFF,
	0x5F, 0xE7, 0xF8, 0x3F, 0xFF, 0xFF, 0xFF, 0xFF, 0xFF, 0xFF, 0xFF, 0xFF,
	0xFF, 0xFF, 0x81, 0xC0, 0x04, 0x01, 0xF0, 0x18, 0x08, 0x04, 0x00, 0x32,
	0x40, 0x00, 0x09, 0xAF, 0xE1, 0x80, 0x88, 0x20, 0x08, 0x64, 0x2C, 0x1A,
	0x60, 0x0B, 0x74, 0x73, 0xDC, 0xDE, 0xB0, 0x1F, 0xFF, 0xFF, 0xFF, 0xFF,
	0xFF, 0xFF, 0xFF, 0xFF, 0xFF, 0xEF, 0x06, 0xA1, 0x15, 0x08, 0x0B, 0xC9,
	0x81, 0x40, 0x00, 0x38, 0xC4, 0x44, 0x14, 0x0B, 0xA0, 0x40, 0x7A, 0x08,
	0x27, 0x32, 0xEC, 0x74, 0xC0, 0x03, 0x4E, 0x3F, 0xCC, 0x7B, 0xE0, 0x0F,
	0xFF, 0xFF, 0xFF, 0xFF, 0xFF, 0xFF, 0xFF, 0xFF, 0xFF, 0xFF, 0x07, 0xDF,
	0x07, 0x2D, 0x9D, 0x4D, 0x87, 0x02, 0x00, 0x2C, 0x0D, 0x8C, 0x12, 0x0F,
	0x24, 0x44, 0x7C, 0x00, 0x45, 0xD1, 0x80, 0x02, 0xC0, 0x03, 0x3E, 0x1F,
	0xBE, 0xF7, 0xCC, 0x07, 0xFF, 0xFF, 0xFF, 0xFF, 0x0F, 0xFF, 0xFF, 0xFF,
	0xFF, 0xF0, 0x03, 0xC0, 0x00, 0x0F, 0xAD, 0x0D, 0x40, 0x00, 0x00, 0x02,
	0x82, 0x92, 0x1B, 0x83, 0xC0, 0x34, 0x41, 0x00, 0x01, 0x13, 0xA9, 0x87,
	0x40, 0x03, 0x1E, 0x1F, 0xEF, 0xFF, 0xF0, 0x03, 0xFF, 0xFF, 0xFF, 0xFF,
	0xFF, 0xFF, 0xFF, 0xFF, 0xFF, 0xFD, 0xE0, 0x00, 0x00, 0x19, 0x89, 0xFE,
	0x40, 0x00, 0x00, 0x11, 0x40, 0x89, 0x2B, 0x4F, 0x48, 0x01, 0xC8, 0x02,
	0x61, 0x32, 0x61, 0x50, 0x80, 0x00, 0x3A, 0x3F, 0xFF, 0xFF, 0xFC, 0x03,
	0xFF, 0xFF, 0x9F, 0xE6, 0xFF, 0xFF, 0xFF, 0xFF, 0xFB, 0xF1, 0xF0, 0x00,
	0x00, 0x1C, 0x82, 0x7C, 0xC0, 0x00, 0x00, 0x17, 0xE1, 0x77, 0x03, 0x07,
	0xE8, 0x8A, 0x2C, 0x20, 0x20, 0x02, 0x00, 0x00, 0x80, 0x00, 0x31, 0x9F,
	0xFB, 0xFB, 0xFE, 0x01, 0xFF, 0xFF, 0xFF, 0xDC, 0xFF, 0xFF, 0xFF, 0xFF,
	0xFF, 0xE3, 0xE0, 0x02, 0x20, 0x7C, 0x36, 0x78, 0x30, 0x01, 0x00, 0x04,
	0x81, 0x72, 0xA0, 0xC4, 0x60, 0x08, 0x6C, 0xC0, 0x3A, 0x6F, 0x64, 0x01,
	0x80, 0x00, 0x31, 0xCD, 0xF9, 0xF7, 0x7C, 0x00, 0xFF, 0xFF, 0xFF, 0xFD,
	0x3F, 0xFF, 0xFF, 0xFF, 0xFF, 0x03, 0x80, 0x08, 0x00, 0x25, 0xA0, 0x74,
	0x00, 0x00, 0x00, 0x02, 0x06, 0xC1, 0x03, 0x80, 0x20, 0x00, 0x54, 0x00,
	0x00, 0x47, 0xF7, 0x22, 0x10, 0x00, 0x30, 0x2F, 0xF9, 0xEF, 0xF4, 0x00,
	0x5F, 0xFF, 0xFF, 0xFC, 0x6F, 0xFF, 0xFF, 0xFF, 0xFE, 0xD9, 0x20, 0x02,
	0x00, 0x63, 0x94, 0xC2, 0x30, 0x00, 0x00, 0x0C, 0xDD, 0x09, 0x03, 0xB8,
	0x28, 0x40, 0x0C, 0x8A, 0x00, 0x17, 0x80, 0xDA, 0x00, 0x00, 0x10, 0x0E,
	0xFC, 0xFF, 0xFC, 0x00, 0x7F, 0xFF, 0xFF, 0xBC, 0x61, 0xFF, 0xFF, 0xFF,
	0xFF, 0x6F, 0xF0, 0x00, 0x04, 0x01, 0x1C, 0x54, 0x10, 0x00, 0x01, 0xCD,
	0x3C, 0x4C, 0x83, 0xA0, 0x38, 0x60, 0x8C, 0xC0, 0x08, 0x4B, 0xC0, 0x64,
	0x00, 0x00, 0x00, 0x00, 0xFC, 0x77, 0xFF, 0x04, 0x1F, 0xFF, 0xFF, 0xFF,
	0xE0, 0x6F, 0xFF, 0xFF, 0xFE, 0x89, 0x80, 0x06, 0x00, 0x00, 0x0E, 0x3B,
	0xF8, 0x00, 0x01, 0x86, 0x3A, 0x88, 0x87, 0x01, 0x38, 0x60, 0x09, 0xC0,
	0x00, 0x09, 0xA1, 0xA1, 0x00, 0x00, 0x00, 0x00, 0x3F, 0x3F, 0xE3, 0x00,
	0x1F, 0xFF, 0xF7, 0x7F, 0xDF, 0xFF, 0xFF, 0xFF, 0xFE, 0xBD, 0x58, 0x3B,
	0x00, 0x01, 0x10, 0x4F, 0xC8, 0x00, 0x01, 0xF0, 0x40, 0x92, 0x08, 0x03,
	0x18, 0x40, 0x81, 0x80, 0x00, 0x00, 0x10, 0xB9, 0x00, 0x00, 0x00, 0x00,
	0x16, 0xDF, 0xC0, 0x00, 0x0B, 0xFF, 0xFF, 0xBF, 0x3F, 0xFF, 0xFF, 0xFF,
	0xFF, 0xED, 0xE1, 0xA1, 0xB3, 0x00, 0x00, 0x7E, 0x5A, 0x00, 0x01, 0xAC,
	0x00, 0x7A, 0x60, 0x23, 0x08, 0x51, 0x45, 0xC0, 0xC4, 0x80, 0xE0, 0x40,
	0x01, 0x00, 0x00, 0x00, 0x02, 0xEF, 0xF0, 0x00, 0x03, 0xDF, 0xFF, 0xB0,
	0x7F, 0xFF, 0xFF, 0xFF, 0xFF, 0xE7, 0x40, 0x19, 0x6B, 0xD0, 0x00, 0x13,
	0x49, 0x80, 0x01, 0x1B, 0xC1, 0xD8, 0x52, 0x86, 0x10, 0x30, 0x1A, 0x8F,
	0x80, 0x00, 0x41, 0x4F, 0x01, 0x80, 0x00, 0x00, 0x00, 0x3F, 0xFC, 0x00,
	0x00, 0x7F, 0xFF, 0xDF, 0xFF, 0xFF, 0xFF, 0xFF, 0xFF, 0xFA, 0x01, 0xBE,
	0xE9, 0x80, 0x23, 0x06, 0x07, 0xC0, 0x00, 0xCE, 0x84, 0x98, 0x9F, 0xB1,
	0x80, 0x70, 0x80, 0x0A, 0x11, 0x02, 0xEA, 0x6E, 0x01, 0x80, 0x00, 0x00,
	0x00, 0x06, 0xE2, 0x00, 0x40, 0x77, 0xFF, 0x9F, 0xFF, 0xFF, 0xFF, 0xFF,
	0xFF, 0xFA, 0x0D, 0xBD, 0x42, 0x00, 0x00, 0x01, 0x03, 0xC0, 0x00, 0x78,
	0x00, 0x2B, 0xA0, 0x81, 0x20, 0x70, 0x40, 0x48, 0x62, 0x10, 0xE8, 0x15,
	0x01, 0x00, 0x20, 0x00, 0x00, 0x01, 0x70, 0xC0, 0x43, 0xE7, 0xC3, 0x8F,
	0xFF, 0xBF, 0xFF, 0xFF, 0xFE, 0x80, 0x16, 0x31, 0xE0, 0x00, 0xC1, 0x3C,
	0x5A, 0x00, 0x00, 0x01, 0x01, 0xBA, 0x60, 0xCD, 0x80, 0x10, 0x81, 0x40,
	0x1E, 0x71, 0x02, 0x24, 0x80, 0x20, 0x00, 0x00, 0x00, 0x00, 0xFC, 0x20,
	0x03, 0xFB, 0xEF, 0x8E, 0x4F, 0xBF, 0xFF, 0xFE, 0x7C, 0x10, 0x1B, 0x71,
	0x80, 0x01, 0xF6, 0xFC, 0x18, 0x52, 0x48, 0x02, 0x91, 0x98, 0x9E, 0x3F,
	0x80, 0x18, 0x01, 0x80, 0x1A, 0x30, 0x40, 0x18, 0x80, 0x00, 0x08, 0x44,
	0x00, 0x00, 0x6E, 0x00, 0x0B, 0xF3, 0xDF, 0x16, 0x8F, 0xFF, 0xFF, 0xFE,
	0x1D, 0x78, 0x1E, 0xA6, 0x00, 0x48, 0xF0, 0xBC, 0x1E, 0x08, 0x18, 0x09,
	0x25, 0x00, 0x90, 0x07, 0x84, 0x19, 0x06, 0x64, 0x02, 0x02, 0xD0, 0x18,
	0xA1, 0x80, 0x04, 0xDE, 0x00, 0x08, 0x02, 0x20, 0x0B, 0xF0, 0x7D, 0x93,
	0xEF, 0xFF, 0xFF, 0xFE, 0x1D, 0x50, 0x3F, 0x98, 0x00, 0xF0, 0x11, 0xFC,
	0x05, 0x00, 0x13, 0x18, 0x26, 0x62, 0x80, 0x98, 0x04, 0x08, 0x1C, 0x20,
	0x40, 0xE1, 0x8A, 0x04, 0xE8, 0xE0, 0x00, 0xEF, 0x10, 0x08, 0x00, 0x38,
	0x03, 0xF9, 0xFC, 0xFF, 0xCF, 0xF5, 0xFF, 0xFE, 0x0F, 0x42, 0xB3, 0xA8,
	0x84, 0x26, 0xE5, 0xFE, 0x42, 0x80, 0x04, 0x38, 0x11, 0x0E, 0x10, 0x5E,
	0x04, 0x08, 0x10, 0x40, 0x22, 0x03, 0x42, 0x74, 0xF0, 0xC0, 0x06, 0xBB,
	0x72, 0x00, 0x00, 0x08, 0x1B, 0xC1, 0xF8, 0x8D, 0xFF, 0xFC, 0xFF, 0xFE,
	0x1F, 0xD3, 0xFC, 0x74, 0xD0, 0x32, 0x20, 0xFC, 0x06, 0x00, 0x03, 0x00,
	0x1C, 0xD9, 0x00, 0x32, 0x04, 0x19, 0x0D, 0x00, 0x41, 0x86, 0x70, 0x4E,
	0xB6, 0x40, 0x0E, 0xA7, 0xF7, 0x00, 0x08, 0x04, 0x0F, 0xC1, 0xF3, 0xBE,
	0xF7, 0xFF, 0xF9, 0xF0, 0x1E, 0x70, 0x75, 0x60, 0x15, 0xB0, 0x00, 0xF2,
	0x02, 0x00, 0x00, 0x01, 0x1F, 0xC3, 0x00, 0x20, 0x0C, 0x08, 0x44, 0x60,
	0x40, 0x00, 0x01, 0x82, 0xFF, 0x70, 0x0F, 0x73, 0xF7, 0x20, 0x60, 0x05,
	0x9D, 0xC0, 0xFB, 0xAF, 0x6F, 0xFF, 0x72, 0x00, 0x1B, 0xF0, 0x92, 0x69,
	0x04, 0xBA, 0x00, 0xFA, 0x06, 0x00, 0x02, 0x00, 0x1E, 0xA2, 0x80, 0x20,
	0x0C, 0x68, 0xC6, 0x20, 0x00, 0x0A, 0x83, 0x01, 0xFE, 0xC8, 0x06, 0xE3,
	0xF7, 0x3A, 0x06, 0x40, 0xFF, 0xBC, 0xFA, 0xC7, 0xE1, 0xFF, 0x4F, 0x00,
	0x3E, 0xEB, 0xDD, 0xF9, 0x31, 0x18, 0x21, 0xFE, 0x09, 0x00, 0x02, 0xC0,
	0x1E, 0xC6, 0x00, 0x02, 0x84, 0x09, 0x91, 0x00, 0x44, 0x86, 0xC7, 0xC0,
	0xFE, 0xD8, 0x0E, 0xE7, 0xF6, 0x75, 0x07, 0x90, 0x3D, 0xFC, 0xC8, 0x27,
	0x81, 0xFF, 0x63, 0x80, 0x0D, 0xDB, 0xF0, 0x41, 0x3F, 0x02, 0x23, 0xBC,
	0x0E, 0x04, 0x03, 0x80, 0x6B, 0xBC, 0x80, 0x00, 0x04, 0x04, 0x1E, 0x01,
	0x08, 0xC1, 0x0A, 0x00, 0xFF, 0xD8, 0x37, 0xEF, 0xF7, 0xBC, 0xE1, 0x20,
	0x3B, 0xF8, 0x40, 0x03, 0xFF, 0x7E, 0x31, 0xDC, 0x03, 0x30, 0xB0, 0x00,
	0x59, 0x00, 0x31, 0xEC, 0x0E, 0x00, 0x00, 0x01, 0x1F, 0xFB, 0x00, 0x00,
	0x04, 0x08, 0x15, 0x02, 0x04, 0xE3, 0x0A, 0x01, 0xFF, 0xFF, 0x37, 0xFF,
	0xDF, 0x9F, 0xE0, 0x77, 0x9E, 0xD8, 0x00, 0x01, 0xEF, 0x6B, 0xD5, 0xFF,
	0xE7, 0x61, 0x3B, 0x00, 0x04, 0x38, 0xA3, 0xCD, 0x85, 0x41, 0x81, 0xDD,
	0x11, 0x7C, 0x20, 0x02, 0x84, 0x01, 0x00, 0x01, 0xBF, 0x61, 0x10, 0x03,
	0xFF, 0xFE, 0x7F, 0xFF, 0xDF, 0xBF, 0xFC, 0xB7, 0x81, 0xF0, 0x00, 0x06,
	0xF7, 0x0F, 0xCB, 0xBC, 0x44, 0x62, 0xFF, 0x40, 0x10, 0x98, 0x7D, 0x5C,
	0xD5, 0x01, 0x00, 0x8E, 0x5C, 0x94, 0x88, 0x00, 0xF4, 0x32, 0x1E, 0x22,
	0xF0, 0x10, 0x0C, 0x00, 0xFF, 0xFF, 0xBB, 0xFF, 0xFF, 0xFF, 0xFE, 0xEF,
	0x00, 0xD0, 0x00, 0x01, 0x87, 0x8F, 0xEE, 0x31, 0x84, 0x72, 0x8C, 0x18,
	0x43, 0x61, 0x2F, 0xC6, 0x0E, 0x00, 0xC0, 0x34, 0x56, 0xBC, 0xF8, 0x00,
	0xD2, 0x02, 0x1A, 0x5A, 0x6C, 0x64, 0xB0, 0x0D, 0xFF, 0xFF, 0xEC, 0xFF,
	0xFF, 0xFF, 0xFF, 0x8F, 0x30, 0x6C, 0x00, 0x40, 0x23, 0xD9, 0xCE, 0xC8,
	0x3E, 0x83, 0xF8, 0x68, 0x26, 0x61, 0x3B, 0xCE, 0x2D, 0x00, 0x01, 0x33,
	0xD6, 0x38, 0x04, 0x00, 0xD0, 0x24, 0x02, 0x84, 0xAC, 0x01, 0x90, 0x28,
	0xFF, 0xFF, 0xEE, 0x7F, 0xFF, 0xFF, 0xFF, 0xAF, 0xF2, 0x3D, 0x00, 0x01,
	0x81, 0xFF, 0x8D, 0xE7, 0x9F, 0xC3, 0xF0, 0xEC, 0x1E, 0xE0, 0x01, 0x46,
	0x1F, 0x00, 0x20, 0x07, 0xE7, 0x12, 0x0A, 0x01, 0xD2, 0x25, 0x04, 0x14,
	0x0E, 0x80, 0x4B, 0x19, 0xFF, 0xFF, 0xF7, 0x3F, 0xFF, 0xFF, 0xFF, 0xFF,
	0xFD, 0xBC, 0x00, 0x01, 0x99, 0xB7, 0xDD, 0xFD, 0xBF, 0xC3, 0xF3, 0x84,
	0xEB, 0xD5, 0x23, 0x02, 0x04, 0x00, 0x30, 0x01, 0xA4, 0x04, 0x1E, 0x05,
	0x82, 0x24, 0x00, 0x04, 0x30, 0x0C, 0x8B, 0x00, 0xFF, 0xFF, 0xFD, 0x3F,
	0xFF, 0xFC, 0x7F, 0xFF, 0xFF, 0xB8, 0x04, 0x0D, 0xB8, 0x77, 0x97, 0xEC,
	0xBE, 0x76, 0xB9, 0xE0, 0x1C, 0x9B, 0x1C, 0x84, 0x6B, 0x00, 0x30, 0x01,
	0xFF, 0xF0, 0xEC, 0x04, 0x80, 0x36, 0xE1, 0x80, 0x34, 0x08, 0x68, 0xC8,
	0xFF, 0xFF, 0xFB, 0x5F, 0xFF, 0xFF, 0x9F, 0xFF, 0xFB, 0xD8, 0x02, 0x40,
	0xB9, 0x8B, 0x9E, 0x3E, 0x7D, 0xE4, 0x0B, 0x10, 0x11, 0x20, 0x3E, 0xD4,
	0xF2, 0x80, 0x00, 0x06, 0x45, 0x01, 0x1E, 0x81, 0xA0, 0x31, 0x06, 0x88,
	0x03, 0x93, 0x70, 0x45, 0xEF, 0xFF, 0xFF, 0x8F, 0xFF, 0xFF, 0xF3, 0xFF,
	0xFF, 0xD0, 0x07, 0xF1, 0x98, 0xB1, 0x5F, 0x9F, 0xF8, 0x24, 0x0F, 0xA0,
	0x03, 0x78, 0x20, 0xCC, 0x08, 0x00, 0x01, 0x48, 0xC2, 0x03, 0x97, 0x00,
	0xCA, 0x21, 0xD3, 0x90, 0x03, 0x03, 0x60, 0xE4, 0xFF, 0xFF, 0xE7, 0xA1,
	0xFF, 0xF4, 0x8F, 0xFF, 0xFF, 0xE0, 0x07, 0xA3, 0x7A, 0xF0, 0x3F, 0x51,
	0xB8, 0x80, 0x75, 0xB0, 0x19, 0x76, 0x23, 0x84, 0x04, 0x00, 0x07, 0x38,
	0x10, 0x2C, 0xCE, 0x00, 0xCA, 0x61, 0xF4, 0xF2, 0x50, 0x04, 0x69, 0x06,
	0xDF, 0xFB, 0xFA, 0xE3, 0xFF, 0xFF, 0x0F, 0xFF, 0xFB, 0xE0, 0x02, 0xDA,
	0xDE, 0xF8, 0x5D, 0xB0, 0xC6, 0x09, 0xFD, 0x00, 0x11, 0x4E, 0x00, 0x06,
	0x7D, 0x03, 0x00, 0x42, 0x78, 0x58, 0xA8, 0x00, 0x4A, 0x21, 0x00, 0x54,
	0xA0, 0x1C, 0x10, 0x0C, 0xDF, 0xFF, 0xFF, 0xEA, 0xFF, 0xFD, 0x1F, 0xFF,
	0xFF, 0xF0, 0x00, 0x7C, 0xDD, 0xEC, 0xFB, 0xE0, 0x3D, 0x15, 0x70, 0x22,
	0x0D, 0x04, 0x00, 0x84, 0x22, 0x00, 0x40, 0x04, 0x03, 0x6B, 0x3C, 0x78,
	0x4A, 0x3A, 0x00, 0x19, 0x20, 0x1C, 0x00, 0x00, 0x47, 0xFF, 0xFF, 0x3E,
	0xFF, 0xFE, 0x3F, 0xFF, 0xF7, 0xFC, 0x0C, 0x4B, 0x7F, 0xD7, 0xDA, 0xE0,
	0x4B, 0x21, 0x61, 0x50, 0x91, 0x32, 0x83, 0x86, 0x28, 0x00, 0x00, 0x00,
	0xE0, 0x5D, 0x9D, 0x80, 0xAA, 0x33, 0x00, 0x31, 0x08, 0x1D, 0xA0, 0x22,
	0x03, 0xFF, 0xFF, 0xFE, 0x2F, 0xFF, 0x1F, 0xFF, 0xFF, 0xFE, 0x00, 0x0F,
	0xFD, 0x75, 0xDC, 0x40, 0xEE, 0x15, 0xC2, 0x0E, 0xC8, 0x63, 0x13, 0xC5,
	0x01, 0x00, 0x00, 0x71, 0x07, 0x61, 0x01, 0x00, 0x22, 0x33, 0x10, 0x61,
	0x21, 0x4D, 0x44, 0x00, 0x01, 0xFF, 0xFF, 0xD7, 0x97, 0xFF, 0x0F, 0xFF,
	0xBF, 0xFE, 0x82, 0x2F, 0xFD, 0xBF, 0x11, 0xE0, 0x3E, 0x3C, 0x0B, 0x1A,
	0x1D, 0x20, 0x07, 0xC7, 0xE8, 0x00, 0xA8, 0x94, 0x04, 0x05, 0x85, 0x02,
	0x80, 0x35, 0xC1, 0x49, 0x01, 0x21, 0x04, 0x80, 0x00, 0xFF, 0xFF, 0xD3,
	0xDC, 0xBF, 0x9F, 0xFF, 0xB7, 0xFF, 0x60, 0xFF, 0xF8, 0x56, 0xF7, 0xEC,
	0xAD, 0x30, 0x0C, 0x98, 0x00, 0xEC, 0x81, 0xC3, 0x64, 0x00, 0x21, 0x0A,
	0x06, 0x05, 0x80, 0x40, 0x60, 0xB2, 0xC1, 0x0A, 0x48, 0xCD, 0x40, 0x83,
	0x01, 0x7F, 0xFF, 0xEF, 0x6F, 0xFF, 0xCF, 0x3F, 0xFF, 0xFF, 0xA3, 0x8F,
	0xB8, 0x7C, 0x56, 0xFF, 0xF8, 0x03, 0xB7, 0x20, 0x00, 0x03, 0xB1, 0x43,
	0x06, 0xC0, 0x38, 0x00, 0x66, 0x08, 0x01, 0xC3, 0x68, 0x82, 0xE2, 0xC1,
	0x11, 0xE8, 0x40, 0x20, 0x00, 0x3F, 0xFF, 0xF3, 0xDE, 0xFF, 0xBF, 0xBF,
	0xFF, 0xFF, 0x80, 0x07, 0x0E, 0xEA, 0xDF, 0xFB, 0xE0, 0x04, 0x9D, 0x28,
	0x01, 0x07, 0x74, 0x11, 0xF8, 0x40, 0x05, 0x06, 0x5B, 0x19, 0x06, 0x71,
	0x0C, 0xE0, 0x99, 0xC0, 0x10, 0x60, 0x51, 0x20, 0x00, 0x02, 0xFF, 0xF3,
	0xEF, 0xFB, 0xFF, 0xFF, 0xFF, 0xFF, 0xC0, 0x03, 0x0F, 0xBD, 0xF3, 0xDF,
	0xA0, 0x04, 0xEF, 0x03, 0x05, 0x4F, 0x99, 0x23, 0xEA, 0x00, 0x7D, 0x01,
	0xD3, 0x02, 0x14, 0x00, 0xCC, 0x71, 0x97, 0x80, 0x52, 0x10, 0x10, 0x00,
	0x00, 0x01, 0xFF, 0xF7, 0xCF, 0xFF, 0xFF, 0xFF, 0xFF, 0xFF, 0xC0, 0x00,
	0x0F, 0xFB, 0x6F, 0xEF, 0xEF, 0x03, 0xBD, 0x40, 0x14, 0xF4, 0x0E, 0x21,
	0x88, 0x0C, 0xC0, 0x08, 0x34, 0x9E, 0x13, 0x00, 0x7C, 0xF1, 0x00, 0x40,
	0x0B, 0xF5, 0x9B, 0x00, 0x00, 0x00, 0x7F, 0xFF, 0xED, 0xFF, 0xFF, 0xFF,
	0xFF, 0xFF, 0xE0, 0x00, 0x0E, 0xFE, 0xEF, 0xF3, 0xC9, 0x2E, 0x7F, 0x40,
	0x04, 0xA1, 0x25, 0x22, 0x01, 0x88, 0x04, 0x2E, 0x14, 0x59, 0x02, 0x0C,
	0x7C, 0xE3, 0xC0, 0x00, 0x07, 0x59, 0x58, 0x00, 0x00, 0x00, 0x7F, 0xFF,
	0xD3, 0xFF, 0xDF, 0xFF, 0xFF, 0xFF, 0xE3, 0xC0, 0x1E, 0xFF, 0xDB, 0xFD,
	0x72, 0x04, 0xB8, 0x80, 0x03, 0xB0, 0x06, 0xB7, 0x8E, 0x84, 0x01, 0xC9,
	0x00, 0x14, 0x01, 0x08, 0x7C, 0xF1, 0x38, 0x00, 0x0C, 0x6D, 0xAD, 0x50,
	0x00, 0x00, 0x3F, 0xFF, 0xF7, 0xFF, 0xFF, 0xFF, 0xFF, 0xFF, 0xF3, 0xE0,
	0x7C, 0x7E, 0xD3, 0x87, 0x60, 0x05, 0x88, 0x00, 0x00, 0xF0, 0x08, 0xA3,
	0x10, 0x00, 0x05, 0x41, 0x40, 0x14, 0x01, 0xDF, 0x7C, 0xA1, 0x2B, 0x00,
	0x01, 0x7D, 0x4E, 0x71, 0x00, 0x00, 0x3F, 0xFF, 0xDD, 0xD6, 0xFF, 0xFF,
	0xFF, 0xFF, 0xF8, 0x40, 0x7E, 0x37, 0x9F, 0xE5, 0x00, 0x4D, 0xE0, 0x00,
	0x09, 0xBA, 0x10, 0x10, 0x1B, 0xC0, 0x00, 0x02, 0x50, 0x1C, 0x01, 0x47,
	0x71, 0xA1, 0x03, 0x00, 0x03, 0xE0, 0x6E, 0xB1, 0x00, 0x00, 0x0F, 0xFF,
	0xED, 0xFD, 0xF7, 0xFF, 0xFF, 0xFF, 0xFE, 0x10, 0xF8, 0x18, 0xC7, 0xF5,
	0xFB, 0x64, 0x28, 0x00, 0x07, 0x09, 0x98, 0x20, 0x20, 0x80, 0x01, 0x8F,
	0x00, 0x9A, 0x00, 0x3E, 0x75, 0xB0, 0x87, 0xC0, 0x16, 0x00, 0x46, 0x71,
	0x00, 0x00, 0x03, 0xFF, 0xEF, 0xFF, 0xFF, 0xFF, 0xFF, 0xFF, 0xFF, 0x00,
	0xD0, 0x1F, 0x77, 0xF1, 0xFC, 0xE0, 0xB0, 0x00, 0x02, 0x11, 0x18, 0x37,
	0x94, 0x0C, 0x02, 0x94, 0x79, 0x83, 0x40, 0x25, 0x77, 0x00, 0xEA, 0x40,
	0x14, 0x2E, 0x01, 0x22, 0x10, 0x00, 0x01, 0xFF, 0xBF, 0xFF, 0xFD, 0xFF,
	0xFF, 0xFF, 0xFF, 0xC0, 0x70, 0x0F, 0xFB, 0xD0, 0xFB, 0xC0, 0x80, 0x02,
	0x07, 0x04, 0x10, 0x32, 0x23, 0x88, 0x00, 0x01, 0x25, 0x83, 0x00, 0x15,
	0x7C, 0x00, 0x7A, 0x00, 0x26, 0x07, 0x00, 0x00, 0x00, 0x00, 0x00, 0x7F,
	0xCF, 0xFF, 0xFD, 0xFF, 0xFF, 0xFF, 0xFF, 0xF8, 0x2C, 0x17, 0xEF, 0xE0,
	0xCE, 0xF0, 0x08, 0x00, 0x08, 0x04, 0x01, 0x32, 0x42, 0x18, 0x00, 0x92,
	0x8D, 0x85, 0x16, 0x05, 0x74, 0x70, 0x09, 0x5F, 0x20, 0x10, 0x02, 0x00,
	0x00, 0x00, 0x00, 0x1F, 0xCF, 0xFF, 0xFF, 0xFF, 0xFF, 0xFF, 0xFF, 0xFE,
	0x1C, 0x04, 0xF1, 0xE0, 0xB0, 0xE4, 0x3C, 0x00, 0x1E, 0x46, 0x31, 0x00,
	0x08, 0x00, 0x00, 0x00, 0x11, 0xB4, 0xC0, 0x00, 0x7E, 0x77, 0x18, 0x01,
	0x9E, 0x85, 0x82, 0x00, 0x00, 0x00, 0x00, 0x07, 0xD7, 0xFF, 0xFF, 0xFF,
	0xFF, 0xFF, 0xFF, 0xFF, 0x10, 0x00, 0xF9, 0xFF, 0x69, 0x50, 0xBE, 0x09,
	0x4A, 0x6E, 0x19, 0x80, 0x00, 0x00, 0x00, 0x65, 0x15, 0x2F, 0xA0, 0x00,
	0x5E, 0x0C, 0x00, 0x00, 0xFC, 0x07, 0x4A, 0x08, 0x80, 0x00, 0x00, 0x07,
	0xD7, 0xFF, 0xFF, 0xDF, 0xFF, 0xFF, 0xFF, 0xFF, 0x10, 0x00, 0x78, 0xFE,
	0x90, 0x03, 0xBC, 0x00, 0x38, 0xB4, 0x10, 0xA0, 0x03, 0x26, 0x00, 0x47,
	0x06, 0x1A, 0xD0, 0x00, 0x7E, 0x09, 0x00, 0x02, 0x30, 0x07, 0xCE, 0x09,
	0x00, 0x00, 0x00, 0x00, 0xCF, 0xFF, 0xFB, 0xFF, 0xFF, 0xFF, 0xFF, 0xFF,
	0x88, 0x00, 0x3E, 0xFF, 0xE6, 0x03, 0x98, 0x60, 0x66, 0xE2, 0x01, 0x00,
	0x40, 0x08, 0x00, 0x00, 0x00, 0x42, 0xC0, 0x00, 0x7E, 0x1F, 0x81, 0x0C,
	0x0A, 0xA8, 0x89, 0x15, 0x00, 0x01, 0x08, 0x00, 0x07, 0xFF, 0xFF, 0xFF,
	0xEF, 0xFF, 0xFF, 0xFF, 0x8C, 0x02, 0x03, 0xFF, 0xB6, 0xD3, 0x04, 0x82,
	0x24, 0xD3, 0x00, 0x80, 0x5A, 0x25, 0x00, 0x08, 0x04, 0x08, 0x40, 0x00,
	0x7E, 0x8A, 0x00, 0x31, 0x9C, 0x20, 0x00, 0x18, 0x02, 0x00, 0x04, 0x00,
	0x05, 0xFF, 0xFF, 0xFF, 0xFF, 0xFF, 0xFF, 0xFF, 0x9C, 0x06, 0x3F, 0xD7,
	0xE0, 0x02, 0xE5, 0x00, 0x07, 0x0B, 0x00, 0x04, 0x60, 0xAC, 0x10, 0x01,
	0xA8, 0x40, 0x00, 0x00, 0x62, 0x80, 0x1C, 0x08, 0x06, 0x64, 0x05, 0x34,
	0x00, 0x00, 0x00, 0x00, 0x03, 0xFF, 0xFE, 0xDB, 0xDB, 0xFF, 0xFF, 0xFF,
	0xD8, 0x00, 0x33, 0xCF, 0xC0, 0x5C, 0xE4, 0x1C, 0x00, 0x6A, 0x08, 0x20,
	0xD2, 0x8A, 0x80, 0x00, 0xD3, 0x80, 0x08, 0x00, 0x78, 0x00, 0x03, 0x47,
	0x0D, 0x62, 0x00, 0x1C, 0x00, 0x00, 0x00, 0x00, 0x06, 0xFF, 0xFF, 0xFF,
	0xEB, 0xFF, 0xFF, 0xFF, 0xCC, 0x00, 0x2F, 0xCF, 0xF0, 0x19, 0xB0, 0x00,
	0x00, 0xCB, 0x04, 0x80, 0x40, 0x0D, 0x89, 0x00, 0x60, 0x18, 0x00, 0x00,
	0xB8, 0xC4, 0x00, 0x2F, 0x08, 0x5C, 0x00, 0x12, 0xC0, 0x40, 0x00, 0x00,
	0x04, 0x7F, 0xFD, 0xFF, 0xFF, 0xF7, 0xFF, 0xFF, 0xED, 0x00, 0x1F, 0xCF,
	0x80, 0x33, 0xE0, 0x00, 0x01, 0x99, 0x21, 0x01, 0xC4, 0x2A, 0x69, 0x00,
	0xA2, 0x08, 0x0E, 0x00, 0x0B, 0x60, 0x00, 0x0C, 0x21, 0x6A, 0x08, 0x10,
	0xE0, 0xE0, 0x00, 0x00, 0x00, 0x7F, 0xFF, 0x8E, 0xB7, 0xFF, 0x7F, 0xFF,
	0xF9, 0x70, 0x1F, 0xFF, 0x81, 0x42, 0x82, 0x08, 0x08, 0x75, 0x0A, 0x00,
	0x93, 0x0C, 0x81, 0x48, 0x02, 0x84, 0x0C, 0x02, 0x20, 0x12, 0x71, 0x07,
	0x99, 0x12, 0x00, 0x02, 0x10, 0x70, 0x0E, 0x00, 0x00, 0x17, 0xFF, 0x9F,
	0x07, 0xFF, 0xEF, 0xFF, 0xFF, 0x7C, 0x0F, 0xFE, 0x00, 0x1E, 0x22, 0x7C,
	0x28, 0xBA, 0x12, 0x01, 0x01, 0xFC, 0x49, 0xD0, 0x06, 0x64, 0x00, 0x00,
	0x00, 0x00, 0xA3, 0x0B, 0x03, 0x36, 0x00, 0x29, 0xC0, 0x00, 0x00, 0x00,
	0x00, 0x07, 0xFF, 0xBE, 0x0F, 0xFF, 0xFF, 0xFF, 0xFF, 0x20, 0x07, 0xFC,
	0x10, 0xE8, 0xBA, 0x50, 0x05, 0x42, 0x02, 0x03, 0x32, 0xE1, 0x02, 0xC0,
	0x10, 0x22, 0x00, 0x00, 0x00, 0x00, 0x06, 0x86, 0x48, 0xAC, 0x00, 0x02,
	0xD0, 0x00, 0x00, 0x04, 0x00, 0x07, 0xFF, 0x9F, 0x0A, 0xFF, 0xFF, 0xFF,
	0xFF, 0xF0, 0x07, 0x78, 0x20, 0xA0, 0xE0, 0x00, 0x4E, 0xC3, 0x8E, 0x03,
	0xE8, 0x7A, 0x03, 0x80, 0x14, 0x00, 0x00, 0x00, 0x80, 0x00, 0x03, 0xC7,
	0x0C, 0xA8, 0x00, 0x00, 0xEC, 0x00, 0x00, 0x02, 0x01, 0x01, 0xFF, 0xFF,
	0xDF, 0x6F, 0xFF, 0xFF, 0xFF, 0xE2, 0x93, 0xEE, 0x03, 0x21, 0xF0, 0x00,
	0x06, 0xAA, 0x80, 0x02, 0xCC, 0x78, 0x01, 0x80, 0x0E, 0x00, 0x00, 0x00,
	0x00, 0x00, 0x0D, 0x7A, 0x14, 0x05, 0x00, 0x20, 0xEE, 0x00, 0x00, 0x00,
	0x00, 0x00, 0x7F, 0xDF, 0xBE, 0x4F, 0xFF, 0xFF, 0xFF, 0xF7, 0xDD, 0xBF,
	0x8F, 0x83, 0x76, 0x00, 0x8B, 0x91, 0x82, 0x22, 0x48, 0xD0, 0x00, 0xA0,
	0x00, 0x00, 0x00, 0x00, 0x80, 0x00, 0x08, 0x81, 0xC0, 0x00, 0xC1, 0xF0,
	0xEC, 0x80, 0x20, 0x01, 0x00, 0x00, 0x1F, 0xDF, 0x3F, 0xFF, 0xFF, 0xFF,
	0xFF, 0xF5, 0x6F, 0x5F, 0xDB, 0x85, 0x94, 0x20, 0x05, 0x0D, 0x00, 0x03,
	0x34, 0x00, 0x00, 0xC0, 0xB9, 0x08, 0x00, 0x01, 0x40, 0x00, 0x09, 0x25,
	0x00, 0x60, 0x30, 0xD0, 0xFE, 0xE0, 0x00, 0x00, 0x00, 0x00, 0x07, 0xDF,
	0xBF, 0xDE, 0xFF, 0xFF, 0xEF, 0xF8, 0x7E, 0x8F, 0x9F, 0x90, 0x38, 0x21,
	0x28, 0xE6, 0x80, 0x00, 0x65, 0xC0, 0x00, 0x50, 0x40, 0x00, 0x00, 0x00,
	0x00, 0x00, 0x02, 0x48, 0xC1, 0xC0, 0x40, 0xE8, 0x8E, 0xE0, 0x00, 0x00,
	0xC0, 0x00, 0x02, 0x8F, 0xBF, 0xF3, 0xFF, 0xFF, 0xF3, 0xFE, 0x9F, 0x87,
	0x97, 0xE1, 0xFC, 0x80, 0x0D, 0x6E, 0x00, 0x00, 0x11, 0xA4, 0x00, 0x00,
	0x41, 0x00, 0x00, 0x02, 0x01, 0x00, 0x24, 0x18, 0x02, 0x00, 0x00, 0x88,
	0x25, 0xE9, 0x00, 0x00, 0x40, 0x00, 0x20, 0x0F, 0x77, 0xE0, 0xFF, 0xEF,
	0xFD, 0xFE, 0x07, 0x01, 0xFF, 0xE0, 0xF8, 0x40, 0x20, 0x3E, 0x01, 0x00,
	0x00, 0x84, 0x06, 0x80, 0x06, 0x00, 0x80, 0x03, 0x00, 0x00, 0x00, 0xC1,
	0x00, 0x10, 0x84, 0xC0, 0x73, 0xE4, 0x00, 0x00, 0x08, 0x00, 0x00, 0x07,
	0xF7, 0xE0, 0xF7, 0xFF, 0xFF, 0x7F, 0x92, 0x00, 0x76, 0xC0, 0x68, 0x58,
	0x00, 0x00, 0x20, 0x00, 0x00, 0x4A, 0x00, 0x00, 0x02, 0x00, 0x00, 0x00,
	0x00, 0x00, 0x80, 0x0A, 0x80, 0x00, 0x07, 0x0C, 0x7B, 0xA9, 0x00, 0x00,
	0x06, 0x00, 0x00, 0x04, 0xFF, 0xC3, 0xEB, 0xFF, 0xFF, 0xFF, 0x93, 0x02,
	0x1F, 0xC0, 0x6E, 0x30, 0x00, 0x00, 0x00, 0x00, 0x04, 0xD0, 0x00, 0x00,
	0x10, 0x00, 0x00, 0x00, 0x00, 0x00, 0xA0, 0x64, 0x80, 0x40, 0x80, 0x01,
	0xFE, 0xE3, 0xC0, 0x01, 0x00, 0x80, 0x00, 0x00, 0x3F, 0xE3, 0xE5, 0x7F,
	0xFB, 0x6F, 0x9C, 0xAE, 0x07, 0xE4, 0x10, 0x00, 0x02, 0x68, 0x40, 0x00,
	0x02, 0xC0, 0x00, 0x00, 0x00, 0x00, 0x10, 0x02, 0x00, 0x00, 0x9B, 0x1B,
	0x00, 0xEC, 0x00, 0x07, 0x0C, 0xAB, 0x70, 0x01, 0x80, 0x00, 0x00, 0x00,
	0x17, 0xE3, 0xEF, 0xFF, 0xFF, 0x7F, 0xFC, 0x7E, 0x01, 0xE4, 0x00, 0x00,
	0x00, 0x8F, 0x10, 0x00, 0x02, 0x80, 0x81, 0x00, 0x00, 0x00, 0x00, 0x08,
	0x00, 0x01, 0x36, 0x1C, 0x00, 0xC0, 0x10, 0x00, 0x03, 0xFE, 0xB8, 0x00,
	0x00, 0x00, 0x00, 0x04, 0x07, 0xE7, 0xE7, 0x8F, 0xFE, 0x7F, 0xFF, 0x07,
	0x90, 0x38, 0x10, 0x00, 0x00, 0x04, 0x80, 0x30, 0x00, 0x80, 0x00, 0x00,
	0x00, 0x00, 0x00, 0x38, 0x00, 0x03, 0x45, 0x00, 0x01, 0xF0, 0x00, 0x00,
	0x00, 0xEF, 0xB4, 0x00, 0x00, 0x08, 0x00, 0x06, 0x03, 0xE7, 0xFF, 0xEF,
	0xFF, 0xFF, 0xFE, 0xC9, 0x90, 0x88, 0x41, 0xC0, 0x00, 0x20, 0x88, 0x30,
	0x26, 0x80, 0x80, 0x00, 0x00, 0x00, 0x00, 0x40, 0x00, 0x02, 0x46, 0x08,
	0x08, 0x1A, 0x00, 0x01, 0x00, 0x0F, 0x9C, 0x00, 0x00, 0x22, 0x00, 0x06,
	0x00, 0xFF, 0xFF, 0xCF, 0xFF, 0xFF, 0xBF, 0xCC, 0x66, 0x20, 0x01, 0x80,
	0xC7, 0x80, 0xC0, 0x00, 0xC1, 0x40, 0x04, 0x00, 0x00, 0x00, 0x00, 0x30,
	0x20, 0x0C, 0x16, 0x40, 0x0C, 0xA8, 0x02, 0x00, 0x00, 0x02, 0x77, 0x00,
	0x02, 0x00, 0x00, 0x00, 0x00, 0xFF, 0xFD, 0xCF, 0xFF, 0xFF, 0xFF, 0xE7,
	0xAF, 0x20, 0x00, 0x01, 0x01, 0x20, 0x00, 0x00, 0xE2, 0x80, 0x00, 0x60,
	0x00, 0x00, 0x00, 0x00, 0x00, 0x18, 0x2E, 0x41, 0x3C, 0x88, 0x00, 0x04,
	0x00, 0x00, 0x4C, 0x90, 0x00, 0x00, 0x00, 0x00, 0x04, 0xFF, 0xFF, 0xCF,
	0xBF, 0xFF, 0x7F, 0xFF, 0xD8, 0x00, 0x00, 0x11, 0x80, 0x40, 0x00, 0x00,
	0x01, 0x80, 0x00, 0x01, 0x00, 0x00, 0x00, 0x40, 0x18, 0xC0, 0x47, 0x45,
	0x04, 0x00, 0x80, 0x00, 0x00, 0x00, 0x00, 0x86, 0x00, 0x00, 0x00, 0x00,
	0x00, 0x3F, 0x7D, 0xB1, 0x5F, 0xFF, 0xFF, 0xF7, 0xD0, 0x04, 0x00, 0x00,
	0x00, 0x00, 0x20, 0xC0, 0x00, 0x00, 0x00, 0x00, 0x00, 0x00, 0x06, 0x00,
	0x16, 0x43, 0x6B, 0x84, 0x3C, 0x00, 0x01, 0x00, 0x01, 0x00, 0x0B, 0xF0,
	0x80, 0x00, 0x00, 0x00, 0x00, 0x4F, 0xFF, 0xC0, 0x1F, 0xFF, 0xFF, 0xF7,
	0xF0, 0x00, 0x03, 0x21, 0x80, 0x00, 0x00, 0x00, 0x20, 0x00, 0x00, 0x00,
	0x11, 0x00, 0x02, 0x16, 0x08, 0x3A, 0x20, 0x24, 0xB4, 0x00, 0x3C, 0x00,
	0x80, 0x08, 0x01, 0xD8, 0x40, 0x00, 0x80, 0x00, 0x00, 0x4B, 0xFF, 0xC0,
	0x01, 0xFF, 0xFF, 0x7F, 0xE0, 0x00, 0x00, 0x05, 0xE8, 0x00, 0x00, 0x00,
	0x00, 0x00, 0x00, 0x0A, 0x80, 0x00, 0x02, 0x00, 0x00, 0x08, 0x08, 0x3B,
	0xB8, 0x00, 0x10, 0x28, 0x80, 0x00, 0x00, 0x08, 0x80, 0x00, 0x80, 0x00,
	0x00, 0x23, 0xFF, 0xC0, 0x00, 0x7F, 0xFF, 0x8B, 0xC0, 0x00, 0x00, 0x9C,
	0x00, 0x00, 0x00, 0x00, 0x00, 0x00, 0x00, 0x04, 0x18, 0x00, 0x00, 0x22,
	0x00, 0x00, 0x10, 0x53, 0x02, 0x20, 0x00, 0x00, 0x80, 0x00, 0x00, 0x1E,
	0x00, 0x00, 0x00, 0x00, 0x00, 0x01, 0x7F, 0xE0, 0x00, 0x43, 0xFF, 0x83,
	0x00, 0x40, 0x20, 0x00, 0x00, 0x00, 0x00, 0x00, 0x04, 0x00, 0x10, 0x02,
	0x80, 0x00, 0x04, 0x03, 0x80, 0x00, 0x20, 0x22, 0x00, 0x00, 0x04, 0x00,
	0x00, 0x00, 0x00, 0x00, 0x00, 0x00, 0x00, 0x40, 0x00, 0x00, 0x07, 0xE0,
	0x00, 0x02, 0x01, 0xA0, 0x00, 0x00, 0x00, 0x83, 0x00, 0x00, 0x00, 0x80,
	0x00, 0x00, 0x00, 0x00, 0x00, 0x00, 0x08, 0x26, 0x00, 0x00, 0x00, 0x60,
	0x00, 0x0C, 0x61, 0x80, 0xC0, 0x00, 0x00, 0x1D, 0xF0, 0x00, 0x03, 0x18,
	0x00, 0x00, 0x0F, 0xC0, 0x00, 0x00, 0x00, 0x0C, 0x00, 0x01, 0xF0, 0x06,
	0x00, 0x00, 0x00, 0x00, 0x00, 0x40, 0x00, 0x00, 0x00, 0x00, 0x02, 0x00,
	0x0E, 0x31, 0x08, 0x83, 0x80, 0x09, 0x80, 0x00, 0xA0, 0x01, 0x00, 0x07,
	0x9C, 0x83, 0xD0, 0x77, 0x98, 0x60, 0x1C, 0xC0, 0x00, 0x00, 0x00, 0x04,
	0x00, 0x00, 0xE0, 0x02, 0x80, 0x10, 0x00, 0x00, 0x00, 0x00, 0x00, 0x00,
	0x00, 0x00, 0x00, 0x02, 0x05, 0x80, 0x27, 0x03, 0x80, 0x81, 0x00, 0x00,
	0x74, 0x30, 0x83, 0xB6, 0x20, 0x14, 0x08, 0x4A, 0x65, 0xE2, 0x1C, 0xF0,
	0x00, 0x00, 0x00, 0x00, 0x00, 0x00, 0x20, 0x00, 0x80, 0x00, 0x00, 0x00,
	0x00, 0x00, 0x00, 0x00, 0x00, 0x00, 0x00, 0x2B, 0x00, 0x43, 0x05, 0x08,
	0x00, 0x00, 0x18, 0x01, 0xFF, 0xFF, 0xFF, 0xFF, 0xFF, 0xFE, 0x00, 0x00,
	0x36, 0x3E, 0x00, 0x00, 0x00, 0x00, 0x07, 0xD0, 0x00, 0x00, 0x00, 0x05,
	0x00, 0x00, 0x00, 0x00, 0x00, 0x00, 0x00, 0x00, 0x00, 0x00, 0x00, 0x09,
	0x02, 0x63, 0x20, 0x18, 0x00, 0x00, 0x10, 0x00, 0xFF, 0xFF, 0xFF, 0xFF,
	0xFF, 0xE8, 0x00, 0x00, 0x00, 0x00, 0x00, 0x00, 0x00, 0xFF, 0xFF, 0x88,
	0x00, 0x01, 0x00, 0x10, 0x00, 0x00, 0x00, 0x00, 0x00, 0x00, 0x00, 0x00,
	0x00, 0x00, 0x00, 0x30, 0x03, 0x04, 0x08, 0x10, 0x00, 0x00, 0x00, 0x00,
	0xFF, 0xFF, 0xFF, 0xFF, 0xFF, 0xFF, 0xF4, 0x60, 0x00, 0x00, 0x00, 0x00,
	0x00, 0x7F, 0xFF, 0x80, 0x30, 0x00, 0x00, 0x01, 0x00, 0x00, 0x0A, 0x01,
	0x00, 0x00, 0x00, 0x00, 0x08, 0x00, 0x00, 0x28, 0x86, 0x80, 0x00, 0x00,
	0x00, 0x00, 0x00, 0x00, 0x00, 0x00, 0x00, 0x00, 0x20, 0x7E, 0xFF, 0xD8,
	0x4E, 0x80, 0x00, 0x00, 0x00, 0x3F, 0xFF, 0xCC, 0x00, 0x00, 0x80, 0x07,
	0x00, 0x00, 0x00, 0x20, 0x80, 0x00, 0x00, 0x00, 0x00, 0x00, 0x81, 0x06,
	0x02, 0x80, 0x46, 0x00, 0x00, 0x00, 0x00, 0x00, 0x00, 0x00, 0x00, 0x00,
	0x00, 0x00, 0x01, 0xFF, 0xFF, 0xFE, 0x00, 0x00, 0x00, 0x7F, 0xFF, 0xC4,
	0x00, 0x00, 0x06, 0x08, 0x80, 0x00, 0x00, 0x00, 0x01, 0x20, 0x00, 0x00,
	0x00, 0x00, 0x00, 0x4E, 0xE2, 0x00, 0x14, 0x00, 0x02, 0x40, 0x00, 0x00,
	0x00, 0x00, 0x00, 0x00, 0x00, 0x00, 0x00, 0xDF, 0xFF, 0xFF, 0xFF, 0xDD,
	0xF0, 0x7E, 0xC0, 0x0C, 0x03, 0x00, 0x00, 0x00, 0x00, 0x00, 0x00, 0x01,
	0x80, 0x00, 0x00, 0x00, 0x00, 0x00, 0x01, 0xC9, 0xA1, 0x00, 0x3C, 0x00,
	0x02, 0x01, 0x84, 0x00, 0x00, 0x00, 0x00, 0x00, 0x00, 0x00, 0x00, 0x9F,
	0xFF, 0xFF, 0xFF, 0xFC, 0x6F, 0x1F, 0xFC, 0x02, 0x00, 0x01, 0x00, 0x02,
	0x00, 0x00, 0x00, 0x03, 0x21, 0x80, 0x00, 0x00, 0x00, 0x02, 0x09, 0x2E,
	0x80, 0x20, 0x14, 0x00, 0x00, 0x00, 0x80, 0x00, 0x00, 0x00, 0x00, 0x00,
	0x00, 0x00, 0x00, 0x1F, 0xFF, 0xFF, 0xFF, 0xFF, 0x88, 0x07, 0xFF, 0xED,
	0x60, 0x00, 0xA0, 0x00, 0x00, 0x01, 0x02, 0x00, 0x04, 0x30, 0x00, 0x00,
	0x10, 0x00, 0x0E, 0x48, 0x82, 0x21, 0x00, 0x00, 0x00, 0x05, 0x28, 0x00,
	0x00, 0x00, 0x00, 0x00, 0x00, 0x00, 0x00, 0x3F, 0xFF, 0xFF, 0xFF, 0xFF,
	0x00, 0x7F, 0xFF, 0xE0, 0x18, 0x00, 0x02, 0x00, 0x00, 0x00, 0x00, 0x00,
	0x0A, 0x82, 0x00, 0x00, 0x00, 0x00, 0x39, 0x20, 0x00, 0x10, 0x00, 0x00,
	0x00, 0x00, 0x80, 0x20, 0x00, 0x00, 0x00, 0x00, 0x00, 0x00, 0x00, 0x3F,
	0xFF, 0xFF, 0xFF, 0xFE, 0xC0, 0x0F, 0xFF, 0x80, 0x73, 0xC0, 0x01, 0x40,
	0x00, 0x00, 0x00, 0x20, 0x19, 0x06, 0x00, 0x00, 0x00, 0x00, 0x3B, 0x18,
	0x90, 0x18, 0x00, 0x00, 0x00, 0x00, 0x00, 0x00, 0x00, 0x00, 0x00, 0x00,
	0x00, 0x00, 0x00, 0x3F, 0xFF, 0xFF, 0xFF, 0xFF, 0xC0, 0xB7, 0xFF, 0xC0,
	0x07, 0x80, 0x00, 0x80, 0x00, 0x00, 0x20, 0x12, 0x8F, 0xDC, 0x00, 0x00,
	0x00, 0x00, 0x21, 0x27, 0xC0, 0x00, 0x00, 0x00, 0x00, 0x00, 0x00, 0x00,
	0x00, 0x00, 0x00, 0x00, 0x00, 0x00, 0x00, 0x3F, 0xFF, 0xFF, 0xFF, 0xFF,
	0xC6, 0x2F, 0xFF, 0xF0, 0x08, 0xC0, 0x01, 0x00, 0x02, 0x00, 0x00, 0x03,
	0x8C, 0x2E, 0x00, 0x00, 0x00, 0x01, 0x00, 0x66, 0x08, 0x00, 0x00, 0x00,
	0x00, 0x00, 0x00, 0x22, 0x00, 0x00, 0x00, 0x00, 0x00, 0x00, 0x03, 0xFF,
	0xFF, 0xFF, 0xFF, 0xFF, 0x94, 0x17, 0xFF, 0xF9, 0x97, 0xE0, 0x00, 0x00,
	0xC0, 0x00, 0x00, 0x3D, 0x20, 0xED, 0x00, 0x00, 0x00, 0x92, 0x6C, 0xD0,
	0x2A, 0x00, 0x00, 0x00, 0x00, 0x00, 0x00, 0x30, 0x00, 0x00, 0x00, 0x00,
	0x00, 0x00, 0x03, 0x9F, 0xFF, 0xFF, 0xFF, 0xFF, 0x11, 0x03, 0xFF, 0xFE,
	0x1A, 0xC0, 0x00, 0x01, 0x00, 0x00, 0x0C, 0x04, 0xA8, 0x24, 0x00, 0x00,
	0x01, 0x70, 0x80, 0x04, 0x24, 0x40, 0x00, 0x00, 0x00, 0x00, 0x00, 0x6C,
	0x00, 0x00, 0x00, 0x00, 0x00, 0x06, 0x07, 0x9F, 0xFF, 0xFF, 0xFF, 0xEF,
	0x1B, 0x57, 0xFF, 0xCD, 0x98, 0x00, 0x00, 0x00, 0x00, 0x80, 0x01, 0x10,
	0x96, 0x18, 0x00, 0x00, 0x01, 0x60, 0x02, 0xB0, 0x04, 0x00, 0x00, 0x00,
	0x00, 0x00, 0x00, 0x00, 0x00, 0x00, 0x00, 0x00, 0x00, 0x00, 0x1F, 0xFF,
	0xFF, 0xFF, 0xFF, 0xFF, 0x00, 0x3D, 0xFF, 0xFC, 0xF1, 0x00, 0x00, 0x00,
	0x01, 0xA1, 0x00, 0xE0, 0x1F, 0xC2, 0xC0, 0x00, 0x00, 0x00, 0x19, 0x90,
	0x00, 0x00, 0x00, 0x00, 0x00, 0x00, 0x00, 0x86, 0x00, 0x00, 0x00, 0x00,
	0x00, 0x00, 0x07, 0xFF, 0xFF, 0xFF, 0xFF, 0xFF, 0x12, 0x7F, 0xFF, 0xFE,
	0x7F, 0x00, 0x00, 0x00, 0x00, 0x00, 0x22, 0x16, 0x04, 0x68, 0x90, 0x00,
	0x00, 0x00, 0xC0, 0x20, 0x00, 0x00, 0x00, 0x00, 0x18, 0x10, 0x21, 0x0D,
	0x00, 0x00, 0x00, 0x00, 0x00, 0x00, 0x13, 0x7F, 0xFF, 0xFF, 0xFF, 0xFF,
	0x04, 0x1E, 0xFC, 0x7F, 0xFF, 0xC0, 0x00, 0x04, 0x00, 0x00, 0x00, 0x3A,
	0x1B, 0xFA, 0x38, 0x04, 0x00, 0x00, 0x02, 0x60, 0x00, 0x00, 0x01, 0x00,
	0xC0, 0x00, 0x02, 0x41, 0x00, 0x00, 0x00, 0x01, 0x00, 0x0C, 0x01, 0xFF,
	0xFF, 0xFF, 0xFF, 0xCF, 0x5A, 0x9F, 0xFF, 0xFF, 0xFF, 0x80, 0x00, 0x00,
	0x00, 0x00, 0x08, 0x75, 0xB3, 0xBC, 0x6A, 0x04, 0x00, 0x04, 0xA0, 0x01,
	0x00, 0x00, 0x00, 0x00, 0x00, 0x01, 0xE0, 0x82, 0x00, 0x00, 0x00, 0x00,
	0x00, 0x07, 0xE7, 0xFF, 0xFF, 0xFF, 0xFF, 0xFF, 0xF0, 0xA9, 0xEF, 0xFF,
	0xFF, 0x80, 0x20, 0x00, 0x00, 0x00, 0x00, 0x03, 0xA2, 0x3C, 0x0E, 0x00,
	0x00, 0x60, 0x42, 0xB4, 0x80, 0x00, 0x0C, 0xF1, 0x80, 0x00, 0x07, 0xCF,
	0x00, 0x00, 0x00, 0x00, 0x00, 0x0F, 0xEF, 0xFF, 0xFF, 0xFF, 0xFF, 0xFE,
	0x00, 0x9F, 0xFF, 0xFF, 0xFF, 0x80, 0x00, 0x00, 0x00, 0x00, 0x00, 0x00,
	0x02, 0x74, 0x02, 0x00, 0x24, 0x00, 0x82, 0x6C, 0x00, 0x00, 0x10, 0x00,
	0x00, 0x01, 0xFF, 0xEF, 0x00, 0x00, 0x00, 0x00, 0x00, 0x37, 0xFF, 0xFF,
	0xFF, 0xFF, 0xFF, 0xFF, 0x84, 0x2F, 0x3B, 0xFF, 0xFF, 0x80, 0x40, 0x00,
	0x00, 0x00, 0x00, 0x00, 0x06, 0xFE, 0x00, 0x01, 0x80, 0x00, 0x01, 0x90,
	0x00, 0x00, 0x00, 0x00, 0xC1, 0xCF, 0xFF, 0xFF, 0x00, 0x00, 0x00, 0x00,
	0x00, 0x3E, 0x6F, 0xFF, 0xFF, 0xFF, 0xFF, 0xF9, 0xC0, 0x97, 0xE5, 0xFF,
	0xFF, 0x80, 0xE0, 0x00, 0x00, 0x00, 0x00, 0x00, 0x70, 0x30, 0x00, 0x00,
	0x08, 0x00, 0x00, 0x17, 0x08, 0x00, 0x00, 0x00, 0x43, 0xFF, 0xFF, 0xEC,
	0x00, 0x00, 0x00, 0x00, 0x01, 0x17, 0xC7, 0xFF, 0xFF, 0xFF, 0xFF, 0xFB,
	0xF8, 0x15, 0xDF, 0xCF, 0xBF, 0x80, 0xE0, 0x00, 0x00, 0x00, 0x00, 0x00,
	0x20, 0xAC, 0x00, 0x00, 0x00, 0x00, 0x80, 0x00, 0x18, 0x00, 0x11, 0x00,
	0x15, 0xDF, 0xFF, 0x87, 0x00, 0x00, 0x00, 0x00, 0x00, 0x7E, 0x5F, 0xFF,
	0xFF, 0xFF, 0xFF, 0xFF, 0xC0, 0x43, 0xFF, 0xEC, 0x9F, 0x00, 0xE1, 0x00,
	0x00, 0x00, 0x00, 0x00, 0x1D, 0x90, 0x00, 0x00, 0x00, 0x00, 0x00, 0x00,
	0x04, 0x00, 0x88, 0x00, 0x0F, 0xBB, 0xFF, 0x4F, 0x00, 0x00, 0x00, 0x0F,
	0x03, 0xFF, 0xBF, 0xFF, 0xFF, 0xFF, 0xFF, 0xF9, 0xE7, 0x2F, 0xFF, 0xFE,
	0xFF, 0x67, 0xE0, 0x00, 0x00, 0x00, 0x00, 0x00, 0x10, 0x00, 0x00, 0x00,
	0x00, 0x00, 0x00, 0x00, 0x00, 0x81, 0x24, 0x00, 0x1B, 0x7F, 0xE1, 0x76,
	0x00, 0x00, 0x00, 0xC1, 0x0F, 0xB9, 0xFF, 0xFF, 0xFF, 0xFF, 0xFF, 0xFE,
	0x42, 0x23, 0xFF, 0xFB, 0xFC, 0x01, 0xF2, 0x80, 0x00, 0x00, 0x00, 0x00,
	0x72, 0x2C, 0x00, 0x00, 0x00, 0x00, 0x00, 0x00, 0x05, 0x21, 0x04, 0x00,
	0x1F, 0xFF, 0x40, 0x84, 0x01, 0x00, 0x00, 0x00, 0x1C, 0x7F, 0xFF, 0xFF,
	0xFF, 0xFF, 0xFF, 0xFE, 0xDA, 0x4D, 0xFF, 0x7F, 0xFC, 0x03, 0xD0, 0x00,
	0x00, 0x00, 0x00, 0x00, 0x18, 0x08, 0x00, 0x00, 0x00, 0x00, 0x00, 0x00,
	0x00, 0x03, 0x90, 0x12, 0x7F, 0xFD, 0x01, 0x8E, 0x00, 0x00, 0x00, 0x1E,
	0x70, 0xFF, 0xFF, 0xFF, 0xFF, 0xFF, 0xE0, 0x9C, 0x21, 0x0F, 0xFF, 0xFF,
	0xFC, 0x01, 0xC0, 0x00, 0x00, 0x00, 0x00, 0x00, 0x00, 0x00, 0x00, 0x00,
	0x00, 0x00, 0x01, 0xB8, 0x00, 0x00, 0xDC, 0xFA, 0xFF, 0xE8, 0x0E, 0x84,
	0x00, 0x00, 0x00, 0x03, 0x3F, 0xFD, 0xFF, 0xFF, 0xFF, 0xFF, 0xFF, 0xFB,
	0x88, 0x1F, 0xD7, 0xFF, 0xBC, 0x00, 0xB0, 0x00, 0x00, 0x00, 0x00, 0x00,
	0x00, 0x00, 0x00, 0x00, 0x00, 0x00, 0x01, 0xE8, 0x00, 0x00, 0x11, 0xBB,
	0xFF, 0x81, 0xD8, 0x9F, 0x00, 0x00, 0x00, 0xFC, 0x3F, 0xFF, 0xFF, 0xFF,
	0xFF, 0xFF, 0xFF, 0xCF, 0x00, 0x72, 0x7F, 0xFF, 0xFF, 0x89, 0xF0, 0x00,
	0x00, 0x00, 0x00, 0x00, 0x00, 0x00, 0x00, 0x00, 0x00, 0x00, 0x00, 0x0C,
	0x00, 0x00, 0x00, 0x0F, 0xFF, 0x13, 0xD0, 0xE9, 0xC0, 0x03, 0x01, 0xFF,
	0xFF, 0x6F, 0xFF, 0xFF, 0xFF, 0xFF, 0xFF, 0xFD, 0x36, 0x0F, 0xDF, 0xFE,
	0x3D, 0x80, 0x02, 0x00, 0x00, 0x00, 0x00, 0x00, 0x00, 0x00, 0x00, 0x00,
	0x00, 0x00, 0x00, 0x00, 0x00, 0x00, 0x00, 0x0F, 0xF4, 0x1C, 0xE0, 0x78,
	0x03, 0x80, 0xF9, 0xFF, 0xFF, 0xFF, 0xFF, 0xFF, 0xFF, 0xFF, 0xFF, 0xFF,
	0x00, 0x37, 0xFF, 0xF1, 0xF8, 0x1F, 0x90, 0x00, 0x00, 0x00, 0x00, 0x00,
	0x00, 0x00, 0x00, 0x10, 0x00, 0x00, 0x00, 0x00, 0x00, 0x00, 0x2C, 0xFF,
	0xFF, 0x80, 0xC0, 0x00, 0x10, 0x30, 0x07, 0xFE, 0xFF, 0xEF, 0xFF, 0xFF,
	0xFF, 0xFF, 0xFE, 0x3F, 0x82, 0x03, 0xFF, 0xFE, 0x68, 0x03, 0xE0, 0x00,
	0x00, 0x00, 0x00, 0x00, 0x00, 0x00, 0x00, 0x00, 0x00, 0x00, 0x00, 0x00,
	0x00, 0x00, 0x0D, 0x1E, 0x1F, 0x90, 0xC0, 0x88, 0xC1, 0x80, 0x03, 0xDF,
	0xFF, 0xFF, 0xFF, 0xFF, 0xFF, 0xFF, 0xFF, 0xF8, 0x0C, 0x3F, 0xFE, 0xFB,
	0x7D, 0x03, 0xE8, 0x00, 0x00, 0x00, 0x00, 0x00, 0x00, 0x00, 0x00, 0x00,
	0x00, 0x00, 0x00, 0x00, 0x00, 0x05, 0x40, 0x21, 0xA6, 0xC1, 0x00, 0x01,
	0x80, 0x60, 0x02, 0xFF, 0x3F, 0xFF, 0xEF, 0xFF, 0xFF, 0xFF, 0xFF, 0xCF,
	0x00, 0xCF, 0xFF, 0xFC, 0xFF, 0x83, 0xF8, 0x00, 0x00, 0x00, 0x00, 0x00,
	0x00, 0x00, 0x00, 0x00, 0x00, 0x00, 0x00, 0x00, 0x00, 0x7F, 0xE0, 0x58,
	0x0E, 0xC0, 0x00, 0x82, 0x0C, 0x24, 0x7C, 0x3F, 0xFF, 0xFF, 0xFF, 0xFF,
	0xFF, 0xFF, 0xF9, 0xFE, 0x03, 0xE3, 0xFB, 0xFF, 0xFA, 0x07, 0xFF, 0x00,
	0x00, 0x00, 0x00, 0x00, 0x00, 0x00, 0x00, 0x00, 0x00, 0x00, 0x00, 0x00,
	0x03, 0xF5, 0xC9, 0xE8, 0x47, 0x00, 0x00, 0x05, 0x07, 0x86, 0x0F, 0xFF,
	0xFF, 0xFF, 0xFF, 0xFF, 0xFF, 0xFF, 0x3F, 0xF4, 0x00, 0x0C, 0xFF, 0xFF,
	0xF8, 0x0E, 0xE0, 0x80, 0x00, 0x00, 0x00, 0x00, 0x00, 0x00, 0x00, 0x00,
	0x00, 0x00, 0x03, 0xB0, 0x0C, 0xE3, 0x9B, 0x73, 0x02, 0x00, 0x00, 0x07,
	0x30, 0x01, 0xFF, 0xEF, 0xFF, 0xFF, 0xFF, 0xFF, 0xFF, 0xFF, 0xFF, 0xF0,
	0x10, 0x78, 0x9F, 0xFF, 0xF0, 0x0F, 0xDC, 0x00, 0x10, 0x00, 0x00, 0x00,
	0x02, 0x00, 0x00, 0x00, 0x00, 0x00, 0x03, 0x3C, 0x3D, 0xEA, 0x0F, 0xD0,
	0x00, 0x10, 0x00, 0x1A, 0x13, 0x78, 0xFF, 0xFF, 0xFF, 0xFF, 0xFF, 0xFF,
	0xFF, 0xFF, 0xFF, 0x0F, 0x90, 0x3F, 0xDE, 0xF7, 0xFF, 0x9F, 0xEE, 0x00,
	0x00, 0x00, 0x00, 0x00, 0x00, 0x30, 0x00, 0x00, 0x00, 0x00, 0x03, 0xF0,
	0xF5, 0xAE, 0x73, 0xC0, 0x00, 0x20, 0x00, 0x04, 0x87, 0xE2, 0x7F, 0xFF,
	0xFF, 0xFF, 0xFF, 0xFF, 0xFF, 0xFF, 0xFF, 0xFE, 0x08, 0x2E, 0xBF, 0xE1,
	0xC2, 0x00, 0x00, 0x00, 0x00, 0x00, 0x38, 0x00, 0x03, 0x80, 0x00, 0x00,
	0x00, 0x00, 0x7E, 0xBE, 0x61, 0xC6, 0x3F, 0x00, 0x00, 0x00, 0x00, 0x00,
	0x80, 0x4E, 0xFF, 0xC5, 0xFF, 0xFF, 0xFF, 0xFF, 0xFF, 0xFF, 0xFF, 0xF3,
	0x83, 0xD9, 0xFE, 0xF0, 0xFC, 0x00, 0x40, 0x00, 0x00, 0x00, 0x00, 0x00,
	0x00, 0x00, 0x00, 0x00, 0x00, 0x01, 0xFC, 0x14, 0x13, 0xA8, 0x0C, 0xE0,
	0x00, 0x00, 0x00, 0x24, 0xFE, 0x0F, 0xF8, 0xFF, 0xFF, 0xFF, 0xFF, 0xFF,
	0xFF, 0xFF, 0x9F, 0xF0, 0x43, 0x07, 0xFB, 0xFE, 0x38, 0x63, 0x07, 0x00,
	0x01, 0x00, 0x00, 0x00, 0x00, 0x00, 0x00, 0x00, 0x00, 0x03, 0xFA, 0x01,
	0xC0, 0x7B, 0x14, 0x00, 0x00, 0x00, 0x00, 0x01, 0x07, 0xFF, 0xF7, 0xFF,
	0xFF, 0xFF, 0xFF, 0xFF, 0xFF, 0xFF, 0xFF, 0x05, 0xDE, 0x07, 0xFF, 0xC3,
	0xE3, 0x00, 0x9E, 0x20, 0x00, 0x00, 0x00, 0x00, 0x00, 0x00, 0x00, 0x00,
	0x00, 0x07, 0xE0, 0x10, 0x00, 0x0C, 0x00, 0x00, 0x00, 0x00, 0x01, 0x05,
	0x80, 0x1F, 0x9F, 0xFF, 0xFF, 0xBF, 0xFF, 0xFF, 0xFF, 0xBF, 0xD8, 0x2E,
	0x70, 0x63, 0xFE, 0xFD, 0xDF, 0x01, 0xE0, 0x00, 0x02, 0x00, 0x00, 0x00,
	0x00, 0x00, 0x00, 0x02, 0x00, 0x07, 0xBE, 0x20, 0x80, 0x88, 0x00, 0x00,
	0x00, 0x00, 0x00, 0x05, 0xFF, 0xFD, 0xFF, 0xFF, 0xFF, 0xFF, 0xFF, 0xFF,
	0xFF, 0xFF, 0xF6, 0x30, 0x03, 0xD7, 0xE7, 0xF7, 0xA2, 0x00, 0x90, 0x00,
	0x00, 0x00, 0x00, 0x00, 0x00, 0x00, 0x00, 0x00, 0x00, 0x00, 0x0C, 0x00,
	0x80, 0x00, 0x00, 0x00, 0x00, 0x00, 0x00, 0x96, 0xFD, 0xFF, 0xFF, 0xFF,
	0xFF, 0xFF, 0xFF, 0xFF, 0xF5, 0xFF, 0xFC, 0x78, 0xEF, 0xC8, 0x3F, 0xF8,
	0xF0, 0x9B, 0xB0, 0x00, 0x0E, 0x00, 0x00, 0x00, 0x00, 0x00, 0x00, 0x00,
	0x00, 0x00, 0x81, 0x80, 0x12, 0x20, 0x00, 0x00, 0x00, 0x00, 0x00, 0x30,
	0x7F, 0xFF, 0xFF, 0xFF, 0xFF, 0xFF, 0xFF, 0xFF, 0xEE, 0xFF, 0xFF, 0xE7,
	0x00, 0xFF, 0xFF, 0xFE, 0x1E, 0x13, 0x30, 0x00, 0x03, 0x00, 0x00, 0x00,
	0x00, 0x00, 0x06, 0x00, 0x00, 0x00, 0x20, 0x03, 0x08, 0x00, 0x00, 0x00,
	0x00, 0x00, 0x01, 0x00, 0xFF, 0xE7, 0xFF, 0xFF, 0xFF, 0xFF, 0xFF, 0xFF,
	0xFF, 0xFF, 0xF3, 0xC7, 0xA3, 0xFF, 0xFF, 0x3F, 0xD1, 0x80, 0x00, 0x00,
	0x68, 0x00, 0x00, 0x00, 0x00, 0x03, 0x00, 0x00, 0x00, 0x00, 0x00, 0x00,
	0x04, 0x24, 0x00, 0x00, 0x00, 0x00, 0x09, 0x08, 0xFC, 0x3F, 0xFF, 0xFF,
	0xFF, 0xFF, 0xFF, 0xFF, 0xFF, 0xFF, 0xE6, 0x03, 0xC2, 0xFF, 0xFF, 0xFF,
	0x5F, 0x8C, 0x00, 0x0D, 0xC0, 0x00, 0x00, 0x00, 0x0F, 0x00, 0x00, 0x00,
	0x00, 0x00, 0x03, 0x80, 0x00, 0x82, 0x00, 0x00, 0x00, 0x00, 0x0D, 0x06,
	0xFF, 0xFF, 0xFF, 0xFF, 0xFF, 0xFF, 0xFF, 0xFF, 0xFC, 0xFF, 0xFE, 0x7E,
	0x28, 0xFF, 0xFF, 0xFF, 0xCE, 0x3C, 0x00, 0x1F, 0xFF, 0x72, 0x00, 0x01,
	0x8F, 0x50, 0x00, 0x00, 0x00, 0x00, 0x00, 0x34, 0x01, 0x16, 0x00, 0x00,
	0x00, 0x00, 0x00, 0x03, 0xFF, 0xFF, 0x7F, 0xFF, 0xFF, 0xFF, 0xFF, 0xFF,
	0xFF, 0xFF, 0xE0, 0x00, 0x00, 0x5F, 0xFF, 0xFF, 0xE0, 0xBB, 0xE0, 0x4F,
	0xDF, 0x70, 0xD8, 0x67, 0xE0, 0x40, 0x00, 0x08, 0x00, 0x00, 0x00, 0x08,
	0x20, 0x40, 0x00, 0x00, 0x00, 0x00, 0x03, 0x3D, 0xBF, 0xFF, 0xFF, 0xFF,
	0xFF, 0xFF, 0xFF, 0xFF, 0xFF, 0xFF, 0xFE, 0x7C, 0xDE, 0x7D, 0xFF, 0xFE,
	0xF0, 0x0F, 0x98, 0x7F, 0xBF, 0x08, 0xC4, 0xFE, 0x7D, 0xC0, 0x08, 0x00,
	0x00, 0x00, 0x00, 0x00, 0x04, 0x00, 0x00, 0x00, 0x00, 0x00, 0x00, 0x1B,
	0xFF, 0xFF, 0xFF, 0xFF, 0xFF, 0xFF, 0xFF, 0xFF, 0xFF, 0xFC, 0x3F, 0x84,
	0x1E, 0x7F, 0xFC, 0x72, 0x36, 0x07, 0xF4, 0xBE, 0x3F, 0x00, 0x00, 0x03,
	0xF8, 0x5B, 0xE0, 0x00, 0x00, 0x00, 0x00, 0x00, 0x00, 0x80, 0x00, 0x00,
	0x00, 0x00, 0x07, 0xF7, 0xFF, 0xFF, 0xFF, 0xFF, 0xFF, 0xFF, 0xFF, 0xFF,
	0xFF, 0xF8, 0x51, 0x80, 0x31, 0xFF, 0xFF, 0xE1, 0x9C, 0x0F, 0xCC, 0x11,
	0x8D, 0x01, 0xE2, 0x81, 0x01, 0x02, 0x00, 0x00, 0x00, 0x00, 0x00, 0x00,
	0x00, 0x41, 0x00, 0x00, 0x00, 0x03, 0xFA, 0xFB, 0xFF, 0xBF, 0xFF, 0xFF,
	0xFF, 0xFF, 0xFF, 0xFF, 0xFF, 0xFF, 0xF8, 0xD0, 0x0A, 0x2F, 0xFF, 0xF8,
	0x13, 0x9F, 0x00, 0x1E, 0x00, 0x8A, 0x20, 0x00, 0x00, 0x00, 0x00, 0x00,
	0x00, 0x00, 0x00, 0x00, 0x0F, 0x80, 0x00, 0x00, 0x13, 0xE7, 0xBF, 0xFF,
	0xFF, 0xFF, 0xFF, 0xFF, 0xFF, 0xFF, 0xFF, 0xFF, 0xFF, 0xFF, 0xF0, 0x38,
	0x42, 0x7F, 0xFF, 0x8D, 0xFE, 0xDC, 0xB0, 0x18, 0x00, 0x23, 0x00, 0x52,
	0x00, 0x00, 0x00, 0x00, 0x00, 0x00, 0x00, 0x7C, 0x00, 0xC0, 0x80, 0x80,
	0x7F, 0x5C, 0xFF, 0xFF, 0xFF, 0xE8, 0xFF, 0xFF, 0xFF, 0xFF, 0xFF, 0xFF,
	0xFF, 0xFF, 0xF0, 0x11, 0x87, 0xFF, 0xFF, 0x81, 0xF0, 0x61, 0x1C, 0x00,
	0x00, 0xF0, 0x00, 0x91, 0x80, 0x00, 0x00, 0x00, 0x00, 0x00, 0x00, 0x00,
	0x00, 0x09, 0x3E, 0xAB, 0xFE, 0xDF, 0xBD, 0xDD, 0xFF, 0xFF, 0xFF, 0xFF,
	0xFF, 0xFF, 0xFF, 0xFF, 0xFB, 0xBF, 0xF0, 0x7E, 0xD5, 0xFE, 0xBF, 0xDC,
	0x1C, 0x4E, 0x76, 0x00, 0x00, 0x44, 0x04, 0x06, 0x00, 0x00, 0x00, 0x00,
	0x00, 0x00, 0x00, 0x00, 0x00, 0x00, 0x02, 0xBF, 0x7F, 0x9F, 0xFE, 0xD8,
	0xFF, 0xFF, 0xFF, 0xFF, 0xFF, 0xFF, 0xFF, 0xFF, 0xFF, 0xFF, 0xFF, 0xAF,
	0x9D, 0x7F, 0xF9, 0xCF, 0x82, 0x59, 0x60, 0x00, 0x01, 0x53, 0x49, 0xB5,
	0x00, 0x00, 0x00, 0x00, 0x00, 0x00, 0x00, 0x00, 0x01, 0x02, 0x07, 0x3F,
	0xF3, 0xD6, 0x7B, 0xF7, 0xFF, 0xFF, 0xFF, 0xFF, 0xFF, 0xFF, 0xFF, 0xFF,
	0xFF, 0xFF, 0xF0, 0xF7, 0x11, 0xFF, 0xFA, 0x38, 0xFF, 0x0C, 0x50, 0x00,
	0x01, 0x11, 0x82, 0x30, 0x00, 0x00, 0x00, 0x00, 0x00, 0x00, 0x00, 0x00,
	0x00, 0x8F, 0xFF, 0x3F, 0xFF, 0xF1, 0x7F, 0xE2, 0xFF, 0xFF, 0xFF, 0xFF,
	0xFF, 0xFF, 0xFF, 0xFF, 0xFE, 0x27, 0xDF, 0xCF, 0x11, 0xFF, 0xFF, 0x60,
	0x81, 0x00, 0x30, 0x00, 0x01, 0x20, 0x06, 0xFB, 0x82, 0x00, 0x00, 0x00,
	0x00, 0x00, 0x00, 0x00, 0x00, 0xFB, 0xFE, 0xDD, 0x9F, 0xF5, 0xFB, 0xF4,
	0xFF, 0xFF, 0xFF, 0xFF, 0xFF, 0xFF, 0xFF, 0xFF, 0xFF, 0xFF, 0xF3, 0x3D,
	0xE3, 0xFF, 0xBF, 0xF3, 0x09, 0x00, 0x06, 0xC0, 0x01, 0x35, 0xE2, 0xF0,
	0x31, 0x40, 0x00, 0x00, 0x00, 0x00, 0x00, 0x00, 0x03, 0xC1, 0x76, 0x60,
	0x7F, 0xF6, 0x01, 0xFE, 0xFF, 0xFF, 0xFF, 0xFF, 0xFF, 0xFF, 0xFF, 0xFF,
	0xFF, 0xFF, 0xE1, 0x6F, 0xFF, 0xF8, 0xDB, 0xCE, 0x01, 0x40, 0x02, 0x00,
	0x01, 0x59, 0xF7, 0xC1, 0x08, 0x04, 0x38, 0x00, 0x00, 0x00, 0x00, 0x00,
	0x03, 0x80, 0x33, 0x31, 0x66, 0xF0, 0x1A, 0xF7, 0xFF, 0xFF, 0xFF, 0xFF,
	0xFF, 0xFF, 0xFF, 0xFF, 0xFF, 0xEB, 0xF8, 0x3F, 0xEB, 0xFD, 0xD3, 0x8F,
	0xC1, 0x00, 0x01, 0x80, 0x01, 0x30, 0x00, 0x79, 0xCF, 0x87, 0x80, 0x00,
	0x00, 0x00, 0x00, 0x00, 0x0E, 0x27, 0x59, 0x01, 0xDE, 0xDA, 0x9C, 0xEE,
	0xFF, 0xFF, 0xFF, 0xFF, 0xFF, 0xFF, 0xFF, 0xFF, 0xEB, 0x17, 0xFF, 0x3C,
	0x07, 0xBF, 0x63, 0x8D, 0x03, 0x81, 0x00, 0x08, 0x80, 0x07, 0xC8, 0x01,
	0x81, 0x80, 0x2D, 0x40, 0x00, 0x00, 0x00, 0x00, 0x0A, 0xF9, 0xE2, 0x00,
	0xE9, 0x5C, 0x86, 0x6F, 0xFB, 0xDF, 0xFF, 0xFF, 0xEE, 0xF7, 0xFF, 0xFF,
	0xFF, 0xDF, 0xFF, 0xED, 0xFF, 0xE3, 0xF6, 0x46, 0x64, 0xE0, 0x00, 0x00,
	0x03, 0x07, 0x00, 0x00, 0x1C, 0x00, 0x11, 0x80, 0x00, 0x00, 0x00, 0x00,
	0x19, 0x11, 0xA0, 0x30, 0x90, 0x2C, 0x75, 0x76, 0xFF, 0xFF, 0xE7, 0xCF,
	0xFF, 0xF7, 0xE0, 0xFF, 0xFF, 0xFF, 0xFF, 0xFF, 0xFF, 0xEB, 0xAF, 0x4B,
	0xE1, 0xF1, 0x00, 0x00, 0x00, 0x1C, 0x00, 0x00, 0x00, 0x00, 0xB8, 0x00,
	0x00, 0x00, 0x00, 0x00, 0x32, 0x1B, 0x90, 0x02, 0x6F, 0x7C, 0x0F, 0x6E,
	0xFF, 0xFF, 0xFE, 0xFF, 0x4F, 0x45, 0xF3, 0xFF, 0xFF, 0xFF, 0xFF, 0xEF,
	0x5E, 0xFD, 0xFB, 0xFB, 0xF8, 0x78, 0x00, 0x00, 0x00, 0x00, 0x00, 0x00,
	0x00, 0x00, 0x00, 0x00, 0x00, 0x00, 0x00, 0x00, 0xE1, 0x09, 0x31, 0x02,
	0x74, 0xE6, 0x9E, 0x9F, 0xFF, 0xFD, 0xFB, 0xFB, 0x3E, 0xFB, 0xED, 0xFF,
	0xFF, 0xFE, 0xFE, 0x0C, 0xF9, 0xFE, 0xFB, 0x17, 0x84, 0x00, 0x00, 0x00,
	0x00, 0x00, 0x00, 0x0A, 0x00, 0x00, 0x00, 0x00, 0x00, 0x00, 0x00, 0x01,
	0xE0, 0x43, 0xD0, 0x94, 0xBC, 0x73, 0xC2, 0xB5, 0xFF, 0xFF, 0xBE, 0x97,
	0x8B, 0xFF, 0xFF, 0xFF, 0xBF, 0xFF, 0xA5, 0xFF, 0xE3, 0xFF, 0xEE, 0x74,
	0x62, 0x00, 0x00, 0x00, 0x00, 0x00, 0x00, 0x12, 0x00, 0x00, 0x10, 0x00,
	0x00, 0x00, 0x00, 0x03, 0x60, 0x01, 0xC5, 0x18, 0xB3, 0xF1, 0xFF, 0x3F,
	0xFD, 0xFE, 0xBF, 0x18, 0x2F, 0xC3, 0xD7, 0xFF, 0xFF, 0xFC, 0xF4, 0x4F,
	0xFF, 0xFF, 0xBF, 0xBF, 0x38, 0x00, 0x00, 0x00, 0x00, 0x00, 0x00, 0x24,
	0x00, 0x00, 0x00, 0x00, 0x00, 0x00, 0x00, 0x07, 0x2C, 0x23, 0xF7, 0x5C,
	0xE3, 0x80, 0x72, 0x06, 0xFE, 0x7F, 0xFA, 0x02, 0xFE, 0xF5, 0xFF, 0xFF,
	0x2E, 0xFF, 0xE0, 0xDB, 0xEF, 0x3F, 0xEF, 0xEC, 0x24, 0x40, 0x00, 0x00,
	0x00, 0x00, 0x00, 0x00, 0x00, 0x00, 0x40, 0x00, 0x00, 0x00, 0x00, 0x06,
	0x08, 0x23, 0xCD, 0x3E, 0xB0, 0x51, 0x27, 0x3C, 0x7B, 0xCF, 0xC1, 0x87,
	0xFF, 0xFF, 0xF3, 0xFF, 0x9F, 0xFF, 0xFF, 0xFF, 0x86, 0x7F, 0xFF, 0xD4,
	0x0A, 0xE0, 0x00, 0x00, 0x00, 0x01, 0x81, 0x82, 0x00, 0x00, 0x00, 0x00,
	0x00, 0x00, 0x00, 0x0C, 0x00, 0x25, 0xF8, 0x4C, 0x88, 0xCE, 0xCF, 0xBF,
	0xFB, 0x6E, 0x38, 0x00, 0xDF, 0xF9, 0xFF, 0x5B, 0xFF, 0xFF, 0xE4, 0x6B,
	0xF9, 0xE7, 0xE6, 0xA0, 0x1B, 0xD0, 0x00, 0x00, 0x00, 0x00, 0x0F, 0x60,
	0x00, 0x00, 0x00, 0x00, 0x00, 0x00, 0x00, 0x00, 0x60, 0x06, 0x51, 0xA1,
	0x14, 0x0F, 0x3C, 0x2E, 0xFF, 0xE1, 0xDF, 0xC6, 0xE7, 0xF1, 0xF4, 0xBA,
	0xBE, 0xFF, 0xFF, 0xFB, 0xFF, 0xD8, 0x78, 0x80, 0xF2, 0xEF, 0x80, 0x08,
	0x00, 0x01, 0x84, 0x00, 0x00, 0x00, 0x00, 0x00, 0x00, 0x20, 0x00, 0x00,
	0x00, 0x0E, 0x06, 0x44, 0x8C, 0xA8, 0x64, 0xDF, 0xFB, 0xC4, 0xC7, 0x79,
	0xCF, 0x7F, 0x44, 0x2F, 0x9D, 0xFF, 0xFF, 0xFF, 0xFE, 0x7F, 0xE8, 0x00,
	0x33, 0xFF, 0x80, 0x00, 0x00, 0x01, 0x50, 0x00, 0x00, 0x00, 0x00, 0x00,
	0x00, 0x38, 0x00, 0x00, 0x00, 0x04, 0xCE, 0x41, 0x68, 0x0F, 0x6F, 0xE7,
	0x3F, 0xDF, 0xF8, 0x3F, 0xDF, 0x3E, 0x49, 0x3F, 0xEF, 0xFF, 0xBF, 0xFF,
	0xFF, 0x9F, 0x0E, 0x18, 0x77, 0xFF, 0x80, 0x02, 0x00, 0x00, 0x04, 0x00,
	0x00, 0x00, 0x00, 0x00, 0x00, 0x60, 0x00, 0x00, 0x02, 0x10, 0x60, 0x64,
	0x00, 0x08, 0xF5, 0x2D, 0xFE, 0xFD, 0xCE, 0x0B, 0xFF, 0xE0, 0xCF, 0xFF,
	0xFF, 0xFF, 0xFE, 0x37, 0xFF, 0xFF, 0xF7, 0xDE, 0x04, 0x3F, 0xA0, 0x02,
	0xC0, 0x3E, 0x00, 0x00, 0x00, 0x00, 0x00, 0x00, 0x00, 0x00, 0x00, 0x40,
	0x00, 0x03, 0x40, 0x28, 0xCB, 0xE7, 0xBC, 0x0A, 0x9F, 0xCC, 0x03, 0x83,
	0xFF, 0x07, 0xFF, 0x9F, 0x3F, 0x7F, 0xFF, 0xEF, 0xFF, 0xFF, 0xF5, 0xFF,
	0x7C, 0x17, 0xF0, 0x18, 0x3A, 0x81, 0x40, 0x00, 0x00, 0x00, 0x00, 0x00,
	0x01, 0x60, 0x00, 0x14, 0x02, 0x81, 0x6F, 0x98, 0x92, 0x25, 0xF8, 0x65,
	0x7F, 0xE9, 0xB3, 0x93, 0xFF, 0xBF, 0xFC, 0x0F, 0xFD, 0xFF, 0xBF, 0xFF,
	0xFF, 0x70, 0x70, 0xFF, 0x18, 0x1C, 0x00, 0x1F, 0x0F, 0x8A, 0x00, 0x00,
	0x00, 0x00, 0x00, 0x00, 0x04, 0x00, 0x00, 0x08, 0x14, 0x8B, 0xFF, 0x01,
	0xC2, 0x06, 0x40, 0x65, 0x43, 0xFE, 0x67, 0xF1, 0xFF, 0xEC, 0xFF, 0x7F,
	0xFF, 0xFF, 0xEF, 0xFF, 0xFD, 0x70, 0x7C, 0x3F, 0x22, 0x00, 0x01, 0x38,
	0x38, 0x04, 0x00, 0x00, 0x00, 0x00, 0x00, 0x00, 0x00, 0x00, 0x00, 0x27,
	0x20, 0x2D, 0xBE, 0x01, 0x02, 0x02, 0x44, 0x25, 0xBF, 0xFE, 0x2F, 0xFD,
	0xEB, 0xFF, 0xFF, 0xF5, 0xBF, 0xCF, 0xBF, 0xFE, 0x7E, 0xE3, 0xFC, 0x03,
	0x10, 0x16, 0x22, 0x00, 0x08, 0x00, 0x00, 0x00, 0x00, 0x00, 0x00, 0x00,
	0x02, 0x10, 0x04, 0xD7, 0xE0, 0x3B, 0xF8, 0xAD, 0x2C, 0x43, 0x10, 0x20,
	0xE1, 0xFF, 0xCD, 0xF6, 0xA5, 0xF5, 0x77, 0xD9, 0xBD, 0xFE, 0xFF, 0x89,
	0x79, 0x3F, 0xF9, 0xEC, 0xFF, 0xF1, 0x7E, 0x00, 0x50, 0x00, 0x00, 0x00,
	0x00, 0x07, 0x40, 0x00, 0x00, 0x6C, 0x00, 0x02, 0x71, 0x6F, 0xF7, 0x00,
	0x06, 0x41, 0x44, 0x05, 0x1C, 0xEF, 0x8F, 0xFF, 0x72, 0x48, 0x67, 0xD3,
	0xD9, 0xFF, 0x3B, 0x3F, 0x7E, 0x03, 0xDB, 0x02, 0x1F, 0x00, 0x00, 0x00,
	0x00, 0x00, 0x05, 0x00, 0x00, 0x46, 0x00, 0x00, 0x10, 0x80, 0x01, 0x24,
	0xFD, 0x9B, 0xF0, 0x2B, 0x16, 0x40, 0x10, 0x4F, 0x1E, 0xDF, 0xFE, 0x7F,
	0xFA, 0x60, 0xFF, 0x2F, 0xFB, 0x9F, 0xFF, 0xBB, 0xF8, 0x01, 0xF9, 0xC8,
	0xFF, 0x02, 0x00, 0x00, 0x00, 0x00, 0x04, 0x00, 0x03, 0x80, 0x00, 0x01,
	0x20, 0x78, 0x00, 0x1D, 0xF0, 0xBE, 0xF8, 0x80, 0x44, 0x08, 0x81, 0xA7,
	0xFF, 0x9F, 0xFF, 0xA1, 0x8E, 0xF8, 0x7D, 0x5F, 0xFF, 0xFF, 0xE9, 0x6F,
	0xF8, 0x18, 0x3F, 0x83, 0xDF, 0xA0, 0x40, 0x00, 0x00, 0x00, 0x00, 0x30,
	0x82, 0xB8, 0x00, 0x11, 0x81, 0x00, 0x00, 0x92, 0x11, 0x7F, 0xF0, 0x51,
	0x00, 0x67, 0xCA, 0x2C, 0xFF, 0xFF, 0xFC, 0x7C, 0x0B, 0xFD, 0xFE, 0x80,
	0xFB, 0xFF, 0x7C, 0xFC, 0xC0, 0x20, 0x01, 0x70, 0x6C, 0x30, 0x20, 0x32,
	0x00, 0x00, 0xC0, 0x10, 0xC0, 0x80, 0x10, 0x01, 0x80, 0x00, 0x01, 0x74,
	0x07, 0xEF, 0xF0, 0x12, 0x22, 0x91, 0xF6, 0xCF, 0x7F, 0xFC, 0xE6, 0x05,
	0xF9, 0x1B, 0x7F, 0xFF, 0xFD, 0xFF, 0xF0, 0x9F, 0xF8, 0x07, 0x02, 0x73,
	0xFF, 0xC1, 0xE0, 0x00, 0x00, 0x02, 0x00, 0x74, 0x00, 0x00, 0x0E, 0x00,
	0x00, 0x00, 0xD9, 0x85, 0x13, 0xFB, 0x6C, 0x34, 0x04, 0x0C, 0x13, 0x7E,
	0x7F, 0xF8, 0x7C, 0x3D, 0xFE, 0x3E, 0xFF, 0xDF, 0x00, 0xFF, 0x2F, 0x7F,
	0xE0, 0xBF, 0xFB, 0x08, 0x9E, 0x21, 0x00, 0x00, 0x80, 0x00, 0x1E, 0xC0,
	0x00, 0x00, 0x00, 0x00, 0x00, 0x03, 0x0C, 0x1F, 0xCF, 0xFA, 0x02, 0x08,
	0x80, 0x77, 0x15, 0xFF, 0x31, 0xFF, 0xFF, 0x7B, 0xFF, 0xFF, 0x5F, 0xFF,
	0xFF, 0x9A, 0x21, 0xF4, 0xF8, 0x3F, 0xE2, 0x22, 0x0E, 0x08, 0x08, 0x10,
	0x00, 0x00, 0x00, 0x00, 0x00, 0x00, 0x00, 0x00, 0x00, 0x02, 0x03, 0x9D,
	0x3F, 0xCC, 0x4E, 0x1C, 0x20, 0x06, 0x05, 0xF7, 0x0E, 0xFF, 0x3F, 0xFB,
	0xF3, 0x0F, 0xFF, 0x87, 0xFE, 0xDC, 0x0F, 0xC0, 0xFE, 0x5F, 0xFE, 0x06,
	0x90, 0x20, 0x80, 0x10, 0x00, 0x00, 0x00, 0x00, 0x00, 0x00, 0x00, 0x00,
	0x18, 0x00, 0x07, 0x57, 0x7F, 0x58, 0x60, 0x12, 0x30, 0x00, 0x3E, 0x7F,
	0x5B, 0xFE, 0x3D, 0xEB, 0xF6, 0x33, 0xFF, 0xFF, 0xFC, 0x7E, 0x03, 0x10,
	0x7F, 0xFF, 0xCE, 0x1F, 0x19, 0x80, 0x04, 0x80, 0x00, 0x00, 0x00, 0x00,
	0x00, 0x00, 0x03, 0x00, 0x00, 0x00, 0x00, 0x02, 0x3F, 0xE0, 0x80, 0xB2,
	0x07, 0x02, 0x77, 0xC7, 0x73, 0x8D, 0x7F, 0xFF, 0xBF, 0x9F, 0xC7, 0x9F,
	0xD0, 0xFC, 0x06, 0x00, 0x18, 0x3F, 0xEC, 0x04, 0x1A, 0xE0, 0x80, 0x81,
	0x00, 0x00, 0x01, 0x00, 0x00, 0x00, 0x03, 0xA3, 0x00, 0x00, 0x00, 0x01,
	0x7D, 0xFB, 0x00, 0x10, 0x24, 0x61, 0x7F, 0xDF, 0x7A, 0x78, 0x7F, 0xFF,
	0xFD, 0xFB, 0xFF, 0xFF, 0xE0, 0x38, 0x06, 0x33, 0x78, 0xCF, 0xD0, 0x00,
	0x00, 0xFC, 0x3E, 0x86, 0x00, 0x00, 0x00, 0x00, 0x00, 0x00, 0x00, 0x01,
	0x00, 0x00, 0x00, 0x03, 0x72, 0x23, 0x80, 0x08, 0xC0, 0x01, 0xF7, 0x3B,
	0x5E, 0xC0, 0xDE, 0x1F, 0xFB, 0x7F, 0xFF, 0x23, 0xF1, 0x38, 0x01, 0xFF,
	0xE7, 0xDF, 0x11, 0xFF, 0x01, 0x86, 0x00, 0x20, 0x00, 0x00, 0x06, 0x80,
	0x00, 0x00, 0x0E, 0xB8, 0x00, 0x00, 0x00, 0x02, 0xD8, 0xB9, 0xC0, 0x00,
	0x81, 0x2F, 0xB8, 0x15, 0xF0, 0x02, 0x0F, 0x79, 0x96, 0x7F, 0xFF, 0xFD,
	0xFE, 0xFF, 0x93, 0xFF, 0xFF, 0xEC, 0x3F, 0xFE, 0x10, 0x93, 0xF0, 0x40,
	0x00, 0x00, 0x00, 0x11, 0x00, 0x80, 0x01, 0xDC, 0x00, 0x00, 0x00, 0x11,
	0xF0, 0x1D, 0x01, 0x1D, 0x20, 0x1F, 0xDA, 0xA1, 0xE2, 0x0F, 0xE6, 0xD9,
	0xFF, 0x3F, 0xFF, 0xFF, 0xFC, 0xFD, 0xFD, 0xFF, 0xEF, 0xF3, 0xFF, 0xFF,
	0x30, 0x3F, 0x00, 0x00, 0x00, 0x00, 0x00, 0x00, 0x00, 0x91, 0xA0, 0x26,
	0x00, 0x00, 0x00, 0x3F, 0xE0, 0x7A, 0x30, 0x50, 0x23, 0x9F, 0xFD, 0xAC,
	0xF8, 0xFF, 0xDF, 0xE0, 0xFF, 0xFF, 0xFF, 0xFF, 0xFC, 0xFB, 0xFF, 0xFF,
	0xFF, 0xFF, 0xFF, 0x87, 0xFA, 0x02, 0x00, 0x80, 0x00, 0x80, 0x00, 0x00,
	0x00, 0x00, 0x00, 0x10, 0x00, 0x00, 0x00, 0x3F, 0xE4, 0x1D, 0xC8, 0x58,
	0x00, 0x3F, 0xF4, 0x39, 0xFF, 0xF4, 0xFF, 0xFF, 0x9F, 0xE3, 0xFF, 0xFF,
	0xFF, 0xF7, 0xFC, 0xFF, 0xFE, 0xFF, 0x7F, 0xFF, 0x7D, 0x80, 0x38, 0xA0,
	0x00, 0x80, 0x00, 0x00, 0x00, 0x00, 0x00, 0x24, 0x00, 0x00, 0x00, 0x7F,
	0xEE, 0xF7, 0xF1, 0xB3, 0x08, 0xFF, 0xFC, 0xF9, 0x7F, 0xFF, 0xF9, 0xFF,
	0xFF, 0xB4, 0xFF, 0xDF, 0xFF, 0x7F, 0xF7, 0xE7, 0xFF, 0xFF, 0xF7, 0xEF,
	0xF7, 0x01, 0x80, 0x88, 0x01, 0x00, 0x00, 0x00, 0x00, 0x00, 0x00, 0x9A,
	0x00, 0x00, 0x00, 0xFF, 0xCD, 0xC0, 0x00, 0x04, 0xF5, 0xEF, 0xDF, 0xA6,
	0xF9, 0x1F, 0x8D, 0xFB, 0xFF, 0xFF, 0xFF, 0xF7, 0xE3, 0xF7, 0xFE, 0xA3,
	0xDF, 0xFB, 0xE2, 0x7F, 0xFD, 0xCC, 0x03, 0x60, 0x11, 0x00, 0x00, 0x00,
	0x00, 0x00, 0x00, 0x0A, 0x00, 0x00, 0x01, 0xFF, 0x87, 0x00, 0x00, 0x13,
	0xF6, 0xFE, 0x54, 0x5B, 0xEF, 0xFF, 0xFF, 0xF3, 0x8D, 0xC2, 0x7B, 0xE7,
	0xF3, 0xF8, 0x7F, 0xFF, 0xFF, 0xFF, 0x80, 0xEF, 0x80, 0x88, 0x8E, 0x00,
	0x07, 0xE0, 0x00, 0x02, 0x00, 0x00, 0x00, 0x00, 0x00, 0x00, 0x03, 0xFF,
	0x80, 0x00, 0x00, 0x04, 0x51, 0xD3, 0xFD, 0x2F, 0x61, 0xF8, 0xC6, 0xC7,
	0x17, 0x9F, 0x9F, 0xFF, 0x46, 0x00, 0x00, 0x7F, 0xFF, 0x0B, 0x8F, 0xFF,
	0x18, 0xF8, 0x30, 0x00, 0x20, 0x00, 0x00, 0x00, 0x00, 0x00, 0x00, 0x00,
	0x00, 0x00, 0x07, 0xFE, 0x80, 0x00, 0x00, 0x02, 0x06, 0xFF, 0x96, 0x1A,
	0xF8, 0xFD, 0xA1, 0xFF, 0x5F, 0xFF, 0x37, 0xFF, 0xE4, 0x00, 0x1F, 0xDE,
	0x60, 0x0F, 0xFC, 0x1F, 0xD2, 0xC0, 0x30, 0x00, 0x00, 0x00, 0x00, 0x00,
	0x00, 0x00, 0x00, 0x00, 0x80, 0x00, 0x0F, 0xFA, 0x40, 0x00, 0x00, 0x00,
	0x07, 0xBD, 0x7F, 0xAD, 0xF9, 0xB7, 0x9F, 0xC0, 0x3F, 0xFF, 0xDF, 0xFF,
	0x25, 0x98, 0x00, 0x1F, 0x1E, 0x01, 0xFF, 0x1F, 0x7F, 0xE0, 0x30, 0x0C,
	0x11, 0x80, 0x00, 0x00, 0x00, 0x02, 0xC7, 0x0A, 0x80, 0x00, 0x0F, 0xF4,
	0x00, 0x00, 0x00, 0x00, 0x27, 0xFA, 0x9D, 0xFB, 0x88, 0x1F, 0xDB, 0xCE,
	0xCF, 0xFF, 0xD3, 0xBF, 0xEB, 0x7F, 0xC0, 0x0F, 0xE0, 0x07, 0xFF, 0xFF,
	0xFF, 0xF8, 0x40, 0x03, 0x00, 0x80, 0x00, 0x00, 0x00, 0x02, 0x48, 0x00,
	0x80, 0x00, 0x1F, 0xF1, 0x80, 0x00, 0x00, 0x00, 0x9C, 0xE7, 0xFB, 0xE9,
	0x98, 0xBB, 0xF7, 0x5E, 0xFF, 0x8F, 0xFF, 0xFA, 0xEB, 0x7F, 0xC0, 0x00,
	0x20, 0x00, 0x7F, 0xFF, 0xBF, 0xF9, 0x00, 0x00, 0x81, 0x80, 0x18, 0x02,
	0x84, 0x87, 0x48, 0x00, 0x00, 0x00, 0x3F, 0xE0, 0x00, 0x00, 0x00, 0x01,
	0x86, 0x7D, 0xFB, 0x80, 0x7A, 0x50, 0x1F, 0xBF, 0xF8, 0x3F, 0xFF, 0xFF,
	0xDC, 0x7F, 0x87, 0xFA, 0x10, 0x00, 0x3F, 0x7F, 0x9F, 0xF0, 0x00, 0x00,
	0x40, 0x80, 0x38, 0x19, 0x01, 0x2F, 0x70, 0x00, 0x00, 0x00, 0x1F, 0xC0,
	0x04, 0x00, 0x00, 0x03, 0x1E, 0xBB, 0xEB, 0xC0, 0x5C, 0x6B, 0x3E, 0xFF,
	0xFD, 0x8A, 0xF3, 0xFF, 0xB3, 0xFF, 0xCF, 0xF8, 0x7F, 0x00, 0x3E, 0xFF,
	0xFF, 0xBF, 0x00, 0x00, 0x20, 0x10, 0x14, 0x10, 0x3E, 0x9B, 0x1D, 0xF0,
	0x00, 0x00, 0x0F, 0x98, 0x02, 0x00, 0x00, 0x02, 0x2D, 0xD3, 0xCF, 0x60,
	0x83, 0x03, 0x6C, 0x07, 0xBF, 0xC9, 0xFF, 0xFF, 0xA2, 0xBF, 0x80, 0x40,
	0x7F, 0x01, 0xFF, 0xFF, 0xFF, 0x80, 0x00, 0x84, 0xC0, 0x21, 0x50, 0x14,
	0xE4, 0x09, 0xE3, 0x20, 0x00, 0x00, 0x0F, 0x40, 0x30, 0x00, 0x00, 0x08,
	0x1F, 0xD1, 0xEB, 0xF2, 0x07, 0xAE, 0xEB, 0x3F, 0xFF, 0xDF, 0x7F, 0xFF,
	0xCE, 0xF1, 0x20, 0x19, 0xFF, 0x80, 0x3E, 0x59, 0xFF, 0x80, 0x01, 0x00,
	0x40, 0x10, 0x6C, 0x17, 0x60, 0x00, 0x73, 0xC8, 0x00, 0x00, 0x1D, 0x60,
	0x00, 0x00, 0x00, 0x04, 0x9D, 0x9D, 0xD8, 0xC4, 0xFB, 0x73, 0xFF, 0xFF,
	0xFF, 0xFF, 0xFF, 0xFF, 0x8F, 0xEC, 0x00, 0x3F, 0xE7, 0xC0, 0x07, 0xEB,
	0xFE, 0x31, 0x07, 0x01, 0x00, 0x18, 0x5D, 0xE3, 0xB8, 0x00, 0x40, 0x0C,
	0x00, 0x00, 0x14, 0x30, 0x00, 0x00, 0x00, 0x00, 0x16, 0x3F, 0xF8, 0x10,
	0x78, 0xCF, 0xFF, 0xE7, 0xFF, 0xFF, 0xFF, 0xBE, 0x3F, 0xFF, 0x80, 0x1E,
	0x3F, 0x2C, 0x87, 0xEE, 0x3F, 0x7E, 0x04, 0x40, 0x00, 0xD0, 0xFC, 0x3C,
	0x24, 0x02, 0x0F, 0x04, 0x00, 0x00, 0x04, 0x10, 0x00, 0x00, 0x00, 0x00,
	0x47, 0x2E, 0xC2, 0x01, 0x6C, 0x73, 0xFC, 0xDA, 0xFB, 0x9D, 0xFF, 0xFF,
	0xFF, 0xEF, 0x00, 0x2F, 0x0E, 0x3F, 0xED, 0xEE, 0x6D, 0xFF, 0x16, 0x80,
	0x00, 0x02, 0x3B, 0x8C, 0x1D, 0x60, 0x00, 0x00, 0x00, 0x00, 0x07, 0x20,
	0x00, 0x0C, 0x00, 0x37, 0x45, 0xEE, 0x02, 0x10, 0xFF, 0xC7, 0xFE, 0xFF,
	0xFF, 0xFF, 0xFF, 0xFF, 0xFF, 0xE0, 0x39, 0x77, 0x04, 0x4B, 0x3F, 0xA1,
	0xFF, 0xFF, 0xE2, 0x00, 0x00, 0x00, 0x00, 0x2D, 0x00, 0x00, 0x00, 0x00,
	0x00, 0x08, 0x00, 0x40, 0x00, 0xD1, 0x00, 0x02, 0x80, 0x4F, 0x96, 0x03,
	0xF5, 0xE3, 0xF1, 0x7F, 0xFF, 0xFF, 0xFF, 0xEB, 0xFF, 0xCB, 0x7F, 0xFF,
	0x84, 0x06, 0x50, 0x83, 0xFF, 0xFD, 0x80, 0x00, 0x00, 0x00, 0x00, 0x37,
	0x20, 0x00, 0x00, 0x00, 0x00, 0x80, 0x04, 0x00, 0x00, 0x2C, 0x00, 0x35,
	0xE3, 0xAC, 0x00, 0x34, 0x87, 0xDF, 0xF1, 0xFF, 0xFF, 0xFB, 0xFF, 0xFF,
	0xEB, 0xE1, 0xFE, 0x3F, 0xC2, 0xC0, 0x57, 0x72, 0xFB, 0xFF, 0x00, 0x00,
	0x00, 0x00, 0x80, 0x50, 0x00, 0x00, 0x00, 0x00, 0x00, 0x00, 0x04, 0x01,
	0x21, 0xF9, 0xC0, 0x32, 0x86, 0x81, 0x40, 0x81, 0xE7, 0x5F, 0x9C, 0xBF,
	0xF7, 0xF3, 0xBF, 0x3F, 0xBF, 0xC7, 0xE0, 0xFF, 0xCF, 0xFF, 0xF7, 0xF7,
	0xEB, 0xFF, 0x80, 0x00, 0x00, 0x00, 0x40, 0x00, 0x00, 0x00, 0x00, 0x00,
	0x04, 0x00, 0x20, 0x01, 0x0A, 0x21, 0x9F, 0x84, 0x0B, 0x60, 0x0C, 0xA1,
	0xBF, 0xFF, 0xFF, 0x3F, 0xFF, 0xFF, 0x0F, 0xFD, 0xFF, 0x8F, 0xD9, 0xF1,
	0xEF, 0xFF, 0xBE, 0x43, 0x41, 0xFE, 0x00, 0x00, 0x00, 0x00, 0x00, 0x00,
	0x00, 0x00, 0x00, 0x00, 0x01, 0x00, 0x08, 0x00, 0x18, 0x27, 0x67, 0x41,
	0x6C, 0x7C, 0x40, 0x00, 0xFF, 0x7F, 0xDF, 0xFF, 0xFF, 0xFF, 0x05, 0xF3,
	0xFF, 0x1F, 0xF1, 0xC1, 0xE7, 0xFF, 0xAF, 0x97, 0x00, 0x7C, 0x90, 0x00,
	0x00, 0x00, 0x00, 0x00, 0x00, 0x00, 0x00, 0x00, 0x00, 0x80, 0x00, 0x01,
	0x18, 0x07, 0xE0, 0x11, 0x07, 0x05, 0xC6, 0xE0, 0x4E, 0xFF, 0xFE, 0xFE,
	0xFD, 0xFF, 0xFF, 0xCF, 0xFE, 0xBF, 0x87, 0xC0, 0xCF, 0xFF, 0xFA, 0xFE,
	0x00, 0x7E, 0x00, 0x00, 0x00, 0x00, 0x00, 0x00, 0x00, 0x00, 0x00, 0x00,
	0x00, 0x27, 0x00, 0x00, 0x00, 0x00, 0x05, 0x95, 0x81, 0x00, 0x30, 0x21,
	0x3F, 0xDE, 0xFF, 0xB7, 0xFE, 0xFE, 0x3C, 0x9F, 0xFC, 0xBF, 0x0F, 0x85,
	0xDF, 0xF6, 0xF8, 0x1F, 0x00, 0x1E, 0xE0, 0x00, 0x18, 0x00, 0x00, 0x00,
	0x00, 0x00, 0x00, 0x00, 0x00, 0x12, 0x00, 0x00, 0x00, 0x00, 0x02, 0x54,
	0x86, 0xA6, 0xC1, 0x01, 0x3F, 0x7F, 0xF7, 0x8C, 0xFE, 0x5F, 0x1F, 0x9F,
	0xFC, 0xFF, 0x3F, 0xCF, 0x9F, 0x9F, 0x80, 0x76, 0x00, 0xCF, 0x40, 0x00,
	0x00, 0x00, 0x00, 0x00, 0x00, 0x00, 0x00, 0x00, 0x00, 0x00, 0xC0, 0x80,
	0x00, 0x00, 0x17, 0x02, 0x03, 0x76, 0x30, 0x09, 0x8F, 0xFF, 0x3F, 0xD3,
	0xFF, 0xCF, 0x0F, 0xFF, 0xE3, 0x17, 0xFF, 0xEC, 0xFF, 0xFB, 0xF6, 0xF7,
	0x08, 0x39, 0x20, 0x10, 0x00, 0x00, 0x10, 0x00, 0x00, 0x00, 0x00, 0x00,
	0x00, 0x00, 0x00, 0x08, 0x00, 0x10, 0x2E, 0x42, 0x29, 0xB8, 0x8E, 0x1B,
	0xF7, 0xFE, 0xFF, 0xFF, 0x7F, 0xED, 0x3F, 0xFF, 0xFE, 0x71, 0xBB, 0xFE,
	0xDF, 0x0E, 0x3C, 0xBE, 0xDE, 0x2E, 0x33, 0xC0, 0x00, 0x00, 0x00, 0x00,
	0x00, 0x00, 0x00, 0x00, 0x00, 0x00, 0x00, 0x01, 0x80, 0x00, 0x7C, 0x7B,
	0x20, 0x60, 0x83, 0xBB, 0x3F, 0xFF, 0xFF, 0xF7, 0x7F, 0xFD, 0xEC, 0xFF,
	0xFF, 0xE7, 0x1F, 0xDC, 0x7E, 0x23, 0x7B, 0x3F, 0xD3, 0xFE, 0x00, 0x00,
	0x00, 0x00, 0x00, 0x00, 0x00, 0x00, 0x00, 0x00, 0x00, 0x00, 0x00, 0x00,
	0x00, 0x00, 0xC2, 0x04, 0xE8, 0x00, 0x5C, 0x17, 0x9D, 0xE7, 0xFD, 0xFF,
	0x7F, 0xFE, 0xA2, 0xDF, 0xFF, 0xEF, 0x67, 0xDD, 0xFC, 0x77, 0xFE, 0x73,
	0x98, 0xF4, 0x21, 0x00, 0x00, 0x08, 0xEC, 0x00, 0x10, 0x00, 0x00, 0x00,
	0x00, 0x00, 0x00, 0x00, 0x00, 0x30, 0x80, 0x7B, 0xD3, 0xB0, 0x20, 0x5F,
	0x88, 0x7F, 0xBD, 0xFF, 0xFF, 0xF8, 0x01, 0xF7, 0xFF, 0xFF, 0xC4, 0xFC,
	0x3F, 0xFB, 0x8C, 0x09, 0x3F, 0xFF, 0x20, 0x80, 0x00, 0x10, 0x1B, 0x50,
	0x08, 0x00, 0x00, 0x00, 0x08, 0x00, 0x00, 0x00, 0x00, 0x02, 0x00, 0x1C,
	0x08, 0x02, 0xE0, 0xBF, 0x7F, 0xFF, 0xFF, 0xFF, 0xF7, 0xEE, 0xD8, 0xCD,
	0x78, 0x3E, 0x23, 0xFE, 0x7D, 0x8F, 0xF8, 0x6C, 0x70, 0x3E, 0x9F, 0xC0,
	0x00, 0x08, 0x00, 0x00, 0x00, 0x00, 0x00, 0x02, 0x00, 0x00, 0x00, 0x00,
	0x70, 0x00, 0x9A, 0x28, 0x1A, 0xC7, 0xE0, 0x3F, 0x7E, 0x9F, 0xFF, 0x6F,
	0xFB, 0xFE, 0x7F, 0xDF, 0xC0, 0xFE, 0x71, 0xFF, 0xB8, 0xFF, 0x98, 0x64,
	0x00, 0x22, 0x30, 0x00, 0x00, 0x00, 0x00, 0x00, 0x00, 0x82, 0x00, 0x00,
	0x02, 0x00, 0x00, 0x01, 0xFE, 0x00, 0x02, 0xB8, 0x82, 0x17, 0xFF, 0x3F,
	0xFF, 0x7F, 0x7B, 0x7F, 0xBF, 0xFF, 0x3F, 0x8F, 0xD3, 0xFF, 0xE7, 0xF9,
	0xE0, 0x3E, 0x34, 0x88, 0x00, 0x64, 0x40, 0x00, 0x01, 0x02, 0x02, 0x00,
	0x0C, 0xC0, 0x00, 0x00, 0x10, 0x00, 0x00, 0x07, 0xFF, 0xE0, 0x08, 0x10,
	0x0A, 0x5E, 0x77, 0xF6, 0xFF, 0xFF, 0xF3, 0x87, 0xBF, 0xFF, 0xFF, 0xEB,
	0x0D, 0xE1, 0xFC, 0x00, 0x00, 0x1E, 0x81, 0x00, 0x00, 0x04, 0x40, 0x00,
	0x00, 0x02, 0x00, 0x10, 0xC8, 0x00, 0x00, 0x00, 0x80, 0x00, 0x00, 0x1F,
	0xFF, 0xFC, 0x00, 0x53, 0x02, 0x00, 0x5F, 0x6C, 0xFF, 0xFF, 0xFD, 0x3E,
	0xFF, 0xBF, 0xEF, 0xFF, 0x87, 0x80, 0x70, 0x01, 0x00, 0x3D, 0x00, 0x40,
	0x78, 0x0E, 0x00, 0x00, 0x00, 0x00, 0x00, 0x94, 0x60, 0x30, 0x02, 0x01,
	0x00, 0x00, 0x00, 0xAF, 0xFF, 0xF3, 0x90, 0x00, 0x60, 0x20, 0x76, 0x9C,
	0x3F, 0xEF, 0xFF, 0x37, 0xFF, 0xEC, 0x3F, 0xFE, 0x7F, 0xC0, 0x40, 0x20,
	0x21, 0xF4, 0x11, 0x06, 0x7C, 0xE0, 0x00, 0x00, 0x08, 0x00, 0x07, 0x00,
	0x60, 0x00, 0x4E, 0x0E, 0x00, 0x44, 0x00, 0xD7, 0xFE, 0xFF, 0xBE, 0x0A,
	0x8C, 0xD8, 0x30, 0xDE, 0xFF, 0xFF, 0xF8, 0x73, 0xDF, 0xCF, 0x3D, 0x5C,
	0xFE, 0x01, 0x86, 0x13, 0xCC, 0x8C, 0x09, 0x84, 0x91, 0xE0, 0x00, 0x00,
	0x0C, 0x00, 0x07, 0x00, 0x40, 0x05, 0x00, 0x00, 0x00, 0x00, 0x06, 0x13,
	0x7F, 0xBF, 0xFF, 0x41, 0x77, 0xE4, 0x01, 0xDE, 0xFF, 0xFF, 0xED, 0x0F,
	0xFF, 0xEF, 0xFF, 0xFF, 0xEF, 0x70, 0x9F, 0xA3, 0xE0, 0xA2, 0x90, 0x00,
	0x9F, 0xE6, 0xC0, 0x00, 0x00, 0x00, 0x09, 0x4C, 0x00, 0x00, 0x00, 0x00,
	0x00, 0x30, 0x1A, 0x5B, 0x6E, 0xDF, 0xFE, 0x70, 0x9C, 0x00, 0x05, 0xE1,
	0xFF, 0xFF, 0xFC, 0x0F, 0xBF, 0xFF, 0xFF, 0xBE, 0xFA, 0x06, 0x2F, 0xBC,
	0x6F, 0xC2, 0xE6, 0xC4, 0x2F, 0x42, 0x08, 0x00, 0x00, 0x00, 0x00, 0xD2,
	0x00, 0x00, 0x10, 0x00, 0x00, 0x00, 0x7F, 0xCF, 0x6F, 0xFF, 0xF1, 0xFC,
	0xDF, 0x00, 0x04, 0xFB, 0xFF, 0xFF, 0xFC, 0x2F, 0xF7, 0x61, 0xFC, 0xEF,
	0xA7, 0xFE, 0xD3, 0xF7, 0xFC, 0x1B, 0xFF, 0x80, 0x05, 0xF0, 0x48, 0x00,
	0x00, 0x00, 0x00, 0xB8, 0x20, 0x00, 0x00, 0x00, 0x00, 0x03, 0x3A, 0xEF,
	0xEB, 0xFE, 0xFF, 0xFF, 0xE1, 0x00, 0x07, 0xFC, 0xFF, 0xFF, 0x99, 0x2F,
	0xF7, 0xFD, 0xF1, 0x5F, 0xFF, 0xFF, 0xFF, 0xD7, 0xEE, 0x1F, 0x7D, 0x00,
	0x00, 0x00, 0xC0, 0x40, 0x00, 0x00, 0x00, 0x38, 0x00, 0x00, 0x00, 0x00,
	0x00, 0x07, 0x3F, 0xFE, 0xF7, 0xF7, 0xFF, 0xFF, 0xC6, 0x20, 0x00, 0x40,
	0xFF, 0xFF, 0x90, 0xFD, 0xBD, 0xD2, 0x7D, 0xBF, 0xFD, 0x3F, 0xDF, 0xFF,
	0x9E, 0x87, 0xFE, 0x00, 0x00, 0x03, 0x00, 0x00, 0x00, 0x00, 0x00, 0x4C,
	0x00, 0x00, 0x00, 0x00, 0x00, 0x1C, 0x1F, 0xBE, 0x1F, 0xFF, 0xCF, 0xFF,
	0x80, 0x00, 0x0C, 0xC0, 0xFF, 0xF8, 0xE2, 0xC3, 0x3F, 0x71, 0x7F, 0xF7,
	0xFF, 0xFF, 0xFE, 0x5F, 0xC1, 0x07, 0xC4, 0x00, 0x00, 0x00, 0x00, 0x00,
	0x00, 0x00, 0x00, 0x00, 0x00, 0x00, 0x00, 0x00, 0x00, 0x77, 0xFF, 0xBF,
	0xBF, 0xF7, 0x0E, 0x7F, 0xF0, 0x80, 0x22, 0x44, 0x00, 0x00, 0x00, 0x01,
	0x00, 0x00, 0x07, 0xFF, 0xFF, 0xFF, 0xFF, 0xFF, 0xFF, 0xFF, 0xFF, 0xFF,
	0xFF, 0xFF, 0xBC, 0x00, 0x10, 0x00, 0x0D, 0xC2, 0x00, 0x00, 0x60, 0x10,
	0x80, 0x02, 0x09, 0x00, 0x00, 0x40, 0x00, 0x00, 0x00, 0x00, 0x00, 0x00,
	0x00, 0x00, 0x00, 0x0F, 0x80, 0x00, 0x03, 0xFF, 0xFF, 0xFF, 0xFF, 0xFF,
	0xFF, 0xFF, 0xFF, 0xFF, 0xFF, 0xFF, 0x60, 0x00, 0x02, 0x20, 0x00, 0xC0,
	0x00, 0x00, 0x00, 0x00, 0x84, 0x00, 0x20, 0x04, 0x00, 0x00, 0x00, 0x00,
	0x00, 0x00, 0x00, 0x00, 0x00, 0x00, 0xF0, 0x3F, 0xC0, 0x00, 0x01, 0xFF,
	0xFF, 0xFF, 0xFF, 0xFF, 0xFF, 0xFF, 0xFF, 0xFF, 0xFF, 0xFF, 0x80, 0x00,
	0x01, 0xE0, 0x04, 0x00, 0x20, 0x00, 0x00, 0x42, 0x10, 0x40, 0x00, 0x14,
	0x80, 0x00, 0x00, 0x00, 0x00, 0x00, 0x00, 0x01, 0x00, 0xFF, 0xFF, 0xFF,
	0xE0, 0x00, 0x00, 0xFF, 0xFF, 0xFF, 0xFF, 0xFF, 0xFF, 0xFF, 0xFF, 0xFF,
	0xFF, 0xFF, 0xA0, 0x00, 0x00, 0x00, 0x40, 0x40, 0x00, 0x20, 0x00, 0x00,
	0x00, 0x01, 0xC0, 0x0C, 0x00, 0x00, 0x00, 0x00, 0x00, 0x00, 0x04, 0x00,
	0x3F, 0xFF, 0xFF, 0xFF, 0xF8, 0x00, 0x00, 0x7F, 0xFF, 0xFF, 0xFF, 0xFF,
	0xFF, 0xFF, 0xFF, 0xFF, 0xFF, 0xFF, 0x80, 0x00, 0x00, 0x40, 0x80, 0x01,
	0x0A, 0x00, 0x00, 0x20, 0x00, 0x00, 0x00, 0x10, 0x00, 0x00, 0x00, 0x00,
	0x00, 0x00, 0x00, 0x00, 0xFF, 0xFF, 0xFF, 0xFF, 0xFC, 0x00, 0x0A, 0x7F,
	0xFF, 0xFF, 0xFF, 0xFF, 0xFF, 0xFF, 0xFF, 0xFF, 0xFF, 0xFF, 0x88, 0x80,
	0x00, 0x00, 0x00, 0x08, 0x00, 0x20, 0x00, 0x09, 0x00, 0x02, 0x80, 0x20,
	0x00, 0x10, 0x08, 0x00, 0x00, 0x00, 0x00, 0x00, 0xFF, 0xFF, 0xFF, 0xDF,
	0xFE, 0x00, 0x3F, 0xFF, 0xFF, 0xFF, 0xFF, 0xFF, 0xFF, 0xFF, 0xFF, 0xFF,
	0xFF, 0xEE, 0x0C, 0x00, 0x00, 0x05, 0x00, 0x22, 0x00, 0x00, 0x00, 0x00,
	0x08, 0x00, 0x00, 0x40, 0x00, 0x00, 0x10, 0x00, 0x00, 0x00, 0x01, 0x00,
	0xFF, 0xFF, 0xF9, 0xFF, 0xFF, 0x80, 0x01, 0x0F, 0xFF, 0xFF, 0xFF, 0xFF,
	0xFF, 0xFF, 0xFF, 0xFF, 0xFF, 0xB8, 0x08, 0x00, 0x00, 0xD0, 0x00, 0x08,
	0x00, 0x00, 0x00, 0x19, 0x00, 0x00, 0x00, 0x01, 0x10, 0x00, 0x1E, 0x00,
	0x00, 0x01, 0xA1, 0x00, 0xFF, 0xFB, 0xF9, 0xEF, 0xFF, 0x10, 0x00, 0x01,
	0xFF, 0xFF, 0xFF, 0xFF, 0xFF, 0xFF, 0xFF, 0xFF, 0xFF, 0x7D, 0x10, 0x00,
	0x00, 0x00, 0x00, 0x00, 0x40, 0x00, 0x00, 0x1D, 0x19, 0x00, 0x00, 0x40,
	0x04, 0x05, 0x30, 0x00, 0x00, 0x00, 0x20, 0x00, 0xFF, 0xFE, 0x08, 0xDF,
	0xB7, 0xDF, 0xC0, 0x00, 0x0D, 0xBF, 0xFF, 0xFF, 0xFF, 0xFF, 0xFF, 0xFF,
	0xFF, 0xF0, 0x00, 0x08, 0x00, 0x00, 0x01, 0x20, 0x00, 0x00, 0x00, 0x02,
	0x09, 0x82, 0x00, 0x10, 0x00, 0x00, 0x54, 0x00, 0x01, 0x00, 0x20, 0x00,
	0xFF, 0xFC, 0x67, 0x5F, 0xBF, 0xFF, 0xE0, 0x00, 0x07, 0xFF, 0xFF, 0xFF,
	0xFF, 0xFF, 0xFF, 0xFF, 0xFF, 0xFB, 0x00, 0x7F, 0x80, 0x00, 0x02, 0x00,
	0x00, 0x00, 0x00, 0x40, 0x80, 0x00, 0x00, 0x00, 0x00, 0x04, 0x40, 0x00,
	0x00, 0x02, 0x80, 0x00, 0xDF, 0xFF, 0xFF, 0xF2, 0x3F, 0xFF, 0xF0, 0x00,
	0x07, 0xFB, 0xFF, 0xFF, 0xFF, 0xFF, 0xFF, 0xFF, 0xFF, 0xEF, 0xC7, 0xC9,
	0x80, 0x04, 0x82, 0x00, 0x00, 0x40, 0x00, 0x00, 0x08, 0x00, 0x00, 0x00,
	0x00, 0x00, 0x81, 0x80, 0x00, 0x08, 0x00, 0x00, 0xEF, 0xFF, 0x7F, 0xFE,
	0x7F, 0xFF, 0xC0, 0x00, 0x03, 0xFF, 0xFF, 0xFF, 0xFF, 0xFF, 0xFF, 0xFF,
	0xFF, 0xFD, 0xCC, 0xBE, 0x08, 0x08, 0x44, 0x00, 0x01, 0x00, 0x00, 0x00,
	0x40, 0x40, 0x08, 0x28, 0x00, 0x04, 0x00, 0x00, 0x00, 0x00, 0x00, 0x21,
	0xFB, 0xFF, 0xFD, 0xDE, 0x7F, 0xFF, 0xE8, 0x00, 0x01, 0xFF, 0xFF, 0xFF,
	0xFF, 0xFF, 0xFF, 0xFF, 0xFF, 0xFC, 0x4F, 0xF9, 0x00, 0x40, 0x20, 0x08,
	0x01, 0x00, 0x00, 0x02, 0x80, 0x04, 0x00, 0x08, 0x80, 0x00, 0x00, 0x00,
	0x00, 0x10, 0x20, 0xE0, 0xF3, 0xBF, 0xFF, 0xAB, 0xFF, 0xFF, 0xE4, 0x00,
	0x03, 0xFF, 0x7F, 0xFF, 0xFF, 0xFF, 0xFF, 0xFF, 0xFF, 0xFD, 0x7F, 0xF8,
	0x00, 0x00, 0x00, 0x00, 0x00, 0x00, 0x00, 0x00, 0x04, 0x04, 0x00, 0x00,
	0x00, 0x00, 0x00, 0x08, 0x00, 0x44, 0x82, 0x00, 0x7D, 0xDF, 0xF8, 0xEF,
	0xFF, 0xFF, 0xE4, 0x00, 0x01, 0xFF, 0xFF, 0xFF, 0xFF, 0xFF, 0xFF, 0xFF,
	0xFF, 0xFE, 0xFB, 0xE0, 0x00, 0x80, 0x00, 0x00, 0x00, 0x00, 0x00, 0x00,
	0x00, 0x10, 0x80, 0x00, 0x00, 0x00, 0x00, 0x00, 0x00, 0x00, 0x82, 0x00,
	0xFF, 0x9F, 0xFF, 0x55, 0xFF, 0xFF, 0xF2, 0x03, 0xC3, 0xFF, 0xBF, 0xFF,
	0xFF, 0xFF, 0xFF, 0xFF, 0xFF, 0xFF, 0xFF, 0xA0, 0x00, 0x08, 0x10, 0x00,
	0x00, 0x00, 0x00, 0x02, 0x80, 0x41, 0x00, 0x00, 0x00, 0x08, 0x00, 0x08,
	0x10, 0x01, 0xA2, 0x01, 0xFF, 0xDF, 0xFE, 0x4C, 0xFF, 0xFF, 0xE0, 0x1F,
	0xFF, 0xFF, 0xFF, 0xFF, 0xFF, 0xFF, 0xFF, 0xFF, 0xFF, 0xBF, 0xB0, 0x00,
	0x00, 0x01, 0x00, 0x00, 0x00, 0x00, 0x00, 0x80, 0x08, 0x20, 0x00, 0x00,
	0x00, 0x40, 0x00, 0x00, 0x00, 0x57, 0x80, 0x30, 0xFE, 0x73, 0x7E, 0xC1,
	0xFF, 0xFF, 0xF1, 0x3F, 0xFF, 0xFF, 0xDF, 0xFF, 0xFF, 0xFF, 0xFF, 0xFF,
	0xFF, 0xEC, 0x60, 0x04, 0x00, 0x10, 0x80, 0x00, 0x00, 0x00, 0x00, 0xC0,
	0x24, 0x01, 0x02, 0x00, 0x82, 0x00, 0x40, 0x08, 0x00, 0x40, 0x00, 0xC2,
	0xFF, 0x7F, 0xFF, 0xD3, 0xFF, 0xFF, 0xF0, 0xFF, 0xFF, 0xFF, 0xEF, 0xFF,
	0xFF, 0xFF, 0xFF, 0xFF, 0xFF, 0xFD, 0xA0, 0x18, 0xA0, 0x08, 0x00, 0x00,
	0x00, 0x00, 0x00, 0x00, 0x80, 0x00, 0x02, 0x40, 0x80, 0x01, 0x80, 0x00,
	0x08, 0x18, 0x04, 0x06, 0xFF, 0x6F, 0xFF, 0xFD, 0xFF, 0xFF, 0xF0, 0x7F,
	0xFF, 0xFF, 0xFF, 0xFF, 0xFF, 0xFF, 0xFF, 0xFF, 0xFF, 0xEE, 0x40, 0x20,
	0xA0, 0x02, 0x00, 0x02, 0x00, 0x00, 0x00, 0x10, 0x00, 0x00, 0x00, 0x48,
	0x00, 0x00, 0x00, 0x00, 0x00, 0x38, 0x00, 0x80, 0xFF, 0x7F, 0xFF, 0xF7,
	0xFF, 0xFF, 0xF8, 0x3F, 0xFF, 0xFF, 0xF7, 0xFF, 0xFF, 0xFF, 0xFF, 0xFF,
	0xFF, 0xF4, 0x04, 0x41, 0xE0, 0x00, 0x10, 0x00, 0x00, 0x00, 0x00, 0x00,
	0x04, 0x00, 0x0A, 0x20, 0x00, 0x40, 0x04, 0x00, 0x14, 0x0C, 0x00, 0x08,
	0xFF, 0x8B, 0x7E, 0xFF, 0x5F, 0xFF, 0xF8, 0x3F, 0xFF, 0xFF, 0xFF, 0xFF,
	0xFF, 0xFF, 0xFF, 0xFF, 0xFF, 0xB9, 0x80, 0x40, 0x6A, 0x00, 0x00, 0x00,
	0x00, 0x00, 0x00, 0x40, 0x04, 0x20, 0x00, 0x40, 0x00, 0x00, 0x20, 0x00,
	0x07, 0x99, 0x00, 0x04, 0xDF, 0xEB, 0x74, 0x7F, 0xDF, 0xFE, 0xF0, 0x1F,
	0xFF, 0xFF, 0xFF, 0xFF, 0xFF, 0xFF, 0xFF, 0xFF, 0xFF, 0xBB, 0x02, 0xE0,
	0x40, 0x80, 0x44, 0x00, 0x02, 0x00, 0x00, 0x00, 0x10, 0x00, 0x00, 0x04,
	0x00, 0x00, 0x04, 0x10, 0x00, 0x8C, 0x00, 0x00, 0x7F, 0xF3, 0x4E, 0x3F,
	0xCF, 0xFF, 0xE0, 0x0F, 0xFF, 0xFF, 0xFD, 0xFF, 0xFF, 0xFF, 0xFF, 0xFF,
	0xFF, 0xFA, 0x00, 0x40, 0x48, 0x00, 0x00, 0x00, 0x00, 0x00, 0x00, 0x02,
	0x02, 0x00, 0x00, 0x00, 0x40, 0x00, 0x00, 0x00, 0x20, 0x08, 0x41, 0x05,
	0xBF, 0xFF, 0x3E, 0x1F, 0xFF, 0xFF, 0xCC, 0x07, 0xFF, 0xFF, 0xFF, 0xFE,
	0xF7, 0xFF, 0xFF, 0xFF, 0xFF, 0x40, 0x00, 0x83, 0xD8, 0x80, 0x00, 0x00,
	0x00, 0x00, 0x00, 0x04, 0x10, 0x40, 0x00, 0x04, 0x00, 0x00, 0x00, 0x00,
	0x04, 0x08, 0x00, 0x20, 0xBF, 0xFF, 0x9E, 0x1F, 0xFF, 0xFF, 0xF0, 0x03,
	0xFF, 0xFF, 0xFE, 0xFF, 0xFF, 0xFF, 0xFF, 0xFF, 0xFF, 0xA1, 0xA5, 0xF8,
	0xE0, 0x02, 0x00, 0x01, 0x02, 0x00, 0x00, 0x82, 0x85, 0x70, 0x00, 0x10,
	0x00, 0x00, 0x12, 0x00, 0x10, 0x80, 0x00, 0x21, 0x7F, 0xFE, 0xBA, 0x3F,
	0xFF, 0xFF, 0xFC, 0x03, 0xFF, 0xFF, 0xFF, 0xFF, 0xFF, 0xFF, 0xFF, 0xFF,
	0xFF, 0xF0, 0xF0, 0x58, 0x01, 0x00, 0x00, 0x00, 0x00, 0x00, 0x00, 0x60,
	0x0C, 0x08, 0x00, 0x18, 0x00, 0x00, 0x00, 0x80, 0x12, 0x70, 0x81, 0x10,
	0x7F, 0xFF, 0xF5, 0x9F, 0xFB, 0xFB, 0xFE, 0x01, 0xFF, 0xFF, 0xFF, 0x77,
	0xFF, 0xFF, 0xFF, 0xFF, 0xFC, 0x61, 0xA4, 0x00, 0x00, 0x00, 0x00, 0x00,
	0x00, 0x00, 0x00, 0x00, 0x08, 0x01, 0x10, 0x00, 0x00, 0x00, 0x02, 0x00,
	0x01, 0x00, 0x13, 0x10, 0x7F, 0xFF, 0xFF, 0xCF, 0xF9, 0xF7, 0x7C, 0x00,
	0xFF, 0xFF, 0xFF, 0xE7, 0xFF, 0x7F, 0xFF, 0xFF, 0xFF, 0x01, 0xC4, 0x00,
	0x1C, 0x50, 0x04, 0x00, 0x00, 0x00, 0x00, 0x00, 0x00, 0x10, 0x68, 0x00,
	0x00, 0x00, 0x0A, 0x00, 0x01, 0x08, 0x00, 0x09, 0xEF, 0xFF, 0xFD, 0xAF,
	0xF9, 0xEF, 0xF4, 0x00, 0x5F, 0xFF, 0xFF, 0x8F, 0xFF, 0xFF, 0xFF, 0xFF,
	0xFF, 0x80, 0x10, 0x00, 0x76, 0x00, 0x22, 0x24, 0x00, 0x00, 0x00, 0x01,
	0x00, 0x02, 0x00, 0x40, 0x00, 0x00, 0xC2, 0x40, 0x0A, 0x68, 0x01, 0x01,
	0xFF, 0xFF, 0xFF, 0xCF, 0xFC, 0xFF, 0xFC, 0x00, 0x7F, 0xFF, 0xFF, 0xC7,
	0xFF, 0xDF, 0xFF, 0xFF, 0xFF, 0x9F, 0x70, 0x0D, 0x70, 0x00, 0x01, 0x00,
	0x08, 0x00, 0x00, 0x00, 0x82, 0x01, 0x00, 0x00, 0x00, 0x00, 0x00, 0x00,
	0x03, 0x90, 0x3B, 0x10, 0xFF, 0xFF, 0xFF, 0xF3, 0xFC, 0x77, 0xFF, 0x04,
	0x1F, 0xFF, 0xFF, 0xC7, 0xFF, 0xF7, 0xFF, 0xFF, 0xFD, 0x2E, 0x58, 0x00,
	0x01, 0xE0, 0x20, 0x04, 0x00, 0x00, 0x00, 0x09, 0x04, 0x14, 0x00, 0x80,
	0x00, 0x00, 0x00, 0x00, 0x07, 0x74, 0x04, 0x18, 0xFF, 0xFF, 0xFF, 0xFF,
	0xBF, 0x3F, 0xE3, 0x00, 0x1F, 0xFF, 0xFF, 0x67, 0xFF, 0xFF, 0xFF, 0xFF,
	0xFF, 0x7A, 0xFC, 0x00, 0x07, 0x10, 0xA0, 0xA0, 0x10, 0x00, 0x00, 0x00,
	0x08, 0x00, 0x00, 0x00, 0x00, 0x00, 0x00, 0x40, 0x1F, 0x78, 0x80, 0x02,
	0xFF, 0xFF, 0xFF, 0xFF, 0xDE, 0xDF, 0xC0, 0x00, 0x0B, 0xFF, 0xFF, 0xBF,
	0xFF, 0xFB, 0xFF, 0xFF, 0xFE, 0xBE, 0xE4, 0x40, 0x0C, 0xC0, 0x20, 0x01,
	0x80, 0x00, 0x00, 0x00, 0x04, 0x00, 0x09, 0x00, 0x00, 0x00, 0x00, 0x03,
	0x02, 0x70, 0x06, 0x18, 0xFF, 0xFF, 0xFF, 0xFF, 0xFB, 0xEF, 0xF0, 0x00,
	0x03, 0xDF, 0xFF, 0xBF, 0xFF, 0xFF, 0xFF, 0xFF, 0xFB, 0xAF, 0x00, 0x00,
	0x90, 0x00, 0x28, 0xEC, 0x84, 0x00, 0x02, 0xC4, 0x00, 0x20, 0x00, 0x00,
	0x00, 0x01, 0xC1, 0x10, 0x47, 0x79, 0xA8, 0x20, 0xFF, 0x7F, 0xFF, 0xFF,
	0xFF, 0x7F, 0xFC, 0x00, 0x00, 0x7F, 0xFF, 0xDF, 0xFF, 0xFD, 0xFF, 0xFE,
	0x7F, 0xE6, 0x20, 0x30, 0x10, 0x03, 0x00, 0x08, 0x40, 0x00, 0x01, 0x11,
	0x60, 0x00, 0x00, 0x00, 0x00, 0x00, 0x00, 0x05, 0x84, 0x60, 0x01, 0x80,
	0xFE, 0x7F, 0xFF, 0xFF, 0xFF, 0xC7, 0xE2, 0x00, 0x40, 0x77, 0xFF, 0x9F,
	0xFF, 0xFE, 0xFF, 0xF8, 0x30, 0x78, 0x04, 0x94, 0x80, 0x3C, 0x01, 0x80,
	0x50, 0x00, 0x00, 0x00, 0x20, 0x00, 0x04, 0x00, 0x00, 0x01, 0x00, 0x00,
	0x15, 0x02, 0x10, 0x48, 0xFF, 0xFF, 0xDF, 0xFF, 0xFF, 0xF1, 0xF0, 0xC0,
	0x43, 0xE7, 0xC3, 0x8F, 0xFF, 0xFF, 0x7F, 0xF0, 0x32, 0x10, 0x49, 0xB0,
	0x00, 0xCC, 0x08, 0x02, 0x05, 0x00, 0x00, 0x04, 0x00, 0x10, 0x00, 0x01,
	0x80, 0x00, 0x00, 0x00, 0x00, 0x00, 0x20, 0x9A, 0x7F, 0xFF, 0xFF, 0xFF,
	0xFF, 0xFF, 0xFC, 0x20, 0x03, 0xFB, 0xEF, 0x8F, 0xFF, 0xFF, 0xFF, 0xF0,
	0x00, 0x00, 0x06, 0xF0, 0x08, 0x84, 0x00, 0x00, 0x01, 0x08, 0x00, 0x00,
	0x00, 0x18, 0x21, 0x01, 0x00, 0x01, 0x80, 0x00, 0x00, 0x80, 0xB4, 0xE6,
	0x7F, 0xFF, 0xF7, 0xBB, 0xFF, 0xFF, 0xEE, 0x00, 0x0B, 0xF3, 0xDF, 0x17,
	0xFF, 0xFF, 0xBF, 0xF0, 0x10, 0x80, 0x00, 0x40, 0x32, 0x00, 0x0C, 0x00,
	0x01, 0x00, 0x02, 0x00, 0x00, 0x00, 0x08, 0x00, 0x00, 0x00, 0x80, 0x10,
	0x38, 0xA1, 0x02, 0x40, 0x5E, 0x7F, 0xFB, 0x21, 0xFF, 0xF7, 0xF2, 0x20,
	0x0B, 0xF0, 0x7D, 0x93, 0xBF, 0xF7, 0xFF, 0xF0, 0x06, 0xE8, 0x08, 0x03,
	0xE4, 0x0C, 0x60, 0x00, 0x32, 0x40, 0x00, 0x02, 0x01, 0x02, 0x00, 0x60,
	0x00, 0x00, 0x02, 0x40, 0x0C, 0x1E, 0x15, 0x13, 0x17, 0x1F, 0xFF, 0x10,
	0xEF, 0xF7, 0xFD, 0x78, 0x03, 0xF9, 0xFC, 0xFF, 0xFF, 0xFF, 0xEF, 0xE0,
	0x06, 0x20, 0x50, 0x80, 0x72, 0x11, 0x00, 0x00, 0x20, 0x40, 0x01, 0x00,
	0x06, 0x00, 0x00, 0x00, 0x00, 0x00, 0x02, 0x00, 0x10, 0x08, 0x08, 0x80,
	0x0F, 0x3F, 0xF9, 0x44, 0x8D, 0xFF, 0xFF, 0xC8, 0x1B, 0xC1, 0xF8, 0x8D,
	0xFF, 0xFF, 0xF1, 0xE0, 0x0E, 0x60, 0x3E, 0x00, 0x0E, 0x40, 0x00, 0x02,
	0x00, 0x00, 0x00, 0xF0, 0x00, 0x02, 0x80, 0x00, 0x00, 0x00, 0x00, 0x00,
	0x32, 0x20, 0x12, 0x21, 0x49, 0xBF, 0xF1, 0x58, 0x08, 0xFF, 0xF7, 0xF4,
	0x0F, 0xC1, 0xF3, 0xBE, 0xFF, 0xFF, 0xF8, 0x00, 0x05, 0x90, 0x28, 0x06,
	0xC0, 0x00, 0x00, 0x00, 0x00, 0x00, 0x03, 0x90, 0x00, 0x08, 0x80, 0x00,
	0x08, 0x00, 0x00, 0x00, 0x08, 0x00, 0x32, 0x01, 0x00, 0x8F, 0xF0, 0x8C,
	0x08, 0xDF, 0x9F, 0xFD, 0x9F, 0xC0, 0xFB, 0xAF, 0x7F, 0xFF, 0x74, 0x00,
	0x11, 0xE9, 0x64, 0x02, 0x93, 0x00, 0x00, 0x01, 0x00, 0x00, 0x00, 0xCF,
	0x00, 0x09, 0x40, 0x00, 0x08, 0x00, 0x01, 0x00, 0x3A, 0x00, 0x20, 0xC0,
	0x01, 0x37, 0xF9, 0x1C, 0x08, 0xC5, 0xF9, 0xBE, 0xFF, 0xBC, 0xFA, 0xC7,
	0xFF, 0xFF, 0x4F, 0x00, 0x01, 0x83, 0xF0, 0x02, 0x00, 0x20, 0x00, 0x01,
	0x00, 0x00, 0x00, 0x16, 0x00, 0x01, 0x00, 0x00, 0x00, 0x00, 0x02, 0x80,
	0x31, 0x09, 0x10, 0x00, 0x01, 0x27, 0xF1, 0x18, 0x09, 0x8A, 0xF8, 0x6F,
	0xBF, 0xFC, 0xC8, 0x27, 0xFF, 0xFF, 0x63, 0x80, 0x07, 0x88, 0x7C, 0x00,
	0x80, 0x50, 0x00, 0x00, 0x00, 0x00, 0x00, 0x0D, 0x04, 0x40, 0x00, 0x00,
	0x00, 0x00, 0x00, 0x00, 0x24, 0x00, 0x31, 0x00, 0x00, 0x27, 0xC8, 0x10,
	0x08, 0x43, 0x1E, 0xDF, 0xFB, 0xF8, 0x40, 0x03, 0xFF, 0xFE, 0x31, 0xF8,
	0x07, 0x70, 0xDE, 0x01, 0x20, 0x00, 0x08, 0x00, 0x00, 0x04, 0x00, 0x60,
	0x20, 0x00, 0x00, 0x00, 0x00, 0x00, 0x02, 0x01, 0x0A, 0x00, 0x20, 0x00,
	0x00, 0x00, 0xC8, 0x00, 0x20, 0x60, 0x1F, 0x88, 0x7E, 0xD8, 0x00, 0x01,
	0xEF, 0xFF, 0xF5, 0xFF, 0x04, 0x01, 0xCE, 0x88, 0x22, 0x00, 0x40, 0x00,
	0x18, 0x00, 0x00, 0x00, 0x02, 0x80, 0x00, 0x00, 0x00, 0x00, 0x0B, 0x02,
	0x00, 0x00, 0x40, 0x00, 0x00, 0x01, 0x80, 0x00, 0x20, 0x40, 0x03, 0x48,
	0x71, 0xF0, 0x00, 0x06, 0xF7, 0xFF, 0xFB, 0xFF, 0xF8, 0x20, 0x47, 0x03,
	0x49, 0x60, 0x80, 0x00, 0x08, 0x00, 0x20, 0x11, 0x23, 0x00, 0x20, 0x00,
	0x20, 0x00, 0x00, 0x10, 0x03, 0x24, 0x10, 0x01, 0x00, 0x00, 0x44, 0x00,
	0x00, 0x00, 0x01, 0x10, 0xFE, 0xD0, 0x00, 0x01, 0x87, 0xF8, 0xFE, 0xFF,
	0xFF, 0xF0, 0xF1, 0xC6, 0xB0, 0x00, 0x10, 0x00, 0x10, 0x80, 0x00, 0x41,
	0x09, 0x00, 0x00, 0x40, 0x00, 0x00, 0x44, 0x00, 0x03, 0x1A, 0x20, 0x00,
	0x00, 0x00, 0x13, 0x00, 0x00, 0x00, 0x00, 0x70, 0xCF, 0x7C, 0x00, 0x40,
	0x23, 0xF0, 0xFF, 0xFF, 0xFF, 0x00, 0x17, 0x82, 0x08, 0x08, 0x04, 0x00,
	0x00, 0x00, 0x00, 0x00, 0x00, 0x80, 0x00, 0x00, 0x02, 0x00, 0x61, 0x40,
	0x12, 0x18, 0x00, 0x00, 0x00, 0x00, 0x11, 0x80, 0x00, 0x00, 0x00, 0x50,
	0x0D, 0xBD, 0x00, 0x01, 0x81, 0xF3, 0xFF, 0xFF, 0xFF, 0x80, 0x02, 0x00,
	0x60, 0x10, 0x00, 0x00, 0x00, 0x00, 0x10, 0x80, 0x00, 0x00, 0x80, 0x00,
	0x00, 0x20, 0x6C, 0x80, 0x60, 0x09, 0x00, 0x80, 0x00, 0x00, 0x08, 0xC0,
	0x00, 0x00, 0x00, 0x00, 0x02, 0x7C, 0x00, 0x01, 0x99, 0xFB, 0xFF, 0x1F,
	0xFF, 0x80, 0xF0, 0x02, 0x14, 0x0A, 0x00, 0x00, 0x0B, 0x00, 0x03, 0x22,
	0x00, 0x4C, 0x01, 0x00, 0x00, 0x00, 0x83, 0x58, 0x81, 0xF0, 0x00, 0x03,
	0x00, 0x00, 0x02, 0xC0, 0x00, 0x03, 0x80, 0x00, 0x00, 0x58, 0x04, 0x0D,
	0xB8, 0x5B, 0xF7, 0x87, 0xFF, 0xD0, 0x00, 0x00, 0x00, 0x20, 0x00, 0x00,
	0x10, 0x40, 0x00, 0xEA, 0x00, 0x0C, 0x02, 0x02, 0x02, 0x00, 0x0E, 0x0A,
	0x88, 0x00, 0x81, 0x03, 0x00, 0x00, 0x04, 0xA0, 0x00, 0x00, 0x60, 0x00,
	0x04, 0x08, 0x02, 0x40, 0xB9, 0xC0, 0xFF, 0xE1, 0xFF, 0x00, 0x00, 0x08,
	0x20, 0x01, 0x80, 0x00, 0x00, 0x40, 0x04, 0x01, 0x00, 0x1A, 0xE1, 0x00,
	0x20, 0x10, 0xC1, 0x17, 0x98, 0x00, 0x01, 0x00, 0x00, 0x00, 0x00, 0x70,
	0x00, 0x00, 0x0C, 0x00, 0x00, 0x30, 0x07, 0xF1, 0x98, 0xC0, 0x7F, 0xF3,
	0xE0, 0x00, 0x00, 0x04, 0x20, 0x80, 0x0E, 0x00, 0x34, 0x00, 0x00, 0x00,
	0x00, 0x4C, 0x68, 0x00, 0x00, 0x00, 0x08, 0x08, 0x8C, 0xC8, 0x00, 0x03,
	0x00, 0x00, 0x04, 0x5E, 0x00, 0x0B, 0x70, 0x00, 0x00, 0x10, 0x07, 0xA3,
	0x7A, 0xA0, 0x3F, 0xE0, 0x70, 0x00, 0x00, 0x29, 0xC0, 0x80, 0x0C, 0x02,
	0x02, 0x00, 0x00, 0x00, 0x01, 0x10, 0x10, 0x20, 0x80, 0x00, 0x00, 0x00,
	0x00, 0x81, 0x00, 0x00, 0x00, 0x00, 0x00, 0x5C, 0x00, 0x00, 0xF0, 0x00,
	0x04, 0x10, 0x02, 0xFA, 0xDF, 0xE0, 0x1D, 0xE0, 0x79, 0xC0, 0x00, 0x14,
	0x8C, 0x80, 0x01, 0x00, 0x00, 0x10, 0x00, 0x01, 0x07, 0x24, 0x00, 0x06,
	0x80, 0x00, 0x20, 0x23, 0x47, 0xC2, 0x40, 0x00, 0x00, 0x00, 0x00, 0x95,
	0x00, 0x02, 0xE0, 0x00, 0x00, 0x0C, 0x00, 0x78, 0xFE, 0xF0, 0x67, 0xC0,
	0x1A, 0x00, 0x00, 0x01, 0x42, 0xE8, 0x01, 0x00, 0x10, 0x00, 0x00, 0x20,
	0x30, 0x00, 0x80, 0x00, 0xC0, 0x09, 0x21, 0x22, 0x3E, 0x01, 0x00, 0x00,
	0x00, 0x00, 0x00, 0x01, 0x00, 0x01, 0xC0, 0x00, 0x08, 0x03, 0x0C, 0x4F,
	0x7F, 0x78, 0x39, 0xC0, 0x01, 0x00, 0x00, 0x0A, 0x0A, 0x00, 0x00, 0x00,
	0x00, 0x00, 0x00, 0x00, 0x00, 0x82, 0x00, 0x1C, 0xC0, 0x00, 0x53, 0x88,
	0x62, 0x02, 0x00, 0x10, 0x00, 0x00, 0x00, 0x01, 0xD0, 0x00, 0xE0, 0x00,
	0x00, 0x01, 0x00, 0x0F, 0xFD, 0xEF, 0x80, 0x00, 0x00, 0x00, 0x00, 0x80,
	0x22, 0x0C, 0x00, 0x00, 0x00, 0x00, 0x04, 0x06, 0x00, 0x00, 0x00, 0x1C,
	0xC1, 0x00, 0x16, 0x12, 0x94, 0x90, 0xA0, 0x35, 0xE0, 0x00, 0x00, 0x10,
	0x78, 0x00, 0xF0, 0x00, 0x40, 0x01, 0x02, 0x2F, 0xFD, 0xFF, 0xE0, 0x00,
	0x66, 0x00, 0x00, 0xA4, 0xE0, 0x83, 0x00, 0x00, 0x04, 0x00, 0x1F, 0x02,
	0x42, 0x00, 0x00, 0x90, 0xC0, 0x00, 0x00, 0x84, 0xE2, 0x82, 0x00, 0x5D,
	0xF0, 0x00, 0x00, 0x00, 0x53, 0x40, 0x60, 0x00, 0x48, 0x00, 0xE0, 0xFF,
	0xF8, 0x7F, 0xED, 0xC0, 0x7E, 0x00, 0x02, 0x23, 0xEE, 0x00, 0x00, 0x00,
	0x0B, 0x00, 0x09, 0xC5, 0x81, 0x02, 0x20, 0x01, 0xC1, 0x00, 0x02, 0xE0,
	0x84, 0x00, 0x80, 0x1C, 0x78, 0x00, 0x00, 0x00, 0x20, 0x00, 0x30, 0xC0,
	0x00, 0x00, 0x23, 0x8F, 0xB8, 0x77, 0xFF, 0x6E, 0x10, 0x80, 0x00, 0x1B,
	0x65, 0x78, 0x04, 0x00, 0x50, 0x00, 0x00, 0xF0, 0x00, 0x04, 0x0A, 0x10,
	0x80, 0x00, 0x01, 0x02, 0x04, 0x04, 0x20, 0x74, 0xFE, 0x00, 0x00, 0x00,
	0x11, 0x00, 0x40, 0x40, 0x00, 0x00, 0x40, 0x07, 0x0E, 0xEF, 0xFF, 0xEE,
	0x20, 0x10, 0x00, 0x00, 0x44, 0xB8, 0x0A, 0x00, 0x06, 0x00, 0x02, 0xE1,
	0x84, 0x00, 0x11, 0x80, 0x80, 0x00, 0x60, 0x00, 0x00, 0x10, 0x00, 0x77,
	0xFF, 0x00, 0x00, 0x00, 0x20, 0x04, 0x00, 0x00, 0x00, 0x00, 0x00, 0x03,
	0x0F, 0xBF, 0xFF, 0xE0, 0xE0, 0x01, 0x10, 0x58, 0x42, 0x10, 0x00, 0x00,
	0x04, 0x00, 0x02, 0x00, 0x00, 0x00, 0x00, 0x00, 0xC0, 0x80, 0x08, 0x40,
	0x04, 0x84, 0x28, 0x61, 0xBF, 0x80, 0x00, 0x00, 0x00, 0x00, 0x00, 0x00,
	0x00, 0x00, 0x20, 0x00, 0x0F, 0xFB, 0xFF, 0xFD, 0xF2, 0x20, 0x00, 0x1F,
	0x4A, 0x03, 0x00, 0x20, 0x01, 0x01, 0x04, 0x02, 0x48, 0x00, 0x00, 0x21,
	0x81, 0x00, 0xE4, 0x80, 0x24, 0x00, 0x04, 0xED, 0xFF, 0xF8, 0x00, 0x00,
	0x00, 0x00, 0x00, 0x00, 0x00, 0x00, 0x00, 0x00, 0x0E, 0xFF, 0xFF, 0xFF,
	0xFF, 0x80, 0x00, 0x37, 0xE9, 0x00, 0x00, 0x20, 0x72, 0x00, 0x00, 0x01,
	0x0A, 0x00, 0xAD, 0x72, 0x40, 0x00, 0x00, 0x00, 0x00, 0x00, 0x81, 0xA6,
	0xEF, 0xFF, 0x00, 0x00, 0x00, 0x00, 0x20, 0x00, 0x00, 0x00, 0x1F, 0xC0,
	0x1E, 0xFF, 0xFF, 0xFF, 0xFC, 0x00, 0x00, 0x1F, 0x04, 0x40, 0x00, 0x20,
	0x31, 0x40, 0x00, 0x10, 0x68, 0x00, 0x0E, 0x46, 0x20, 0x00, 0x04, 0x00,
	0x00, 0x10, 0x00, 0x83, 0xEF, 0xBF, 0x00, 0x00, 0x00, 0x00, 0x00, 0x00,
	0x00, 0x00, 0x0F, 0xE0, 0x7C, 0x7E, 0xDF, 0xFF, 0xD2, 0x00, 0x00, 0x0B,
	0xC0, 0x00, 0x00, 0x00, 0xC0, 0x00, 0x00, 0x22, 0x30, 0x03, 0x20, 0x00,
	0x68, 0x00, 0x04, 0x00, 0x0C, 0x80, 0x00, 0x00, 0xCF, 0xAF, 0xC0, 0x00,
	0x00, 0x01, 0x00, 0x00, 0x00, 0x00, 0x07, 0xA0, 0x7E, 0x37, 0x9F, 0xFE,
	0x00, 0x00, 0x00, 0x0A, 0xE4, 0x40, 0x00, 0x07, 0xE0, 0x00, 0x10, 0x00,
	0x20, 0x02, 0x2C, 0x80, 0xAC, 0x00, 0x30, 0x20, 0x0C, 0x00, 0x00, 0x00,
	0x3F, 0x7F, 0xE0, 0x00, 0x00, 0x02, 0x08, 0x00, 0x00, 0x00, 0x01, 0xF0,
	0xF8, 0x18, 0xFF, 0xFE, 0x40, 0xC0, 0x02, 0xBF, 0x00, 0xC0, 0x20, 0x02,
	0x1F, 0x00, 0x00, 0x10, 0x03, 0x01, 0xB8, 0x00, 0x08, 0x00, 0x20, 0x00,
	0x01, 0x80, 0x00, 0x82, 0x93, 0xBF, 0xF8, 0x00, 0x00, 0x00, 0x00, 0x00,
	0x00, 0x00, 0x00, 0xF8, 0xD0, 0x1F, 0x7F, 0xFE, 0x77, 0xA0, 0x0C, 0x3B,
	0x0C, 0x80, 0x80, 0x20, 0x4A, 0x00, 0x01, 0x80, 0x00, 0x34, 0x9B, 0xC0,
	0x08, 0x60, 0x04, 0x00, 0x42, 0x50, 0x02, 0x10, 0x40, 0xEF, 0xFE, 0x00,
	0x00, 0x00, 0x02, 0x00, 0x00, 0x00, 0x00, 0x3C, 0x70, 0x0F, 0xFF, 0xC0,
	0x6D, 0x80, 0x18, 0x5F, 0x98, 0x00, 0x00, 0x20, 0x94, 0x00, 0x02, 0x80,
	0xC2, 0x70, 0x60, 0x02, 0x08, 0x3E, 0x00, 0x10, 0x01, 0x10, 0x81, 0x87,
	0x10, 0xBF, 0xFF, 0x00, 0x00, 0x00, 0x02, 0x00, 0x00, 0x00, 0x00, 0x07,
	0x2C, 0x17, 0xFF, 0xE0, 0x03, 0xD1, 0x83, 0x0B, 0x27, 0x80, 0x00, 0x70,
	0x14, 0x00, 0x00, 0x20, 0x40, 0x70, 0x00, 0x22, 0x48, 0x81, 0x16, 0x00,
	0x00, 0x44, 0x80, 0x87, 0x1F, 0x9F, 0xFF, 0x40, 0x00, 0x00, 0x00, 0x00,
	0x00, 0x00, 0x00, 0x01, 0x1C, 0x04, 0xFF, 0x80, 0x00, 0x50, 0x00, 0x02,
	0x21, 0x81, 0x00, 0x7F, 0x44, 0x00, 0x00, 0x00, 0x4A, 0x09, 0x39, 0x47,
	0x80, 0x00, 0xE4, 0x00, 0x01, 0x30, 0x40, 0xE7, 0x29, 0xFF, 0xFF, 0x60,
	0x00, 0x00, 0x00, 0x00, 0x00, 0x00, 0x00, 0x00, 0x90, 0x00, 0xFF, 0xF6,
	0x00, 0x30, 0x01, 0x02, 0x91, 0x80, 0x00, 0x7F, 0xF0, 0x40, 0x00, 0x12,
	0x82, 0x00, 0x03, 0x9F, 0xA1, 0x41, 0x08, 0x40, 0x00, 0x50, 0x04, 0x16,
	0x09, 0xF7, 0x65, 0xF0, 0x00, 0x00, 0x00, 0x20, 0x00, 0x00, 0x00, 0x00,
	0x90, 0x00, 0x7F, 0xF4, 0x80, 0x00, 0x02, 0x82, 0x40, 0x01, 0x08, 0x29,
	0xE4, 0x00, 0x00, 0x00, 0x30, 0x64, 0x01, 0xD7, 0x80, 0x04, 0x00, 0x81,
	0x88, 0x00, 0x00, 0x24, 0xB3, 0x30, 0x2E, 0xFC, 0x00, 0x00, 0x00, 0x00,
	0x00, 0x00, 0x00, 0x00, 0x48, 0x00, 0x3F, 0xF0, 0xC0, 0x00, 0x03, 0x8C,
	0x00, 0x00, 0x08, 0x74, 0x1E, 0xE2, 0x00, 0x70, 0xC2, 0x14, 0x0F, 0xF8,
	0x08, 0x00, 0x02, 0x60, 0x14, 0x10, 0x06, 0x48, 0xF1, 0x0C, 0xE6, 0x7F,
	0x00, 0x00, 0x00, 0x00, 0x10, 0x00, 0x00, 0x00, 0x4C, 0x02, 0x03, 0xF1,
	0x60, 0x00, 0x02, 0x78, 0x00, 0x00, 0x00, 0x3D, 0xA0, 0x80, 0x0A, 0x20,
	0x43, 0x82, 0x36, 0x7C, 0x00, 0x04, 0x80, 0x0C, 0x61, 0x00, 0x0F, 0x83,
	0x7C, 0x0F, 0x31, 0x7F, 0x80, 0x00, 0x00, 0x00, 0x00, 0x00, 0x00, 0x00,
	0x5C, 0x06, 0x3F, 0xD5, 0xC0, 0x00, 0x00, 0xE6, 0x00, 0xA0, 0x00, 0xB3,
	0x10, 0x00, 0x0E, 0x7C, 0x41, 0x3E, 0x02, 0x3F, 0xA8, 0x43, 0x82, 0x00,
	0x40, 0x00, 0x02, 0x80, 0x3E, 0x19, 0x9A, 0x5F, 0xC0, 0x00, 0x00, 0x04,
	0x04, 0x00, 0x00, 0x00, 0x18, 0x00, 0x3F, 0xCF, 0xC2, 0x00, 0x01, 0xC1,
	0x96, 0x90, 0x00, 0x73, 0x2C, 0x30, 0x06, 0x78, 0x2C, 0x33, 0x83, 0x67,
	0xC0, 0x93, 0xA8, 0x00, 0x42, 0x01, 0x00, 0x83, 0x3B, 0x89, 0xEF, 0xEF,
	0xF0, 0x00, 0x00, 0x00, 0x20, 0x00, 0x00, 0x00, 0x3B, 0x00, 0x3F, 0xCF,
	0xA0, 0x00, 0x07, 0x43, 0x9B, 0x10, 0x08, 0x3B, 0x88, 0x00, 0x00, 0x78,
	0x80, 0x21, 0x5B, 0x7F, 0x88, 0x20, 0xBE, 0x80, 0x50, 0x00, 0x00, 0x00,
	0x28, 0x1F, 0xFE, 0x9F, 0xF8, 0x00, 0x00, 0x00, 0x00, 0x08, 0x00, 0x00,
	0x1A, 0x00, 0x1F, 0xCE, 0x04, 0x00, 0x0F, 0xEF, 0x7C, 0x00, 0x04, 0x68,
	0x18, 0x00, 0x04, 0x22, 0x50, 0x60, 0xC0, 0xF7, 0x38, 0xA0, 0x84, 0x00,
	0x18, 0x04, 0x00, 0x02, 0x0C, 0x0F, 0x77, 0xFF, 0xEE, 0x00, 0x00, 0x00,
	0x00, 0x00, 0x80, 0x00, 0x06, 0xF0, 0x1F, 0xFE, 0x48, 0x01, 0x00, 0x82,
	0xC5, 0x80, 0x00, 0x48, 0x68, 0x02, 0x02, 0xA0, 0xA8, 0x08, 0x91, 0xF4,
	0x2E, 0x70, 0x0C, 0xC0, 0x00, 0xEC, 0x00, 0x04, 0x00, 0x0F, 0xF0, 0xBF,
	0xC7, 0x00, 0x00, 0x00, 0x80, 0x00, 0x10, 0x00, 0x00, 0xFC, 0x0F, 0xFC,
	0x00, 0x00, 0x04, 0x03, 0x50, 0x40, 0x00, 0xF8, 0xBA, 0x00, 0x00, 0x27,
	0xB9, 0x19, 0xA7, 0xE8, 0x2F, 0xF4, 0x1C, 0x00, 0x00, 0x80, 0x00, 0x16,
	0x03, 0xFE, 0xFD, 0x67, 0xFF, 0xC0, 0x00, 0x00, 0x80, 0x00, 0x00, 0x00,
	0x00, 0xF0, 0x07, 0xF8, 0x00, 0x03, 0x00, 0x03, 0x88, 0xA0, 0x05, 0x3C,
	0xC4, 0x04, 0x31, 0x08, 0xCB, 0x05, 0xC7, 0xFB, 0x1D, 0xFF, 0xD0, 0x18,
	0x36, 0x02, 0x00, 0x01, 0x63, 0xE0, 0x7F, 0xF1, 0xFE, 0x70, 0x00, 0x00,
	0x00, 0x00, 0x00, 0x00, 0x00, 0x10, 0x07, 0xE8, 0x09, 0x82, 0x00, 0xA2,
	0x11, 0x20, 0x01, 0x70, 0x05, 0x00, 0xE4, 0x4F, 0xE1, 0x01, 0xE0, 0xFE,
	0x0F, 0xD8, 0xEC, 0x20, 0x02, 0x11, 0x00, 0x00, 0x41, 0xFE, 0xFF, 0xF9,
	0xF7, 0xD8, 0x00, 0x00, 0x00, 0x00, 0x00, 0x00, 0x00, 0x1A, 0x93, 0xD0,
	0x01, 0x9E, 0x01, 0x00, 0x30, 0x4C, 0x1F, 0x71, 0x22, 0x03, 0xE0, 0x0C,
	0x10, 0x49, 0xE0, 0x9C, 0x8B, 0x11, 0x00, 0x04, 0xCA, 0xC0, 0x00, 0x00,
	0x00, 0x1F, 0xC7, 0xFF, 0xFF, 0xFF, 0x00, 0x00, 0x00, 0x00, 0x00, 0x00,
	0x00, 0x0C, 0xDD, 0xFC, 0x84, 0x80, 0x00, 0x00, 0x34, 0x20, 0x3E, 0x00,
	0x34, 0x09, 0xF9, 0x5D, 0x55, 0xDB, 0x27, 0xD8, 0x7E, 0x24, 0xD1, 0x10,
	0x17, 0x50, 0x00, 0x0A, 0x60, 0x3F, 0x8F, 0xFC, 0x5F, 0xFF, 0xC0, 0x00,
	0x00, 0x01, 0x00, 0x00, 0x00, 0x0E, 0xEF, 0xFE, 0x0D, 0x00, 0x00, 0x00,
	0x02, 0x80, 0x3E, 0xA0, 0x08, 0x3C, 0x07, 0x00, 0x00, 0xF7, 0xF5, 0xFE,
	0x8F, 0xC1, 0x20, 0x40, 0x46, 0x0F, 0x40, 0x2A, 0x04, 0x0F, 0xC3, 0xEE,
	0x37, 0xFF, 0xE0, 0x00, 0x00, 0x00, 0x00, 0x00, 0x10, 0x07, 0x9E, 0xFF,
	0x6F, 0x00, 0x00, 0x04, 0x76, 0x01, 0x3C, 0xC3, 0x0A, 0x1D, 0xFA, 0x2F,
	0x3E, 0x92, 0x9E, 0xD8, 0x02, 0x02, 0x09, 0x36, 0x0C, 0x1F, 0x80, 0x01,
	0x00, 0xA3, 0xFF, 0x9F, 0x1E, 0xFF, 0xFC, 0x00, 0x00, 0x00, 0x00, 0x00,
	0x0C, 0x01, 0x7F, 0xFF, 0xE1, 0x90, 0x00, 0x02, 0x62, 0x00, 0x3F, 0x09,
	0x6C, 0x00, 0x66, 0x7D, 0x18, 0x46, 0x3F, 0xA0, 0x80, 0x17, 0x81, 0x00,
	0x9D, 0x3F, 0xDC, 0x30, 0x04, 0x80, 0x7F, 0x0F, 0x86, 0xFF, 0xFE, 0x40,
	0x00, 0x00, 0x00, 0x10, 0x02, 0x01, 0xFF, 0xFF, 0xFF, 0x10, 0x02, 0x83,
	0xFE, 0xC0, 0x3F, 0xB0, 0x6D, 0x68, 0xE0, 0x78, 0x20, 0x06, 0x1F, 0xF0,
	0x3C, 0xFF, 0x6D, 0x04, 0x3E, 0xCA, 0x30, 0x04, 0x20, 0xC0, 0x7F, 0x01,
	0xC3, 0xFF, 0xFF, 0x80, 0x00, 0x00, 0x00, 0x00, 0x00, 0x80, 0x6F, 0xFF,
	0xF7, 0x01, 0x01, 0xA7, 0xF0, 0x03, 0xFF, 0xC8, 0x60, 0x87, 0xF2, 0x5B,
	0x89, 0x7F, 0x04, 0x44, 0x78, 0xA4, 0x00, 0x00, 0x5F, 0xFB, 0xA0, 0x80,
	0x01, 0x10, 0x0F, 0xE1, 0xF1, 0x0F, 0xEF, 0xC0, 0x00, 0x00, 0x00, 0x00,
	0x00, 0x00, 0x6D, 0xFF, 0xFF, 0x81, 0x00, 0x82, 0x24, 0xCF, 0xFF, 0x07,
	0x13, 0x2F, 0xE3, 0xDB, 0x81, 0xBE, 0xB7, 0xC3, 0xC7, 0x42, 0x00, 0x00,
	0x65, 0x9E, 0x24, 0xC0, 0x02, 0xC0, 0x07, 0x70, 0x08, 0x7F, 0xFF, 0xD0,
	0x00, 0x00, 0x00, 0x00, 0x04, 0x90, 0x63, 0x7F, 0xFF, 0xE1, 0x02, 0x80,
	0x60, 0x05, 0xFE, 0x07, 0xF8, 0x3F, 0xE7, 0x7F, 0x48, 0x7C, 0xFA, 0x58,
	0xFE, 0x61, 0x04, 0x20, 0x75, 0x03, 0xBF, 0x70, 0x60, 0x22, 0x47, 0xF6,
	0x3F, 0xE1, 0xFF, 0xC1, 0x80, 0x00, 0x00, 0x00, 0x00, 0x80, 0x03, 0xA7,
	0xFF, 0xE0, 0x2C, 0x7B, 0xF9, 0x11, 0xFD, 0x6F, 0xF4, 0x2F, 0xC3, 0xFF,
	0xB8, 0xFC, 0xDF, 0x80, 0xF6, 0xC0, 0x80, 0x01, 0xFD, 0x03, 0x0D, 0xFC,
	0xE8, 0x80, 0x3D, 0xB0, 0x1F, 0xC4, 0x7F, 0xE1, 0x80, 0x00, 0x00, 0x00,
	0x01, 0x80, 0x00, 0xF9, 0xFF, 0xD0, 0x00, 0x08, 0x7A, 0x81, 0xFC, 0x04,
	0xE7, 0x47, 0xFF, 0x0F, 0xC9, 0xFE, 0x33, 0x81, 0xF2, 0x20, 0x02, 0xE0,
	0x66, 0x04, 0x08, 0x77, 0xD8, 0x04, 0x09, 0xEF, 0xCF, 0xE1, 0x27, 0xF0,
	0xF0, 0x00, 0x00, 0x00, 0x00, 0x00, 0x01, 0x36, 0x7F, 0x93, 0x00, 0x06,
	0xF0, 0x87, 0xF9, 0xC6, 0x00, 0x4F, 0xB7, 0xD3, 0x76, 0xFF, 0xB4, 0x09,
	0x0A, 0x84, 0x08, 0x24, 0x80, 0x80, 0xE2, 0x60, 0xB3, 0x00, 0x60, 0x37,
	0xFF, 0xC0, 0x7F, 0xE0, 0xFC, 0x00, 0x00, 0x00, 0x00, 0x00, 0x80, 0x33,
	0xFF, 0x96, 0x44, 0x5E, 0xE0, 0x4B, 0xFE, 0xF0, 0x1A, 0x9F, 0x8C, 0xEF,
	0xF9, 0xFF, 0xDE, 0x4C, 0x03, 0x80, 0x08, 0x1F, 0xD0, 0x00, 0xF1, 0x38,
	0x1F, 0xB0, 0x08, 0x0F, 0xD9, 0xE4, 0x1F, 0xF0, 0x70, 0x00, 0x00, 0x00,
	0x00, 0x00, 0x00, 0x18, 0x5C, 0x9E, 0x2C, 0x07, 0xCA, 0x0F, 0xFC, 0xF8,
	0x38, 0x3F, 0xE3, 0xF7, 0xF3, 0xDD, 0x7E, 0x0F, 0xC3, 0x04, 0x41, 0x3C,
	0x80, 0x00, 0x34, 0xE1, 0x07, 0x4E, 0xC4, 0x86, 0x7D, 0x3E, 0xF0, 0x5D,
	0x08, 0x00, 0x00, 0x00, 0x00, 0x00, 0x80, 0x00, 0x28, 0xDE, 0xCD, 0xA7,
	0xCF, 0x1F, 0xEF, 0xFA, 0x3A, 0x73, 0xFC, 0xFF, 0xCF, 0xF7, 0x38, 0xDD,
	0x80, 0x03, 0x00, 0x10, 0x1B, 0x52, 0x11, 0x65, 0x01, 0xC3, 0x70, 0x80,
	0x37, 0xFD, 0x8E, 0xFF, 0xDE, 0x00, 0x00, 0x38, 0x40, 0x00, 0x00, 0x08,
	0x27, 0xBF, 0x9A, 0x4F, 0xF4, 0x3F, 0xFF, 0xF7, 0xF7, 0xDE, 0xFF, 0xDB,
	0xFF, 0xFF, 0xF8, 0xF2, 0x20, 0x00, 0x00, 0x40, 0x03, 0x8E, 0x70, 0x87,
	0xF5, 0xC0, 0x03, 0x06, 0x3F, 0xF7, 0xE6, 0x7F, 0xF1, 0x00, 0x00, 0x3F,
	0x00, 0x00, 0x00, 0x88, 0x07, 0xFF, 0x88, 0x0F, 0xDA, 0x5F, 0xFF, 0xFF,
	0xF7, 0xFF, 0xF3, 0x7F, 0xFF, 0xF7, 0xF8, 0xE8, 0x85, 0xC1, 0x08, 0x40,
	0x01, 0xF3, 0xC3, 0xB7, 0x8C, 0x02, 0x60, 0x02, 0x36, 0x07, 0xDD, 0xFF,
	0xFC, 0x00, 0x00, 0x3F, 0xE0, 0x00, 0x00, 0x30, 0x0B, 0xF7, 0x08, 0xFF,
	0xFE, 0x3D, 0xFD, 0xEC, 0x7F, 0xDF, 0xFC, 0x7F, 0xFF, 0xFF, 0xF9, 0xF3,
	0x48, 0x63, 0xD0, 0x40, 0x03, 0xDF, 0xE0, 0x06, 0x92, 0x07, 0x98, 0x00,
	0x3F, 0x8F, 0xFF, 0xFF, 0xFE, 0x80, 0x00, 0x1F, 0xFF, 0x00, 0x00, 0x38,
	0x1F, 0xFB, 0x48, 0x3F, 0xFF, 0x7F, 0xFE, 0x6E, 0xFF, 0xFF, 0x8C, 0x6F,
	0xFF, 0xF5, 0xE1, 0xC8, 0x08, 0x4B, 0xA0, 0x08, 0x4C, 0x9B, 0x40, 0x7F,
	0xB6, 0xC1, 0xEE, 0x48, 0x1E, 0x9F, 0xFF, 0xFF, 0xFF, 0xE6, 0x00, 0x1F,
	0xFF, 0xF8, 0x00, 0x3D, 0x3B, 0xFF, 0x8A, 0x9F, 0x3D, 0xBF, 0xFF, 0xFF,
	0xFE, 0x4F, 0x86, 0x5F, 0xFF, 0xFB, 0xCD, 0x38, 0x51, 0x87, 0x80, 0x01,
	0xE7, 0x51, 0x78, 0x2F, 0x2F, 0x60, 0xFF, 0xA0, 0x13, 0xD2, 0xFD, 0x17,
	0xFF, 0xFD, 0x00, 0x1F, 0xFF, 0xFF, 0x80, 0x1F, 0xFF, 0xFC, 0x6A, 0x7F,
	0xBC, 0xFF, 0xEF, 0xFF, 0x6F, 0x7F, 0xC2, 0xFF, 0xF7, 0xB0, 0x7F, 0x80,
	0x71, 0x46, 0x00, 0x05, 0x3F, 0x80, 0x8C, 0x33, 0xCC, 0xB0, 0x1F, 0x88,
	0x07, 0xB6, 0x00, 0x00, 0x07, 0x3F, 0xC0, 0x1F, 0xFF, 0xFF, 0xFE, 0x83,
	0xFF, 0xD8, 0x06, 0x7F, 0xEF, 0x5F, 0x7F, 0xFF, 0xFC, 0x5F, 0x80, 0x7D,
	0x3F, 0x8F, 0x79, 0x48, 0x70, 0x84, 0x01, 0x00, 0x77, 0xE0, 0x38, 0xF4,
	0x01, 0x04, 0x80, 0x00, 0x02, 0x00, 0x00, 0x00, 0x00, 0x01, 0xC0, 0x07,
	0xFF, 0xFF, 0xFF, 0xF9, 0xF7, 0xF0, 0x0E, 0x7B, 0xEF, 0xFF, 0xBF, 0xFE,
	0x35, 0xFF, 0xE2, 0x9F, 0xFF, 0x9D, 0xE1, 0x1C, 0x70, 0x18, 0x00, 0xE0,
	0x37, 0xE6, 0x2B, 0xD0, 0x00, 0x00, 0x00, 0x00, 0x20, 0x00, 0x00, 0x00,
	0x00, 0x00, 0x00, 0x07, 0xFE, 0x87, 0x5F, 0xFF, 0xF6, 0xF8, 0x0F, 0xFF,
	0xF9, 0xFF, 0xBC, 0x7F, 0x9E, 0xE7, 0x5C, 0xFA, 0xBF, 0xE7, 0xF0, 0x01,
	0x51, 0x00, 0x02, 0x70, 0x0F, 0xFC, 0x00, 0xD0, 0x61, 0x80, 0x03, 0xFD,
	0x87, 0x9F, 0xFF, 0xFF, 0xC9, 0xC1, 0xFF, 0xFD, 0xFF, 0xFF, 0xFF, 0xEF,
	0x7F, 0xE1, 0xCF, 0xFF, 0xBB, 0xFF, 0x24, 0xF7, 0x3F, 0xFB, 0xEF, 0xFD,
	0xE7, 0x8F, 0xF6, 0xC2, 0xA1, 0x10, 0x02, 0xE0, 0x17, 0xF6, 0x0E, 0xC5,
	0xFF, 0xFF, 0xFE, 0x70, 0x00, 0x1F, 0xFF, 0xFF, 0xFF, 0xFF, 0xFC, 0x00,
	0x00, 0xFF, 0xFF, 0xF9, 0x5F, 0xFE, 0x5B, 0xFF, 0x3F, 0xFF, 0xF1, 0xBC,
	0x2B, 0xB8, 0x73, 0xFF, 0xEC, 0xFF, 0xE7, 0x80, 0x00, 0x20, 0x94, 0x22,
	0xDD, 0xFE, 0x1B, 0xF2, 0xFF, 0xFF, 0xFF, 0xE8, 0x00, 0x00, 0x4B, 0x9F,
	0xFF, 0xFF, 0xFF, 0x80, 0x00, 0x7F, 0xFF, 0xFF, 0xFF, 0xF2, 0x4F, 0xFF,
	0xFF, 0xFF, 0xC5, 0x38, 0x7F, 0xEF, 0x7F, 0xFF, 0xDC, 0x7F, 0x86, 0x84,
	0x00, 0x7F, 0x40, 0x47, 0xF7, 0xFF, 0xDB, 0xBC, 0x00, 0x00, 0x00, 0x00,
	0x00, 0x00, 0x00, 0x27, 0xF1, 0x7F, 0xFF, 0xE2, 0x00, 0x3F, 0xFF, 0xFE,
	0x6E, 0xB2, 0x0F, 0xFF, 0xFF, 0xBF, 0xD1, 0xBF, 0xFC, 0xFF, 0xF7, 0xFF,
	0xDF, 0xDF, 0xC4, 0x00, 0x05, 0x3F, 0x80, 0x7E, 0xC3, 0x6B, 0x9D, 0xF8,
	0x00, 0x00, 0x00, 0x00, 0x00, 0x00, 0x00, 0x00, 0x00, 0x01, 0xFF, 0x9F,
	0xFD, 0xFF, 0xFF, 0xF8, 0xA8, 0x39, 0xB7, 0xFF, 0xEF, 0xF7, 0xD2, 0xFF,
	0xDC, 0x7F, 0xFF, 0xFF, 0x4F, 0x1F, 0xEA, 0x20, 0x11, 0xBD, 0x22, 0x7F,
	0x7F, 0xFD, 0xF9, 0xF4, 0x00, 0x00, 0x00, 0x00, 0x00, 0x00, 0x00, 0x00,
	0x00, 0x00, 0x00, 0x23, 0xFF, 0xBF, 0xFF, 0xFF, 0x30, 0x77, 0x7F, 0xFF,
	0xFF, 0xFC, 0x77, 0x7E, 0xFC, 0x7F, 0xDF, 0xFF, 0x78, 0x1F, 0xE8, 0x20,
	0x07, 0x9C, 0x03, 0xFF, 0xFF, 0xE4, 0x3F, 0xB6, 0x00, 0x00, 0x00, 0x00,
	0x00, 0x00, 0x00, 0x00, 0x00, 0x00, 0x00, 0x03, 0x9F, 0xEF, 0xFF, 0xFC,
	0x00, 0x7E, 0x3F, 0xEF, 0xFF, 0xDF, 0x72, 0xDF, 0xFC, 0x6F, 0xED, 0xFF,
	0xFE, 0x6F, 0xD4, 0x20, 0x0F, 0x0C, 0x03, 0xFF, 0xFF, 0xD1, 0x7F, 0x80,
	0x00, 0x00, 0x00, 0x00, 0x00, 0x00, 0x00, 0x00, 0x00, 0x00, 0x00, 0x00,
	0x7F, 0xF9, 0xEF, 0xFE, 0xE0, 0x00, 0x13, 0xBF, 0xFF, 0xBF, 0xF7, 0x9D,
	0xC0, 0x03, 0xEF, 0xFE, 0xF9, 0xFF, 0x20, 0x7F, 0x6E, 0x5A, 0x7B, 0xFF,
	0xFF, 0xF0, 0x7F, 0xC8, 0x00, 0x00, 0x00, 0x00, 0x00, 0x00, 0x00, 0x00,
	0x00, 0x00, 0x00, 0x00, 0xFF, 0xC3, 0xFF, 0xFF, 0xFC, 0x3E, 0x03, 0x6F,
	0xFE, 0x1F, 0xF7, 0x08, 0x84, 0x21, 0x3F, 0xFF, 0xF9, 0xFA, 0x00, 0xC4,
	0x87, 0xC4, 0xDF, 0xEF, 0xFB, 0xF8, 0x7C, 0x0F, 0x00, 0x00, 0x00, 0x00,
	0x00, 0x00, 0x00, 0x00, 0x00, 0x00, 0x00, 0x01, 0x3F, 0xFF, 0xFF, 0xFF,
	0xCE, 0xDE, 0x5B, 0x5F, 0xFB, 0x2B, 0xEE, 0x0B, 0x06, 0x00, 0x7F, 0xDF,
	0x47, 0xF5, 0x40, 0x05, 0x01, 0xE4, 0xFF, 0xDF, 0xFF, 0xFD, 0x7F, 0x32,
	0x00, 0x00, 0x00, 0x00, 0x00, 0x00, 0x00, 0x00, 0x00, 0x00, 0x00, 0x00,
	0x3F, 0xE9, 0xFF, 0xFF, 0xF9, 0xFF, 0x08, 0x97, 0x3D, 0xFB, 0xFC, 0x19,
	0x10, 0x03, 0xFF, 0x3F, 0xFF, 0xF9, 0x48, 0x00, 0x00, 0xFF, 0x77, 0x67,
	0xEF, 0xDE, 0xFC, 0x61, 0x00, 0x00, 0x00, 0x00, 0x00, 0x00, 0x00, 0x00,
	0x00, 0x00, 0x00, 0x00, 0x3F, 0xF7, 0x5F, 0xFF, 0xFF, 0xDE, 0xFD, 0x0C,
	0x7F, 0x07, 0xF3, 0xF0, 0x00, 0x83, 0xFF, 0xF7, 0x20, 0x02, 0x07, 0x00,
	0x00, 0x7F, 0x7F, 0xFF, 0xBF, 0xFF, 0x75, 0x40, 0x00, 0x00, 0x00, 0x00,
	0x00, 0x00, 0x00, 0x00, 0x00, 0x00, 0x00, 0x00, 0x7F, 0xFE, 0x01, 0xFF,
	0xFF, 0xFF, 0xDF, 0xC5, 0xB3, 0xCF, 0xE0, 0x00, 0xC5, 0x80, 0xBE, 0xED,
	0x81, 0x21, 0x80, 0x00, 0x00, 0xEF, 0x1F, 0x1F, 0x75, 0xD8, 0xFF, 0x48,
	0x00, 0x00, 0x00, 0x00, 0x00, 0x00, 0x00, 0x00, 0x00, 0x00, 0x00, 0x00,
	0xFF, 0xFF, 0xB1, 0xFF, 0xFF, 0xDF, 0xDF, 0xF5, 0x19, 0xE4, 0x00, 0x08,
	0x00, 0x02, 0xFE, 0x0C, 0x00, 0x01, 0xB2, 0x80, 0x41, 0xFF, 0x9F, 0xFF,
	0x5F, 0xFA, 0x7C, 0x03, 0x00, 0x00, 0x00, 0x00, 0x00, 0x00, 0x00, 0x00,
	0x00, 0x00, 0x00, 0x10, 0xFF, 0xFB, 0x7F, 0xFF, 0xFF, 0xAE, 0x0F, 0xFF,
	0x30, 0x01, 0x00, 0x00, 0x80, 0x01, 0xFE, 0x0C, 0x00, 0x80, 0x0A, 0x06,
	0x83, 0xFF, 0xE6, 0xFC, 0x4F, 0xFA, 0xB9, 0xE2, 0x00, 0x00, 0x00, 0x00,
	0x00, 0x00, 0x00, 0x00, 0x00, 0x00, 0x00, 0x00, 0xFF, 0xF7, 0xFF, 0xFF,
	0xFF, 0xEE, 0x1F, 0xFF, 0x80, 0x47, 0x10, 0x00, 0x80, 0x10, 0x00, 0x00,
	0x00, 0x06, 0x04, 0x61, 0xC7, 0xFF, 0xFF, 0xFC, 0xCF, 0xC8, 0x83, 0x40,
	0x00, 0x00, 0x00, 0x00, 0x00, 0x00, 0x00, 0x00, 0x00, 0x00, 0x00, 0x00,
	0xFD, 0xDF, 0xFF, 0xFF, 0xFF, 0xF8, 0x0F, 0xFD, 0xEC, 0x00, 0xF2, 0x10,
	0x00, 0x00, 0x60, 0x00, 0x00, 0x00, 0xC4, 0x9B, 0xFF, 0xFF, 0xC8, 0xFE,
	0x0F, 0x80, 0x98, 0x00, 0x00, 0x00, 0x00, 0x00, 0x00, 0x00, 0x00, 0x00,
	0x00, 0x00, 0x00, 0x00, 0xFF, 0xE7, 0x7F, 0xFF, 0xC0, 0x30, 0x0F, 0xFC,
	0x4F, 0x00, 0x00, 0x02, 0x80, 0x01, 0xC1, 0x00, 0x00, 0x00, 0x01, 0x81,
	0xFF, 0xD7, 0xF4, 0xFC, 0xC7, 0xE2, 0xA8, 0x38, 0x00, 0x00, 0x00, 0x00,
	0x00, 0x00, 0x00, 0x00, 0x00, 0x00, 0x00, 0x30, 0xBF, 0xEB, 0x73, 0xF9,
	0xC1, 0xF0, 0x00, 0x1F, 0xFF, 0xF8, 0x00, 0x0A, 0x40, 0x00, 0x00, 0x04,
	0x00, 0x04, 0x00, 0x08, 0x3D, 0xF7, 0x9F, 0x58, 0x7F, 0x80, 0x1A, 0x21,
	0x00, 0x00, 0x00, 0x00, 0x00, 0x00, 0x00, 0x00, 0x00, 0x00, 0x00, 0x00,
	0x0F, 0xFF, 0xF7, 0xBF, 0x81, 0xB0, 0x00, 0x0F, 0xFF, 0xF0, 0x80, 0x00,
	0x41, 0x40, 0x00, 0x00, 0x00, 0x60, 0x00, 0x09, 0xFE, 0xF8, 0xBD, 0xFC,
	0x06, 0xEF, 0x1F, 0xE0, 0x00, 0x00, 0x00, 0x00, 0x00, 0x00, 0x00, 0x00,
	0x00, 0x00, 0x00, 0x01, 0xFF, 0xF7, 0xFD, 0x79, 0x45, 0x48, 0x00, 0x1F,
	0xFB, 0x70, 0x00, 0x04, 0x1D, 0x88, 0x10, 0x0B, 0x00, 0x00, 0x00, 0x01,
	0xFD, 0x7B, 0x9E, 0x78, 0x22, 0x81, 0xF0, 0x5F, 0x00, 0x00, 0x00, 0x00,
	0x00, 0x00, 0x00, 0x00, 0x00, 0x00, 0x00, 0x00, 0x7F, 0xFF, 0xFD, 0xFF,
	0x8D, 0xF0, 0x00, 0x1F, 0xFF, 0xEE, 0x02, 0x10, 0x01, 0x00, 0x00, 0x01,
	0x00, 0x00, 0x00, 0x00, 0xB8, 0xDF, 0x88, 0x78, 0x2F, 0xB0, 0x01, 0x18,
	0x00, 0x00, 0x00, 0x00, 0x00, 0x00, 0x00, 0x00, 0x00, 0x00, 0x00, 0x06,
	0x3F, 0xFF, 0xFA, 0xFF, 0x80, 0xA0, 0x00, 0x0E, 0x7D, 0x2E, 0xC2, 0x00,
	0x08, 0x00, 0x00, 0x00, 0x00, 0x08, 0x24, 0x00, 0xED, 0x3A, 0x80, 0x70,
	0x00, 0x03, 0x00, 0x38, 0x00, 0x00, 0x00, 0x00, 0x00, 0x00, 0x00, 0x00,
	0x00, 0x00, 0x00, 0x04, 0x07, 0xFB, 0xFF, 0xFB, 0xE0, 0x00, 0x00, 0x0C,
	0x7F, 0x0E, 0x80, 0x00, 0x18, 0x10, 0x00, 0x00, 0x00, 0x10, 0xB4, 0x00,
	0x21, 0xD0, 0x01, 0x80, 0x03, 0xE0, 0x21, 0x40, 0x00, 0x00, 0x00, 0x00,
	0x00, 0x00, 0x00, 0x00, 0x00, 0x00, 0x00, 0x00, 0x3F, 0xFF, 0xFF, 0xFF,
	0xF9, 0x00, 0x00, 0x07, 0xF0, 0x3F, 0xE0, 0x00, 0x00, 0x00, 0x00, 0x01,
	0x00, 0x00, 0x00, 0x02, 0x94, 0x5A, 0x0E, 0x00, 0x0B, 0x54, 0x02, 0x00,
	0x00, 0x00, 0x00, 0x00, 0x00, 0x00, 0x00, 0x00, 0x00, 0x00, 0x00, 0x06,
	0x1E, 0xFF, 0xBF, 0xEB, 0xCB, 0x40, 0x00, 0x0E, 0xA3, 0xFF, 0xE0, 0x00,
	0x00, 0x00, 0x01, 0x00, 0x00, 0x00, 0x00, 0x00, 0x0C, 0x00, 0x34, 0xB0,
	0x14, 0xC8, 0x10, 0x00, 0x00, 0x00, 0x00, 0x00, 0x00, 0x00, 0x00, 0x00,
	0x00, 0x00, 0x00, 0x01, 0xBF, 0xFE, 0xE1, 0xFF, 0x2C, 0x00, 0x01, 0x0F,
	0x78, 0x1C, 0x80, 0x00, 0x00, 0x00, 0x03, 0xFC, 0x00, 0x00, 0x00, 0x00,
	0x02, 0x40, 0x2C, 0x00, 0x50, 0x20, 0x81, 0x00, 0x00, 0x00, 0x00, 0x00,
	0x00, 0x00, 0x00, 0x00, 0x00, 0x00, 0x00, 0x01, 0x27, 0xFF, 0x9F, 0x96,
	0x04, 0x00, 0x20, 0x05, 0x30, 0x7F, 0x80, 0x00, 0x00, 0x00, 0x0E, 0xF0,
	0x00, 0x00, 0x00, 0x00, 0x00, 0x00, 0x00, 0x01, 0x41, 0x02, 0x00, 0x00,
	0x00, 0x00, 0x00, 0x00, 0x00, 0x00, 0x00, 0x00, 0x00, 0x00, 0x1F, 0xE3,
	0xFF, 0xF7, 0xBE, 0xFF, 0xDC, 0x00, 0x00, 0x0E, 0x60, 0x1F, 0x80, 0x00,
	0x00, 0x00, 0xA3, 0xF8, 0xC0, 0x00, 0x00, 0x00, 0x00, 0x00, 0xBC, 0x00,
	0x00, 0x00, 0x01, 0x00, 0x00, 0x00, 0x00, 0x00, 0x00, 0x00, 0x00, 0x04,
	0x00, 0x00, 0x00, 0x04, 0x7F, 0xEE, 0x3F, 0xFF, 0xFC, 0x00, 0x00, 0x00,
	0x70, 0x1F, 0xE0, 0x08, 0x00, 0x00, 0xBF, 0xFF, 0xE0, 0x00, 0x00, 0x10,
	0x61, 0x20, 0x01, 0x86, 0x00, 0x20, 0x00, 0x00, 0x00, 0x00, 0x00, 0x00,
	0x00, 0x00, 0x00, 0x00, 0x00, 0x00, 0x00, 0x30, 0xFF, 0xFF, 0xFF, 0x7B,
	0x8F, 0x80, 0x00, 0x00, 0x00, 0x5F, 0xEB, 0xFC, 0x00, 0x67, 0xFD, 0x18,
	0xFD, 0xCE, 0x00, 0x00, 0x40, 0x30, 0x00, 0x00, 0x00, 0x10, 0x20, 0x00,
	0x00, 0x00, 0x00, 0x00, 0x00, 0x00, 0x00, 0x00, 0x00, 0x00, 0x00, 0x02,
	0xF9, 0xFC, 0xFF, 0xFF, 0xFD, 0x80, 0x00, 0x00, 0xF8, 0x3F, 0xD7, 0xFD,
	0xF7, 0xFF, 0xF7, 0xDE, 0xFE, 0xE8, 0x00, 0x40, 0x7F, 0xF8, 0x00, 0x04,
	0x0C, 0x01, 0x00, 0x00, 0x00, 0x00, 0x00, 0x00, 0x00, 0x00, 0x00, 0x00,
	0x00, 0x00, 0x00, 0x00, 0xFF, 0xFF, 0xFF, 0x7F, 0x60, 0x00, 0x00, 0x60,
	0xC0, 0x13, 0xC3, 0xFF, 0x1C, 0xFF, 0xFF, 0x9C, 0x1F, 0xCC, 0x01, 0x00,
	0xCF, 0xF8, 0x08, 0xF0, 0x3C, 0xE1, 0x01, 0x00, 0x00, 0x00, 0x00, 0x00,
	0x00, 0x00, 0x00, 0x30, 0x00, 0x00, 0x01, 0xC0, 0x7F, 0xFD, 0xFF, 0xFF,
	0xE8, 0x00, 0x00, 0x00, 0x40, 0x0F, 0xE7, 0xFF, 0xF8, 0xEF, 0xFF, 0x7C,
	0xE4, 0x00, 0x01, 0x18, 0x33, 0xFC, 0x0B, 0xB2, 0x08, 0x41, 0x00, 0x00,
	0x00, 0x00, 0x00, 0x00, 0x00, 0x00, 0x00, 0x00, 0x00, 0x00, 0x00, 0x07,
	0xF3, 0xFF, 0x9F, 0xFF, 0xFC, 0x40, 0x00, 0x00, 0x00, 0x0F, 0xF2, 0x70,
	0x00, 0x5F, 0xFF, 0x1F, 0xFC, 0x1C, 0x00, 0x01, 0x8F, 0xF7, 0xC0, 0x00,
	0x58, 0x00, 0xF0, 0x00, 0x00, 0x00, 0x00, 0x00, 0x00, 0x00, 0x00, 0x00,
	0x00, 0x00, 0x00, 0x30, 0xFF, 0x37, 0xCC, 0x7F, 0xFB, 0x80, 0x00, 0x00,
	0x00, 0x2E, 0x00, 0xFE, 0x00, 0x47, 0xFF, 0xFF, 0x99, 0x00, 0x06, 0x00,
	0x1F, 0x70, 0x20, 0x00, 0x20, 0x06, 0x01, 0x01, 0x00, 0x00, 0x00, 0x00,
	0x00, 0x00, 0x00, 0x00, 0x00, 0x00, 0x06, 0x01, 0xFF, 0xFC, 0xFF, 0x98,
	0x06, 0x00, 0x00, 0x00, 0x00, 0x27, 0x80, 0x00, 0x10, 0x00, 0x07, 0x07,
	0xE4, 0x00, 0x00, 0x00, 0x07, 0x9B, 0x80, 0x10, 0x18, 0x80, 0x00, 0x04,
	0x00, 0x00, 0x00, 0x00, 0x00, 0x00, 0x00, 0x00, 0x00, 0x00, 0xC0, 0x0B,
	0xFF, 0xFF, 0x8F, 0xE0, 0xD8, 0x00, 0x00, 0x00, 0x70, 0x01, 0xC0, 0x00,
	0x00, 0x00, 0x00, 0x1E, 0x00, 0x00, 0x00, 0x0C, 0x0C, 0x25, 0x00, 0x80,
	0x14, 0x20, 0x00, 0x04, 0x00, 0x00, 0x00, 0x00, 0x00, 0x00, 0x00, 0x00,
	0x00, 0x00, 0x00, 0x0F, 0xFF, 0xDF, 0xFC, 0xC9, 0x40, 0x00, 0x20, 0x00,
	0x00, 0x7F, 0xC1, 0x00, 0x00, 0x00, 0x00, 0xFC, 0x20, 0x00, 0x00, 0x00,
	0x24, 0x40, 0x10, 0x20, 0x02, 0x08, 0x00, 0x00, 0x00, 0x00, 0x00, 0x00,
	0x00, 0x01, 0x80, 0x00, 0x00, 0x00, 0x00, 0xF0, 0x7F, 0xEF, 0xAF, 0xEB,
	0x0B, 0x00, 0x00, 0x00, 0x00, 0x02, 0xC0, 0x00, 0x00, 0x00, 0x08, 0xFC,
	0x40, 0x04, 0x03, 0x30, 0x81, 0x26, 0x08, 0x00, 0x02, 0x10, 0x10, 0x00,
	0x00, 0x00, 0x00, 0x00, 0x00, 0x00, 0x03, 0x00, 0x00, 0x00, 0x00, 0x01,
	0xF7, 0xFF, 0xF9, 0xFF, 0xC2, 0x00, 0x00, 0x00, 0x00, 0x00, 0x00, 0x00,
	0x00, 0x00, 0x00, 0xE8, 0x5E, 0x3F, 0x41, 0xCE, 0x21, 0x02, 0x40, 0x80,
	0x00, 0x00, 0x00, 0x40, 0x00, 0x00, 0x00, 0x00, 0x00, 0x00, 0x00, 0x00,
	0x00, 0x00, 0x00, 0x0F, 0xFD, 0xEF, 0xFF, 0xFF, 0xBC, 0xD0, 0x00, 0x08,
	0x00, 0x60, 0x00, 0x00, 0x20, 0x01, 0xFB, 0xFD, 0xFC, 0xF8, 0x02, 0x00,
	0x01, 0x8C, 0x03, 0x00, 0x00, 0x00, 0x00, 0x00, 0x00, 0x00, 0x00, 0x00,
	0x00, 0x00, 0x00, 0x00, 0x00, 0x00, 0x60, 0x3F, 0xB3, 0xFF, 0xFF, 0x8B,
	0xF8, 0xC0, 0x00, 0x10, 0x00, 0x0C, 0x0C, 0x00, 0x20, 0x30, 0x0F, 0xFF,
	0xFF, 0xE2, 0x0A, 0x00, 0x00, 0x18, 0x02, 0x00, 0x00, 0x00, 0x00, 0x00,
	0x00, 0x00, 0x00, 0x00, 0x00, 0x00, 0x00, 0x00, 0x00, 0x00, 0x00, 0xFA,
	0x3F, 0xFF, 0xFF, 0xFF, 0xBE, 0x00, 0x00, 0x00, 0x0E, 0x09, 0xE6, 0xFF,
	0xFC, 0x0F, 0xC1, 0xF8, 0xFF, 0xE6, 0x00, 0x94, 0x00, 0x10, 0x04, 0x00,
	0x00, 0x00, 0x00, 0x00, 0x00, 0x00, 0x00, 0x00, 0x00, 0x00, 0x00, 0x00,
	0x03, 0xC0, 0x27, 0xD1, 0xFF, 0xFF, 0xFF, 0xF9, 0x93, 0x00, 0x00, 0x00,
	0x00, 0x07, 0xFE, 0x4F, 0xBF, 0xFF, 0x1F, 0x9B, 0xFC, 0xE2, 0x80, 0x3B,
	0x82, 0x00, 0x00, 0x00, 0x00, 0x00, 0x02, 0x01, 0x00, 0x00, 0x00, 0x00,
	0x00, 0x00, 0x00, 0x00, 0x02, 0x00, 0x09, 0xFF, 0xFC, 0x7C, 0xFD, 0xBF,
	0x82, 0x00, 0x00, 0x00, 0x00, 0x30, 0x41, 0xFB, 0xAB, 0xFF, 0xFF, 0x3F,
	0xFF, 0xF0, 0x00, 0x05, 0xA2, 0x00, 0x00, 0x00, 0x00, 0x00, 0x00, 0x01,
	0x00, 0x00, 0x00, 0x00, 0x02, 0x00, 0x00, 0x00, 0x3A, 0x00, 0x1F, 0x87,
	0xEF, 0xFF, 0xFF, 0xFF, 0xF0, 0x0F, 0x00, 0x00, 0x00, 0x3B, 0xFF, 0xF7,
	0xC7, 0xEB, 0xFF, 0x65, 0xCF, 0xF0, 0x80, 0x01, 0x12, 0x00, 0x00, 0x00,
	0x00, 0x00, 0x00, 0x00, 0x00, 0x00, 0x00, 0x00, 0x02, 0x00, 0x00, 0x00,
	0x1F, 0xF8, 0x00, 0x38, 0xFF, 0xF4, 0xBF, 0xDB, 0xFC, 0x01, 0x80, 0x00,
	0x00, 0x61, 0xBF, 0xFF, 0xD2, 0x5F, 0xF0, 0x7F, 0x7D, 0x18, 0x20, 0x00,
	0x02, 0x00, 0x00, 0x00, 0x00, 0x00, 0x01, 0x00, 0x00, 0x00, 0x00, 0x00,
	0x00, 0x00, 0x00, 0x30, 0x00, 0x00, 0x0C, 0x3F, 0xFF, 0xF7, 0xFF, 0xD8,
	0x0F, 0x00, 0x00, 0x00, 0x10, 0x7F, 0xFF, 0xFE, 0x0B, 0x80, 0xC7, 0x8F,
	0xDF, 0xFF, 0x00, 0x00, 0x02, 0x02, 0x00, 0x00, 0x00, 0x00, 0x01, 0x00,
	0x00, 0x00, 0x00, 0x00, 0x00, 0x1C, 0x00, 0x00, 0x00, 0x00, 0x1F, 0xFF,
	0xFF, 0xFF, 0xFF, 0xD8, 0x50, 0x8E, 0x00, 0x0D, 0x40, 0x0A, 0xBE, 0x7F,
	0x80, 0x20, 0x00, 0xFF, 0xE2, 0xFC, 0x03, 0x80, 0x06, 0x04, 0x00, 0x00,
	0x00, 0x00, 0x00, 0x00, 0x00, 0x00, 0x00, 0x00, 0x00, 0x00, 0x00, 0x00,
	0x07, 0x00, 0x01, 0x81, 0xFF, 0xDF, 0xEF, 0xFD, 0x42, 0x28, 0x00, 0x14,
	0x03, 0x92, 0xBF, 0xF8, 0x40, 0x80, 0x28, 0x0F, 0xF0, 0xF6, 0x80, 0x34,
	0x00, 0x08, 0x00, 0x00, 0x00, 0x00, 0x08, 0x01, 0x00, 0x00, 0x00, 0x00,
	0x00, 0x00, 0x00, 0x00, 0x00, 0x00, 0x1F, 0xFF, 0xFF, 0xF7, 0xFF, 0xFF,
	0xE0, 0x22, 0x6C, 0x4F, 0x38, 0xC9, 0xF8, 0x18, 0x10, 0x80, 0x3E, 0x90,
	0xFC, 0x01, 0xAE, 0x08, 0x20, 0x10, 0x00, 0x00, 0x00, 0x00, 0x00, 0x00,
	0x00, 0x00, 0x00, 0x00, 0x00, 0x00, 0x00, 0x00, 0x00, 0x00, 0x01, 0x83,
	0xBF, 0xFF, 0xFE, 0xFF, 0x60, 0x04, 0x7C, 0x40, 0xA1, 0x1C, 0x84, 0x00,
	0x82, 0x08, 0x03, 0xE0, 0x88, 0x08, 0x02, 0x20, 0x04, 0x20, 0x00, 0x00,
	0x00, 0x00, 0x00, 0x00, 0x00, 0x00, 0x00, 0x00, 0x00, 0x00, 0x00, 0x00,
	0x00, 0x03, 0xC0, 0x7F, 0xF9, 0xDF, 0xFF, 0xFF, 0xE0, 0x00, 0x0C, 0x27,
	0x31, 0x00, 0x00, 0x1C, 0x00, 0x20, 0x06, 0x7C, 0x00, 0x00, 0x00, 0x15,
	0x00, 0x80, 0x00, 0x00, 0x00, 0x00, 0x01, 0x88, 0x00, 0x00, 0x00, 0x00,
	0x00, 0x00, 0x00, 0x00, 0x00, 0x07, 0xBF, 0xFF, 0xCF, 0xFF, 0xFF, 0xBF,
	0xFC, 0x06, 0xBC, 0x20, 0x00, 0x00, 0xA2, 0x00, 0x0E, 0x04, 0x3D, 0xBC,
	0x18, 0x78, 0x04, 0x60, 0x00, 0x00, 0x00, 0x00, 0x00, 0x00, 0x03, 0x1C,
	0x00, 0x00, 0x00, 0x00, 0x00, 0x00, 0x00, 0x00, 0x00, 0x00, 0x07, 0xEF,
	0xFB, 0xFF, 0xFF, 0xFF, 0xFC, 0x1F, 0xF0, 0xD8, 0x00, 0x02, 0x00, 0x00,
	0x33, 0xFF, 0xBF, 0x00, 0x07, 0xFF, 0x00, 0x00, 0x00, 0x00, 0x00, 0x00,
	0x00, 0x01, 0xE0, 0x68, 0x00, 0x00, 0x00, 0x00, 0x00, 0x00, 0x00, 0x00,
	0x00, 0xDE, 0x3F, 0xC7, 0xFE, 0xFF, 0xFF, 0xF0, 0xE1, 0x98, 0x3D, 0x80,
	0x00, 0x20, 0x00, 0x52, 0x1F, 0xFF, 0xFB, 0x80, 0x3F, 0xFF, 0xF0, 0x00,
	0x00, 0x00, 0x00, 0x00, 0x32, 0x4B, 0xE0, 0x00, 0x00, 0x00, 0x00, 0x00,
	0x00, 0x00, 0x00, 0x00, 0x00, 0x18, 0x0F, 0xEF, 0xFF, 0xEF, 0xFD, 0xFE,
	0x30, 0x00, 0x3C, 0x00, 0x00, 0xC0, 0x00, 0x90, 0x00, 0x0F, 0xFF, 0x70,
	0x0B, 0xEF, 0xF0, 0x00, 0x00, 0x16, 0x00, 0x32, 0x0F, 0xF8, 0x4E, 0x32,
	0x00, 0x00, 0x00, 0x00, 0x00, 0x00, 0x00, 0x00, 0x24, 0x48, 0x4F, 0xFF,
	0xFF, 0x7F, 0xFD, 0xE7, 0xFC, 0x07, 0x02, 0x00, 0x00, 0x44, 0x04, 0x01,
	0xFA, 0x20, 0x1C, 0x3E, 0x59, 0xFF, 0xFE, 0x69, 0x00, 0x00, 0x18, 0x00,
	0x48, 0x60, 0x09, 0x27, 0x00, 0x00, 0x00, 0x00, 0x00, 0x00, 0xE0, 0x00,
	0x28, 0x85, 0x4F, 0xFF, 0xFF, 0xFF, 0xFF, 0xFC, 0xFE, 0x35, 0x00, 0x00,
	0x00, 0x03, 0x48, 0x4A, 0x83, 0x00, 0x01, 0x00, 0x41, 0xFF, 0xFE, 0x24,
	0x00, 0x00, 0x07, 0x45, 0x1C, 0xCD, 0x85, 0x69, 0x00, 0x00, 0x00, 0x00,
	0x00, 0x02, 0xC0, 0x00, 0x00, 0x01, 0x8F, 0xFF, 0xEE, 0xFF, 0xFF, 0xFF,
	0xC5, 0x01, 0x00, 0x00, 0x00, 0x08, 0x01, 0xC0, 0x00, 0x00, 0x70, 0x47,
	0x06, 0x77, 0x91, 0xEE, 0x00, 0x82, 0x02, 0x84, 0x30, 0x00, 0x63, 0x7D,
	0x00, 0x00, 0x00, 0x00, 0x00, 0x00, 0x09, 0x00, 0x01, 0xFF, 0xFF, 0x3F,
	0xEF, 0xFF, 0xFF, 0xFF, 0xFE, 0x00, 0x08, 0x00, 0x00, 0x00, 0x09, 0x04,
	0x00, 0x01, 0xAB, 0xC6, 0xFC, 0x3B, 0x0F, 0x76, 0x00, 0x0F, 0x9C, 0x26,
	0x10, 0x90, 0x0B, 0x1F, 0x00, 0x00, 0x00, 0x00, 0x00, 0x00, 0x00, 0x00,
	0x00, 0x01, 0xFF, 0xFE, 0x7F, 0xFF, 0xFF, 0xE3, 0xFF, 0x01, 0x01, 0x00,
	0x00, 0x08, 0x1D, 0x0F, 0xCE, 0xA0, 0x78, 0x3F, 0xE7, 0xF0, 0x8B, 0xFC,
	0x02, 0x23, 0x50, 0x00, 0x30, 0x04, 0x03, 0x11, 0x00, 0x00, 0x00, 0x00,
	0x00, 0x00, 0x00, 0x00, 0x00, 0xC0, 0x7F, 0xFF, 0xEF, 0xFF, 0xE7, 0xFF,
	0xFE, 0x00, 0x00, 0x00, 0x00, 0x00, 0x08, 0x3E, 0xF4, 0xFB, 0xC6, 0x11,
	0xFD, 0x80, 0x9F, 0xE1, 0xFF, 0xC0, 0x60, 0x00, 0x28, 0x80, 0x1B, 0xBE,
	0x00, 0x00, 0x00, 0x00, 0x00, 0x00, 0x00, 0x00, 0x00, 0x3E, 0x0F, 0xC1,
	0xBF, 0xFF, 0xEF, 0xF0, 0x7E, 0x00, 0x00, 0x40, 0x00, 0x00, 0x00, 0x86,
	0x30, 0x78, 0x7F, 0xF6, 0x1F, 0x00, 0x78, 0x18, 0xCC, 0x00, 0x80, 0x00,
	0xF1, 0x20, 0x00, 0xB2, 0x00, 0x02, 0x00, 0x00, 0x00, 0xE0, 0x00, 0x21,
	0xF4, 0xF8, 0x1F, 0xFF, 0xFF, 0xF7, 0xFF, 0xF9, 0xFF, 0x81, 0xC2, 0x27,
	0x70, 0x88, 0x00, 0x00, 0x7E, 0x00, 0x12, 0xA7, 0x70, 0x0F, 0x01, 0x00,
	0x90, 0x00, 0x00, 0x00, 0x0F, 0xB0, 0x00, 0x74, 0x00, 0x70, 0x80, 0x00,
	0x39, 0xF8, 0x20, 0x1B, 0x6C, 0x3F, 0xD8, 0xFF, 0xFF, 0xFF, 0xFF, 0xFE,
	0x1F, 0xE4, 0x10, 0x1F, 0xC0, 0xC0, 0x32, 0xDE, 0x00, 0x71, 0x88, 0x38,
	0x9F, 0x9B, 0x9A, 0x3E, 0xC9, 0x01, 0x00, 0x00, 0x04, 0xE0, 0x03, 0x38,
	0x00, 0x00, 0x00, 0x00, 0x1F, 0xF7, 0xFF, 0xFE, 0x20, 0x0D, 0xFE, 0xFF,
	0xF7, 0xFC, 0xFF, 0xFF, 0x40, 0x29, 0x33, 0x57, 0xC0, 0x00, 0x4D, 0x80,
	0x41, 0xF0, 0x43, 0x60, 0x8F, 0x95, 0x91, 0x1F, 0x4C, 0x00, 0x40, 0x00,
	0x00, 0x00, 0x09, 0x88, 0x00, 0x00, 0x01, 0x31, 0x0F, 0xC1, 0xFF, 0xFF,
	0x98, 0xFC, 0x1F, 0xBD, 0xBB, 0xF7, 0xFF, 0xFB, 0xF8, 0x30, 0x00, 0xBF,
	0xF1, 0xE8, 0xFD, 0x8C, 0x0F, 0xFB, 0xB0, 0xE6, 0x81, 0xEE, 0xB3, 0x4F,
	0x34, 0x00, 0x81, 0x00, 0x40, 0x00, 0xC5, 0x00, 0x00, 0x03, 0x06, 0xF8,
	0x30, 0xB8, 0x00, 0x00, 0xFC, 0x7D, 0xFF, 0x37, 0xFF, 0xE7, 0xFF, 0xF7,
	0xF8, 0x00, 0x08, 0x2F, 0x80, 0x00, 0xFA, 0xF0, 0x7E, 0xF0, 0x42, 0xC1,
	0x01, 0xF4, 0x73, 0xF8, 0x30, 0x82, 0x80, 0x00, 0x80, 0x00, 0x07, 0x04,
	0x00, 0x01, 0x00, 0x97, 0xB8, 0x80, 0x00, 0x00, 0x7F, 0xFE, 0x7F, 0xFF,
	0xE3, 0x1F, 0xFF, 0xFF, 0xFC, 0x1B, 0x8C, 0x00, 0x03, 0x06, 0x7A, 0x0C,
	0x7F, 0xF9, 0x0F, 0x80, 0xE0, 0x1F, 0xFF, 0xF6, 0x41, 0x80, 0x80, 0x01,
	0x80, 0x00, 0x07, 0x04, 0x02, 0x00, 0x39, 0x1E, 0x00, 0x02, 0x39, 0xE0,
	0x0F, 0xFB, 0x0F, 0xFF, 0xFF, 0xF7, 0xFF, 0xFB, 0xFF, 0x55, 0x00, 0x51,
	0x21, 0xC1, 0x9E, 0x19, 0xDF, 0xFD, 0x8E, 0xE0, 0x7C, 0xF9, 0x02, 0x49,
	0x2F, 0x83, 0x84, 0x01, 0x80, 0x00, 0x00, 0x00, 0x21, 0x80, 0x7E, 0x0A,
	0x00, 0x05, 0x8B, 0x40, 0xFB, 0x61, 0xDF, 0xFE, 0xFE, 0xF7, 0xEF, 0xFF,
	0xFF, 0xF0, 0x0E, 0xE0, 0x03, 0x8F, 0xE4, 0xB1, 0xF0, 0x01, 0x22, 0x7F,
	0x3C, 0x3E, 0x0C, 0x39, 0x80, 0x02, 0x8C, 0x00, 0x00, 0x00, 0xE4, 0x20,
	0xDD, 0xC0, 0x00, 0x70, 0x1E, 0x43, 0x6F, 0x00, 0x6F, 0xD8, 0x7F, 0xFF,
	0xFB, 0xFF, 0xFF, 0xFF, 0xFF, 0xE9, 0xCB, 0x75, 0xB1, 0x04, 0x0A, 0x4C,
	0x20, 0xA0, 0xFD, 0xFE, 0xFC, 0x7C, 0x04, 0x91, 0x00, 0x01, 0xE0, 0x00,
	0x00, 0x03, 0xC4, 0x00, 0xB8, 0x78, 0x00, 0xF8, 0x98, 0xFF, 0xF4, 0x4F,
	0xC0, 0xFE, 0x7F, 0xDF, 0xF7, 0xE7, 0xFF, 0xFF, 0xFF, 0xFE, 0x79, 0xD2,
	0xD8, 0x06, 0x10, 0x83, 0xFF, 0x9F, 0xFF, 0xFF, 0xDF, 0xE7, 0x1E, 0x0C,
	0x00, 0x02, 0x50, 0x00, 0x10, 0x0C, 0x24, 0x2F, 0x00, 0x0D, 0xFF, 0xCE,
	0x61, 0x3F, 0xDC, 0xE0, 0x81, 0xFF, 0xFF, 0xFF, 0xFF, 0xF8, 0x7F, 0xFF,
	0xFF, 0xFE, 0xF8, 0xFA, 0x7E, 0x00, 0x01, 0x47, 0xFF, 0xF7, 0xDB, 0xFF,
	0xFF, 0x00, 0x9F, 0xE0, 0x00, 0x06, 0x00, 0x44, 0x00, 0x08, 0x78, 0x09,
	0xC0, 0x1F, 0xFF, 0xF8, 0x00, 0x02, 0xC5, 0x80, 0x1B, 0xFF, 0xFF, 0x5F,
	0xEE, 0x7F, 0xF7, 0xFF, 0xFF, 0xFB, 0x9E, 0x10, 0xD0, 0x70, 0xA3, 0xBF,
	0xFF, 0xCF, 0xFD, 0xEB, 0xFD, 0xC6, 0x08, 0x38, 0x00, 0x04, 0x00, 0x00,
	0x28, 0x07, 0x60, 0x00, 0xC0, 0x1F, 0xF8, 0x3F, 0xD0, 0x00, 0x0F, 0x21,
	0x0D, 0xBC, 0xF9, 0x97, 0xC7, 0xEF, 0xFF, 0xFF, 0xFF, 0xFF, 0xCD, 0xFF,
	0x90, 0x08, 0x8F, 0xFC, 0x6F, 0xFF, 0xFB, 0xF3, 0xF8, 0x91, 0x01, 0xB0,
	0x02, 0x10, 0x40, 0x24, 0x00, 0x08, 0x00, 0x00, 0x80, 0xFC, 0x00, 0x08,
	0x01, 0x80, 0x07, 0xDF, 0x42, 0x7B, 0xFF, 0xDB, 0xBF, 0x1F, 0xF7, 0xF3,
	0xFF, 0xFF, 0xFD, 0xA1, 0x3F, 0xC0, 0x3F, 0xFD, 0xFF, 0xFE, 0x1F, 0x1E,
	0x61, 0xCF, 0x45, 0x70, 0x00, 0x01, 0x40, 0x28, 0x81, 0x00, 0x00, 0x00,
	0x07, 0xCF, 0x84, 0x00, 0x07, 0x00, 0x07, 0xFF, 0xFF, 0x7F, 0xED, 0xFE,
	0x03, 0xDF, 0xF7, 0xF8, 0xDF, 0xFF, 0xFD, 0xA7, 0xC0, 0x06, 0x9D, 0xF9,
	0xFD, 0xFF, 0xFE, 0xF7, 0xF6, 0x8A, 0x3D, 0x94, 0x00, 0x81, 0x72, 0x98,
	0x02, 0x00, 0x20, 0x00, 0x07, 0xE1, 0x00, 0x00, 0x0F, 0x8E, 0x1B, 0xFD,
	0xFE, 0xFE, 0x7F, 0xCF, 0x1D, 0xF0, 0x74, 0xFF, 0xF3, 0xE4, 0x00, 0x00,
	0x00, 0x00, 0x1E, 0x02, 0x9E, 0x7A, 0xF7, 0xED, 0xF3, 0x0D, 0x80, 0x16,
	0x00, 0x8C, 0x64, 0x00, 0xC3, 0x00, 0x00, 0x00, 0x40, 0x00, 0x00, 0x00,
	0x1F, 0x3F, 0x00, 0x46, 0xC8, 0x1C, 0x17, 0xE1, 0x87, 0xF0, 0x7C, 0x3F,
	0xE0, 0x00, 0x00, 0x00, 0x00, 0xD0, 0x1A, 0x1F, 0xC2, 0x79, 0x9F, 0xEB,
	0x0B, 0x18, 0x04, 0x00, 0x20, 0x12, 0x6A, 0x00, 0x00, 0x02, 0x00, 0x24,
	0x80, 0x00, 0x20, 0x1D, 0xE0, 0x6F, 0x80, 0xE1, 0xC0, 0x0C, 0x4F, 0x7F,
	0xFF, 0xE3, 0xFF, 0xFF, 0xF1, 0xE0, 0x0D, 0x08, 0x03, 0xFD, 0x39, 0x25,
	0xFE, 0xF6, 0xD7, 0x78, 0x01, 0x00, 0x4B, 0x20, 0x02, 0x0C, 0x0C, 0x00,
	0x00, 0x00, 0x00, 0x20, 0x00, 0x00, 0x01, 0x80, 0x21, 0xD0, 0x6B, 0xC0,
	0x3A, 0x7F, 0x3F, 0x7F, 0xFF, 0xBF, 0xFF, 0xFF, 0xFF, 0xF0, 0xDA, 0x70,
	0x27, 0xCB, 0xA0, 0x8E, 0x9C, 0xC0, 0xA5, 0xE0, 0x00, 0x00, 0xC7, 0x40,
	0x05, 0x68, 0x46, 0x00, 0x06, 0x41, 0x44, 0x02, 0x00, 0x00, 0x0F, 0xFF,
	0x60, 0x00, 0x18, 0x00, 0xFF, 0x6F, 0xFF, 0xCF, 0xFF, 0xFD, 0xFF, 0x0F,
	0xFF, 0xEC, 0x90, 0x7E, 0x06, 0x0E, 0xE8, 0x7F, 0xF0, 0x38, 0x37, 0x58,
	0x0F, 0x73, 0x82, 0x51, 0x00, 0x1C, 0x10, 0xE1, 0x16, 0x40, 0x00, 0x02,
	0x02, 0x00, 0x13, 0xFF, 0x80, 0x00, 0x8E, 0x0E, 0xFB, 0xFF, 0xFE, 0xCF,
	0xE7, 0xBF, 0xFF, 0xCF, 0xE3, 0xE2, 0x04, 0x07, 0x07, 0x3A, 0x00, 0x04,
	0x0C, 0x03, 0xC2, 0x04, 0xDF, 0x80, 0x85, 0x20, 0x00, 0x3D, 0x1A, 0x00,
	0x40, 0x00, 0x01, 0x98, 0x00, 0x00, 0x03, 0xFF, 0xE8, 0x8C, 0x00, 0x1B,
	0xDE, 0x78, 0xD6, 0xBB, 0x18, 0xDB, 0xBF, 0x4C, 0xF7, 0xEC, 0x72, 0x0A,
	0xC3, 0x00, 0x00, 0x40, 0x61, 0x01, 0x90, 0x88, 0x7E, 0x78, 0x00, 0x08,
	0x88, 0xF8, 0x90, 0x00, 0x00, 0x00, 0x0A, 0x57, 0xC0, 0x20, 0x00, 0x7F,
	0xFF, 0xFC, 0x00, 0x00, 0x01, 0xFF, 0x83, 0xFF, 0xFF, 0xA0, 0x3F, 0xFF,
	0xFF, 0xC8, 0x24, 0x0E, 0x63, 0xE0, 0x00, 0x0C, 0x30, 0x10, 0x48, 0x58,
	0x1C, 0x62, 0x3E, 0x08, 0x81, 0x60, 0x94, 0x00, 0x22, 0x00, 0x06, 0x38,
	0x00, 0xFF, 0xFE, 0x01, 0x79, 0xC8, 0x6F, 0xBE, 0x01, 0x28, 0x0E, 0xBF,
	0xF8, 0x67, 0x02, 0x7F, 0xFB, 0xDD, 0xF3, 0x93, 0xC2, 0xD0, 0x00, 0x08,
	0xF9, 0x47, 0xE1, 0x7E, 0x27, 0xC7, 0x26, 0x02, 0xA3, 0x54, 0x0C, 0x00,
	0x04, 0x00, 0x10, 0xDC, 0x07, 0x4F, 0xC8, 0x00, 0x02, 0x3D, 0xFF, 0x7F,
	0xFF, 0xF8, 0xD3, 0x7F, 0xFE, 0xBF, 0xFB, 0xFF, 0xFE, 0xAF, 0x00, 0x79,
	0xA1, 0xFC, 0x00, 0x00, 0x0B, 0xC3, 0x9C, 0xBF, 0x07, 0x00, 0xF2, 0x00,
	0x0C, 0xFA, 0x00, 0x20, 0x80, 0x73, 0x03, 0x81, 0x3F, 0x99, 0xC0, 0x00,
	0x7F, 0xFF, 0xFF, 0x4E, 0xC1, 0xFF, 0xDE, 0x5B, 0xF8, 0x3F, 0xFF, 0xFF,
	0xBF, 0xD8, 0x8C, 0x64, 0x77, 0x7E, 0x00, 0x44, 0x17, 0xA9, 0xDD, 0x07,
	0x05, 0xF1, 0xF4, 0x00, 0x18, 0xC8, 0x00, 0x18, 0x20, 0x00, 0x09, 0x80,
	0x0E, 0x00, 0x00, 0x00, 0x5F, 0xFF, 0xF4, 0x01, 0x81, 0x7D, 0xFD, 0xBF,
	0x7E, 0x5F, 0xFF, 0xFF, 0xFF, 0x24, 0x93, 0xC0, 0x41, 0xFA, 0x0A, 0x69,
	0x82, 0x20, 0xFE, 0xF6, 0x00, 0xA0, 0xC0, 0xA0, 0x60, 0x58, 0x40, 0x00,
	0x20, 0x00, 0x04, 0xCA, 0xF8, 0x00, 0x81, 0xEB, 0xDE, 0x30, 0x2D, 0x73,
	0xC7, 0xDF, 0xFD, 0xCF, 0xFF, 0xFF, 0xFF, 0xF9, 0x3F, 0xC0, 0x4E, 0x60,
	0xDA, 0xE7, 0x70, 0xF6, 0x0E, 0xAB, 0xF0, 0x40, 0x41, 0x9F, 0x74, 0x80,
	0x01, 0xA0, 0x00, 0x00, 0x07, 0x02, 0x69, 0xFD, 0xF3, 0xFF, 0x00, 0xAF,
	0x83, 0x90, 0xBF, 0x79, 0xFF, 0xFD, 0xFD, 0xF9, 0xFF, 0xFF, 0xFF, 0xFF,
	0x47, 0x40, 0xB8, 0x00, 0xE5, 0xC5, 0x1E, 0x07, 0xBB, 0xFC, 0x10, 0x40,
	0x00, 0x61, 0xF8, 0x1A, 0x85, 0x38, 0x80, 0x00, 0x24, 0x60, 0xC5, 0xA8,
	0xF3, 0xFC, 0x0E, 0x1F, 0xEF, 0x8C, 0x00, 0x2F, 0xDF, 0xE5, 0xFF, 0xBF,
	0x7F, 0xFF, 0xFF, 0xFF, 0xB0, 0x7E, 0x18, 0x09, 0xF0, 0x3C, 0x10, 0x76,
	0x21, 0x80, 0x03, 0x20, 0x47, 0x5E, 0xC2, 0x33, 0x16, 0x20, 0x00, 0x00,
	0x00, 0x03, 0xA9, 0xC4, 0x2F, 0x30, 0xFF, 0xFF, 0x3B, 0xDE, 0x01, 0xFF,
	0xFF, 0xFF, 0xFF, 0xFF, 0xF7, 0xFF, 0xFF, 0xFC, 0x00, 0xFC, 0x08, 0x07,
	0x61, 0xC4, 0x1F, 0xFF, 0xC0, 0x60, 0x30, 0x04, 0x31, 0xE8, 0x9C, 0x66,
	0x3C, 0x84, 0x00, 0x00, 0x00, 0x24, 0x17, 0xC1, 0x00, 0x07, 0xFD, 0xF6,
	0xFF, 0xF1, 0xB8, 0x23, 0xFF, 0xFF, 0xFF, 0x7F, 0xFF, 0xFF, 0xFF, 0x4C,
	0x01, 0xEC, 0x00, 0x03, 0xF8, 0x9E, 0x5F, 0xEF, 0xFC, 0x00, 0x00, 0x02,
	0x6F, 0xBF, 0x0B, 0x91, 0x38, 0x02, 0x01, 0x1D, 0x20, 0x08, 0x25, 0x80,
	0x00, 0x00, 0x3F, 0x3F, 0x0F, 0xFC, 0xFE, 0xC7, 0xE7, 0xFF, 0xFF, 0xDF,
	0xFF, 0xFF, 0xFF, 0x15, 0x00, 0xD0, 0x00, 0x1E, 0x32, 0x80, 0xFF, 0xFF,
	0xFF, 0x86, 0x40, 0xD8, 0x15, 0xCF, 0x18, 0xEE, 0x70, 0x00, 0x30, 0x50,
	0x01, 0xB0, 0x8B, 0x07, 0xC0, 0x00, 0x00, 0x00, 0x39, 0x7F, 0xBC, 0xCE,
	0xB7, 0x0A, 0xFE, 0xFF, 0xEF, 0xEA, 0xE2, 0x7C, 0x7C, 0x70, 0x00, 0x22,
	0x6C, 0x3F, 0xFF, 0xFF, 0xCE, 0x58, 0x2F, 0x2E, 0x81, 0x01, 0x75, 0x1E,
	0x20, 0x02, 0x02, 0x00, 0x00, 0x45, 0x08, 0x37, 0x80, 0x2B, 0x01, 0x10,
	0x19, 0x21, 0x9F, 0xE1, 0x9C, 0x14, 0xFF, 0x9F, 0xEF, 0xED, 0x8D, 0x0B,
	0xFD, 0x00, 0x00, 0x00, 0x7D, 0x5F, 0xFF, 0xFE, 0xFF, 0xDC, 0x70, 0x18,
	0x06, 0xFD, 0xB0, 0x7C, 0x0A, 0x00, 0x08, 0x01, 0x28, 0x82, 0x14, 0x6F,
	0x01, 0x8E, 0x06, 0x09, 0x00, 0x03, 0xDD, 0xFF, 0xFF, 0xE1, 0xFB, 0xDF,
	0xBF, 0xFF, 0x1C, 0xDE, 0xFF, 0xC0, 0x00, 0x15, 0xEE, 0xFF, 0xFF, 0xFE,
	0xFF, 0xF3, 0x18, 0x65, 0x6F, 0x03, 0xFE, 0x7D, 0x04, 0x00, 0x00, 0x00,
	0x01, 0x09, 0x24, 0xF9, 0x9F, 0xFF, 0xF7, 0x84, 0x00, 0x00, 0x2E, 0x1E,
	0xFE, 0x1B, 0x81, 0xFE, 0xFF, 0xFC, 0x7F, 0xBF, 0xCA, 0x00, 0x00, 0x07,
	0x89, 0xFF, 0xFF, 0xFF, 0xFF, 0x3F, 0x58, 0x00, 0x1D, 0x7F, 0xC0, 0x1C,
	0x00, 0x00, 0x00, 0x0C, 0x0F, 0x21, 0xAF, 0xE3, 0xBF, 0xFF, 0xF7, 0x80,
	0x00, 0x3D, 0xC6, 0x3A, 0xAC, 0x07, 0x80, 0xFD, 0xAD, 0xFF, 0x7F, 0xFF,
	0xFF, 0x34, 0x20, 0x1B, 0xB0, 0x1F, 0xFF, 0xFF, 0xFF, 0xF2, 0xFD, 0xA2,
	0xE3, 0xD4, 0x00, 0x2E, 0x80, 0x00, 0x00, 0x00, 0x00, 0x00, 0xA3, 0xD0,
	0xFF, 0xF8, 0x07, 0xC5, 0x17, 0xE1, 0x7F, 0xF7, 0xFD, 0xFF, 0xFF, 0x80,
	0x80, 0xFE, 0xFE, 0x7E, 0xE7, 0xD9, 0x80, 0x71, 0x5F, 0xFF, 0xFF, 0xFF,
	0xDF, 0xEE, 0xEF, 0x1F, 0xFC, 0x00, 0x00, 0x3E, 0x00, 0x00, 0x00, 0x00,
	0x20, 0x40, 0x6D, 0xF8, 0xBF, 0xE7, 0xA3, 0xFF, 0xFF, 0xE1, 0xFC, 0xEA,
	0xBB, 0xFF, 0xE0, 0x21, 0xDF, 0xEF, 0xFB, 0xFF, 0xEF, 0xF7, 0x81, 0xEB,
	0x8B, 0xDB, 0xFB, 0xEF, 0xBD, 0x30, 0x42, 0x2F, 0xF8, 0x00, 0x19, 0x78,
	0x00, 0x00, 0x00, 0x00, 0x01, 0x02, 0xCB, 0xEE, 0x9F, 0x7F, 0xFD, 0xC0,
	0x05, 0x11, 0x71, 0x7F, 0xFD, 0xFF, 0xFF, 0xE0, 0xE1, 0xEE, 0xFF, 0xFF,
	0xC9, 0xE6, 0x01, 0xC3, 0x2E, 0x48, 0x2D, 0x7F, 0xD2, 0x0D, 0x18, 0xDF,
	0xFC, 0x12, 0x00, 0xA0, 0x00, 0x00, 0x00, 0x00, 0x22, 0x85, 0xFE, 0x40,
	0xFF, 0xFD, 0xFD, 0xCF, 0xF6, 0x39, 0xFF, 0xFF, 0xFF, 0xF5, 0xBE, 0x70,
	0x1F, 0xF7, 0xFF, 0xFE, 0xC7, 0xF2, 0x02, 0x44, 0x95, 0x00, 0x1A, 0x01,
	0x80, 0x00, 0x07, 0xFF, 0xFD, 0x80, 0x03, 0xD2, 0x04, 0x00, 0x00, 0x00,
	0xD0, 0xC9, 0xF8, 0x28, 0x0F, 0xE9, 0xFF, 0xD6, 0xAD, 0xF1, 0x7D, 0xFF,
	0xFE, 0x9A, 0x7F, 0x7F, 0xDF, 0xFF, 0x85, 0xFF, 0xD6, 0x40, 0x1C, 0x08,
	0x4C, 0x00, 0x00, 0x05, 0x7B, 0x00, 0x36, 0xEF, 0xE0, 0x03, 0x31, 0xF0,
	0x00, 0x00, 0x00, 0x01, 0x81, 0xD3, 0xDE, 0x00, 0x1F, 0xE0, 0x1F, 0xF7,
	0xFF, 0xCF, 0x8F, 0xF6, 0xF7, 0xF8, 0xFA, 0x17, 0xFF, 0xFF, 0xD3, 0xE7,
	0x72, 0x10, 0xF0, 0x0E, 0x26, 0x60, 0x01, 0x06, 0xFE, 0xC0, 0x8D, 0xE7,
	0x20, 0x11, 0x10, 0x60, 0x0A, 0x00, 0x00, 0x03, 0x33, 0x75, 0xB8, 0x00,
	0x1C, 0x00, 0x3F, 0xDD, 0xAF, 0xF5, 0xFE, 0xFE, 0xDF, 0xC0, 0x28, 0x0F,
	0xFE, 0xFF, 0xC5, 0xF6, 0x20, 0x23, 0xE0, 0x03, 0xC1, 0xE0, 0x20, 0x0F,
	0x80, 0x20, 0x02, 0x03, 0xB0, 0x01, 0x08, 0x00, 0x04, 0x00, 0x00, 0x03,
	0x26, 0xEF, 0x80, 0x00, 0x81, 0x00, 0x07, 0xFF, 0xF8, 0x7F, 0xF3, 0xDF,
	0xDF, 0xE6, 0x7F, 0xFF, 0x80, 0xFE, 0x3F, 0xF8, 0x00, 0x06, 0x00, 0x13,
	0x1D, 0xC0, 0x24, 0x8B, 0x00, 0x06, 0x00, 0xC3, 0xFF, 0x0C, 0x09, 0x00,
	0x00, 0x00, 0x00, 0x01, 0x0C, 0xEE, 0x00, 0x22, 0x85, 0x8C, 0x0F, 0xE6,
	0x39, 0x27, 0xF1, 0xEF, 0xF9, 0xDF, 0xDF, 0xF6, 0x05, 0xFF, 0xC7, 0xFF,
	0xCC, 0x00, 0x00, 0x96, 0x9F, 0xCC, 0x10, 0x48, 0x81, 0x00, 0x0C, 0x20,
	0x1B, 0x85, 0x0B, 0x00, 0x00, 0x00, 0x00, 0x04, 0x18, 0x2C, 0x00, 0x04,
	0x5E, 0x5F, 0xCB, 0x62, 0xEE, 0xFF, 0x6F, 0x5E, 0xFB, 0xD3, 0xFF, 0xF8,
	0xBD, 0x3F, 0xFD, 0xFE, 0x79, 0xE1, 0xF0, 0x90, 0x6C, 0x47, 0x22, 0x1C,
	0x40, 0x80, 0x37, 0xB0, 0x10, 0x00, 0x14, 0x00, 0x00, 0x00, 0x00, 0x00,
	0x00, 0x03, 0x08, 0x10, 0xFF, 0xFC, 0xE8, 0xC5, 0xFF, 0x03, 0xFF, 0xFD,
	0xCB, 0xA0, 0x7F, 0xF7, 0xC3, 0xF3, 0x7D, 0xFB, 0xD8, 0xE4, 0x20, 0x4E,
	0xCC, 0x24, 0x03, 0xC3, 0xDB, 0x80, 0x80, 0x00, 0x16, 0x18, 0x00, 0x00,
	0x00, 0x00, 0x00, 0x08, 0x60, 0x36, 0x00, 0x01, 0x82, 0x1F, 0x3B, 0x01,
	0xD2, 0x77, 0xFF, 0x7F, 0x2B, 0xB0, 0xFF, 0xFB, 0xFF, 0xF0, 0x1B, 0x01,
	0xDB, 0x51, 0x08, 0xCF, 0xDF, 0x80, 0x04, 0x73, 0x20, 0x91, 0x9F, 0xE0,
	0x5B, 0xAC, 0x07, 0x80, 0x00, 0x00, 0x00, 0x14, 0xC0, 0xC2, 0x02, 0x10,
	0x26, 0xBD, 0x5F, 0xBE, 0x39, 0xFF, 0xF9, 0xF7, 0xEF, 0x3F, 0xDE, 0xFF,
	0xFF, 0xF4, 0xED, 0xFE, 0x03, 0x92, 0x1C, 0xD8, 0x9D, 0xFC, 0x00, 0x12,
	0xFC, 0x7F, 0x3F, 0x70, 0x0A, 0x00, 0x00, 0x00, 0x00, 0x00, 0x00, 0x00,
	0xE0, 0x88, 0x16, 0x02, 0xCF, 0x3F, 0xB0, 0x10, 0x38, 0xFD, 0x7F, 0xFC,
	0x37, 0x3C, 0xC0, 0x08, 0x7F, 0xF9, 0xBF, 0xFF, 0xDF, 0x46, 0x12, 0xD7,
	0xE9, 0x3F, 0x00, 0x08, 0xCE, 0x9F, 0x7C, 0xF3, 0xE0, 0x40, 0x38, 0x00,
	0x03, 0x00, 0x80, 0x10, 0xC1, 0x80, 0x00, 0x34, 0xFD, 0xF7, 0xFF, 0xCC,
	0x6D, 0x76, 0x31, 0xC8, 0x7E, 0x7F, 0x8F, 0xCE, 0xBF, 0xFF, 0xBB, 0xBD,
	0x7A, 0x08, 0x07, 0xF0, 0xFF, 0xE0, 0x38, 0x09, 0xA3, 0xFF, 0x9F, 0x38,
	0x70, 0x00, 0x04, 0x00, 0x00, 0x00, 0x00, 0x30, 0x00, 0x01, 0x40, 0x00,
	0xFF, 0xFC, 0xFF, 0xC0, 0x1E, 0xFE, 0x7D, 0xC9, 0xFF, 0xFF, 0xBF, 0x98,
	0x31, 0xE0, 0xFF, 0x78, 0x39, 0x03, 0xFE, 0x7D, 0xCB, 0xE9, 0xBC, 0xDB,
	0x7F, 0xB3, 0xBF, 0x00, 0x00, 0x00, 0x10, 0x00, 0x09, 0xC0, 0x00, 0x0C,
	0x08, 0x20, 0x08, 0xA0, 0x43, 0xFF, 0x1A, 0xE7, 0x33, 0x45, 0xFB, 0x87,
	0x61, 0x7D, 0xA7, 0x2E, 0x3D, 0xE6, 0xDF, 0xBE, 0xF0, 0x06, 0x6D, 0xFE,
	0xE3, 0x78, 0xDC, 0x4B, 0x7F, 0xBF, 0xBF, 0xC6, 0x00, 0x00, 0x40, 0x00,
	0x02, 0x10, 0x40, 0x41, 0x00, 0x04, 0x40, 0x01, 0xD9, 0xF7, 0xD2, 0x1F,
	0x36, 0x1B, 0xFE, 0xDF, 0xF2, 0xE0, 0xCF, 0x3E, 0xBE, 0xEF, 0xF2, 0x69,
	0x80, 0x00, 0x00, 0x7F, 0x50, 0x1F, 0x7A, 0x7B, 0xC7, 0xF8, 0x1F, 0xA7,
	0x00, 0x40, 0xB1, 0x00, 0x00, 0x00, 0x00, 0x01, 0x00, 0x3C, 0xC6, 0xE0,
	0xF3, 0xEF, 0x0F, 0x91, 0xB6, 0x31, 0x25, 0xF7, 0xE7, 0x7A, 0x7B, 0x3F,
	0x37, 0xF6, 0x7C, 0x1B, 0x00, 0x40, 0x04, 0x07, 0x92, 0x3D, 0xFC, 0x1F,
	0xE0, 0x60, 0x3F, 0xBF, 0x00, 0x98, 0x10, 0x00, 0x00, 0x00, 0x01, 0x84,
	0x00, 0x83, 0x00, 0x20, 0xCC, 0xFB, 0xB9, 0x4F, 0x65, 0x65, 0xC3, 0xE3,
	0x07, 0x72, 0xFF, 0xFB, 0x2F, 0xFE, 0x7C, 0x0B, 0x00, 0x00, 0x90, 0x02,
	0xFB, 0xC6, 0xF0, 0x0B, 0xE3, 0x74, 0x3F, 0x9F, 0x00, 0x0C, 0x14, 0x00,
	0x00, 0x00, 0x0A, 0x00, 0x00, 0x26, 0x81, 0x00, 0xEF, 0xF6, 0x7E, 0xF3,
	0xFB, 0xF9, 0xE1, 0x7E, 0x0B, 0x12, 0xCE, 0x70, 0x77, 0xFC, 0x88, 0x26,
	0x00, 0x00, 0xD0, 0x0A, 0x12, 0x9F, 0xF8, 0x48, 0x6B, 0xFF, 0x6F, 0xBE,
	0x00, 0x4D, 0x00, 0x04, 0x00, 0x00, 0x09, 0x00, 0x05, 0x35, 0x30, 0x01,
	0xF7, 0xAD, 0xC2, 0xEE, 0x40, 0x3C, 0xF2, 0x3C, 0x8C, 0xEB, 0x7F, 0x9B,
	0xFC, 0x3F, 0x8F, 0x60, 0x00, 0x00, 0x08, 0x00, 0x10, 0x1E, 0xF8, 0x59,
	0x20, 0x7F, 0xDB, 0xFF, 0x00, 0x07, 0x10, 0x44, 0x20, 0x00, 0x02, 0x00,
	0x26, 0x1A, 0x80, 0x01, 0xBB, 0xA3, 0x43, 0xB9, 0xC0, 0x1E, 0xD5, 0x0E,
	0xE1, 0x8E, 0x47, 0x01, 0x2D, 0xFD, 0xEE, 0xD0, 0x00, 0x40, 0x00, 0x34,
	0xF9, 0xC5, 0xE5, 0x33, 0xD4, 0xFB, 0xE7, 0xFD, 0x80, 0x00, 0x00, 0x00,
	0x00, 0x00, 0x14, 0x00, 0x22, 0x24, 0x02, 0x33, 0xFE, 0x7A, 0x8E, 0x8E,
	0xB0, 0x22, 0x33, 0x1D, 0x00, 0x18, 0xE5, 0x23, 0xF1, 0xFC, 0x83, 0x87,
	0x00, 0x00, 0x00, 0x3C, 0x92, 0xC9, 0xEB, 0x7C, 0xEE, 0xCD, 0xBF, 0xFA,
	0xC0, 0x18, 0x03, 0x38, 0x02, 0x00, 0x62, 0x00, 0xE8, 0x00, 0x54, 0x10,
	0x77, 0x00, 0x7E, 0x46, 0xFE, 0x41, 0xFD, 0x7B, 0x00, 0x19, 0x99, 0xE3,
	0x03, 0xB8, 0x0F, 0x28, 0x00, 0x0B, 0x00, 0x2F, 0xF8, 0x37, 0x10, 0x24,
	0x07, 0xEE, 0x3F, 0xA3, 0xE0, 0x0F, 0x01, 0x01, 0x00, 0x00, 0x20, 0x01,
	0xD3, 0xB6, 0x20, 0x18, 0x00, 0x41, 0x7E, 0x37, 0x5F, 0x07, 0xFF, 0xFB,
	0x00, 0x08, 0x3B, 0x83, 0xEC, 0x84, 0x6E, 0x00, 0x00, 0x00, 0x80, 0x30,
	0x8E, 0x00, 0x24, 0xA8, 0x01, 0xF5, 0xCD, 0x00, 0x05, 0x39, 0x80, 0x69,
	0x00, 0x00, 0x00, 0x00, 0x08, 0x10, 0x80, 0x10, 0x07, 0xCC, 0x16, 0x3F,
	0xD5, 0xD9, 0xAF, 0x70, 0x87, 0xD7, 0xDF, 0x01, 0xCE, 0x00, 0x1C, 0x00,
	0x00, 0x00, 0x00, 0x11, 0x8F, 0x40, 0x00, 0x00, 0x00, 0xA1, 0xFE, 0x00,
	0x40, 0x0C, 0xC0, 0x00, 0x18, 0x0C, 0x10, 0x00, 0x18, 0x00, 0x00, 0x2D,
	0xFF, 0x68, 0x34, 0xFF, 0xFB, 0xD9, 0x80, 0x20, 0x3F, 0xA1, 0x8F, 0xE0,
	0x00, 0x00, 0x18, 0x00, 0x00, 0x01, 0x00, 0x0F, 0xEE, 0x12, 0x00, 0x00,
	0x01, 0x00, 0x00, 0x04, 0x00, 0x02, 0xE0, 0x02, 0x06, 0x00, 0x00, 0x00,
	0x81, 0x00, 0x00, 0x22, 0x20, 0xA3, 0xF8, 0xFF, 0xFF, 0xF7, 0xDD, 0xF8,
	0x2F, 0x40, 0x1D, 0x80, 0x40, 0x00, 0x30, 0x00, 0x00, 0x03, 0x04, 0x47,
	0x7D, 0x46, 0x00, 0x00, 0x03, 0x20, 0x00, 0x00, 0x00, 0x60, 0xCF, 0x04,
	0x00, 0x20, 0x00, 0x00, 0x00, 0x20, 0x00, 0x4F, 0x00, 0x3E, 0x03, 0xE0,
	0x37, 0x3A, 0x82, 0x54, 0xFA, 0x00, 0x00, 0x00, 0x00, 0x00, 0x00, 0x00,
	0x00, 0x02, 0x00, 0x10, 0x7C, 0x0F, 0xCF, 0xB8, 0x0E, 0x18, 0x00, 0x00,
	0x00, 0x00, 0x70, 0x19, 0xC0, 0x0C, 0x00, 0x53, 0x00, 0x00, 0x00, 0x5F,
	0x80, 0x79, 0xF7, 0xC4, 0x1F, 0xD3, 0xDC, 0xB8, 0x78, 0x00, 0x00, 0x00,
	0x00, 0x00, 0x80, 0x00, 0x00, 0x00, 0x14, 0xC0, 0xBA, 0x0D, 0xE3, 0xFF,
	0xFF, 0xF0, 0x00, 0x00, 0x80, 0x25, 0xB0, 0x3D, 0x98, 0x7F, 0xC0, 0x00,
	0x00, 0x00, 0x00, 0xFA, 0x00, 0xE3, 0xFF, 0xC0, 0x3B, 0xFB, 0xDD, 0xE9,
	0xF0, 0x00, 0x00, 0x00, 0x00, 0x00, 0x00, 0x00, 0x00, 0x00, 0x2C, 0x00,
	0x36, 0xD4, 0x67, 0xFB, 0x6F, 0xF8, 0x04, 0x30, 0xC4, 0x03, 0x40, 0xD7,
	0xF1, 0x19, 0x72, 0x0A, 0x80, 0x10, 0x01, 0xA4, 0x00, 0x57, 0xD7, 0x80,
	0x14, 0x01, 0xD6, 0x07, 0x18, 0x00, 0x00, 0x00, 0x00, 0x06, 0x00, 0x00,
	0x00, 0x00, 0x40, 0x9C, 0xDB, 0x92, 0xE7, 0xDB, 0xFB, 0xB8, 0x00, 0x7F,
	0x3C, 0x87, 0x06, 0x03, 0x64, 0xF7, 0xFB, 0xC0, 0x0A, 0x00, 0x00, 0x28,
	0x00, 0x9F, 0xFE, 0x20, 0x10, 0x0D, 0x60, 0x60, 0xBF, 0x18, 0x00, 0x00,
	0x00, 0x00, 0x00, 0x00, 0x00, 0x01, 0x00, 0xFD, 0x00, 0xDC, 0x9F, 0xFE,
	0x91, 0x10, 0xDF, 0xFA, 0x1F, 0x0A, 0x18, 0x00, 0xFF, 0xFF, 0x7C, 0x74,
	0x00, 0x10, 0x00, 0xF0, 0x00, 0x68, 0xFC, 0x00, 0x5E, 0x06, 0x62, 0x31,
	0x7E, 0x05, 0xE0, 0x00, 0x03, 0xC0, 0x89, 0xC0, 0x01, 0xC1, 0x70, 0xB6,
	0x81, 0x7F, 0xAB, 0xDA, 0x81, 0x2F, 0x7F, 0x60, 0x74, 0x00, 0xC7, 0xC7,
	0xFF, 0xEF, 0xF1, 0x80, 0x80, 0x00, 0x02, 0xEC, 0x01, 0xD7, 0xFE, 0x00,
	0x18, 0x90, 0x04, 0x20, 0x26, 0x0D, 0xF0, 0x07, 0xFB, 0xC2, 0x25, 0xE0,
	0x00, 0x00, 0x21, 0xBF, 0x3A, 0x90, 0xD0, 0xFC, 0x05, 0x25, 0xFF, 0xFF,
	0x00, 0x13, 0xBF, 0x6F, 0xED, 0xFF, 0xF8, 0x70, 0x00, 0x00, 0x06, 0x00,
	0x07, 0x8D, 0xE1, 0x24, 0x3E, 0x00, 0x00, 0x00, 0x00, 0x45, 0xE0, 0x1D,
	0x6F, 0x98, 0x47, 0x9D, 0x00, 0x00, 0x01, 0xEE, 0xC5, 0x49, 0x79, 0xFA,
	0xA3, 0x07, 0xFD, 0xFE, 0x00, 0x1F, 0x3F, 0xF6, 0xB7, 0xF3, 0xF8, 0xB2,
	0x40, 0x00, 0x00, 0x00, 0x7F, 0xF9, 0x90, 0xD6, 0xE1, 0x00, 0x00, 0x00,
	0x02, 0xC0, 0x01, 0xF9, 0x9F, 0x03, 0xE7, 0xE8, 0x94, 0x00, 0x80, 0xE3,
	0x3F, 0x11, 0x61, 0x7F, 0x1F, 0xCE, 0xEF, 0xEF, 0xF0, 0x1C, 0x1F, 0x86,
	0x1F, 0xE1, 0xC1, 0x98, 0x00, 0x00, 0x04, 0x00, 0x7F, 0xF0, 0xF2, 0xE0,
	0xC0, 0x00, 0x00, 0x00, 0x00, 0x00, 0x03, 0xBF, 0xD1, 0x0F, 0xFB, 0x63,
	0x98, 0x00, 0x06, 0xC1, 0x37, 0x19, 0xED, 0x61, 0xFE, 0xA7, 0xE8, 0xEF,
	0xE1, 0x97, 0xDF, 0xBD, 0x77, 0x86, 0x06, 0x3F, 0x40, 0x00, 0x00, 0x04,
	0x00, 0x00, 0x00, 0x00, 0x00, 0x00, 0x00, 0x00, 0x00, 0x00, 0x00, 0x00,
	0x00, 0x00, 0x00, 0x00, 0x00, 0x00, 0x4C, 0x78, 0x41, 0x10, 0xA0, 0x00,
	0x00, 0x00, 0x00, 0x00, 0x60, 0x70, 0x00, 0x00, 0x80, 0x30, 0x00, 0x00,
	0x00, 0x00, 0x00, 0x00, 0x00, 0x00, 0x00, 0x00, 0x00, 0x00, 0x00, 0x00,
	0x00, 0x00, 0x00, 0x00, 0x00, 0x00, 0x00, 0x00, 0x00, 0x00, 0xBE, 0xE8,
	0x91, 0x80, 0x30, 0x00, 0x00, 0x00, 0x00, 0x00, 0x01, 0x8C, 0x20, 0x00,
	0x00, 0x10, 0x00, 0x00, 0x00, 0x00, 0x00, 0x00, 0x00, 0x00, 0x00, 0x00,
	0x00, 0x00, 0x00, 0x00, 0x00, 0x00, 0x00, 0x00, 0x00, 0x00, 0x00, 0x00,
	0x00, 0x01, 0xFB, 0x3C, 0x20, 0x09, 0x20, 0x00, 0xC0, 0x00, 0x00, 0x00,
	0x06, 0x18, 0x00, 0x00, 0x00, 0x00, 0x00, 0x00, 0x00, 0x00, 0x00, 0x00,
	0x00, 0x00, 0x00, 0x00, 0x00, 0x00, 0x00, 0x00, 0x00, 0x00, 0x00, 0x00,
	0x00, 0x00, 0x00, 0x00, 0x00, 0x01, 0x7F, 0xFE, 0x04, 0x02, 0x80, 0x00,
	0x00, 0x00, 0x00, 0x00, 0x22, 0x00, 0x00, 0x00, 0x00, 0x44, 0x00, 0x00,
	0x00, 0x40, 0x08, 0x00, 0x00, 0x00, 0x00, 0x00, 0x00, 0x00, 0x00, 0x00,
	0x00, 0x00, 0x00, 0x00, 0x00, 0x00, 0x00, 0x00, 0x00, 0x00, 0x7F, 0xFE,
	0x00, 0x00, 0x00, 0x02, 0x00, 0x00, 0x00, 0x00, 0x22, 0x00, 0x00, 0x00,
	0x04, 0x00, 0x00, 0x00, 0x00, 0x00, 0x00, 0x00, 0x00, 0x00, 0x00, 0x00,
	0x00, 0x00, 0x00, 0x00, 0x00, 0x00, 0x00, 0x00, 0x00, 0x00, 0x00, 0x00,
	0x00, 0x00, 0x77, 0x3E, 0x02, 0x08, 0x19, 0x00, 0x00, 0x00, 0x00, 0x00,
	0x00, 0xA1, 0x20, 0x00, 0xC4, 0x00, 0x00, 0x00, 0x00, 0x00, 0x31, 0x00,
	0x00, 0x00, 0x00, 0x20, 0x00, 0x00, 0x00, 0x00, 0x00, 0x00, 0x00, 0x00,
	0x00, 0x00, 0x00, 0x00, 0x00, 0x11, 0xF7, 0x5C, 0x41, 0x34, 0x28, 0x10,
	0x00, 0x00, 0x00, 0x00, 0x04, 0x04, 0x20, 0x04, 0x00, 0x00, 0x0E, 0x80,
	0x00, 0x00, 0xC3, 0x00, 0x00, 0x00, 0x06, 0x00, 0x00, 0x00, 0x00, 0x00,
	0x00, 0x00, 0x00, 0x00, 0x00, 0x00, 0x00, 0x00, 0x00, 0x4F, 0xEF, 0xBD,
	0x02, 0x00, 0x04, 0x10, 0x00, 0x00, 0x00, 0x20, 0x24, 0x09, 0x00, 0x10,
	0x00, 0x00, 0x38, 0x80, 0x00, 0x00, 0x28, 0x00, 0x00, 0x04, 0x06, 0x10,
	0x00, 0x00, 0x00, 0x00, 0x00, 0x00, 0x00, 0x00, 0x00, 0x00, 0x00, 0x00,
	0x00, 0x8B, 0xFF, 0xB2, 0x01, 0x54, 0x88, 0x20, 0x00, 0x00, 0x00, 0x00,
	0x02, 0x18, 0x80, 0x00, 0x00, 0x00, 0x70, 0x00, 0x00, 0x00, 0x38, 0x00,
	0x00, 0x01, 0xF7, 0x20, 0x48, 0x00, 0x00, 0x00, 0x02, 0x40, 0x00, 0x00,
	0x00, 0x00, 0x00, 0x00, 0x00, 0x1F, 0xFF, 0xF9, 0xC6, 0x92, 0x80, 0x00,
	0x00, 0x00, 0x00, 0x00, 0x20, 0x19, 0x00, 0x00, 0x00, 0x00, 0x18, 0x80,
	0x00, 0x00, 0x30, 0x00, 0x00, 0x03, 0x98, 0xA0, 0x40, 0x00, 0x00, 0x00,
	0x00, 0x00, 0x00, 0x00, 0x00, 0x00, 0x00, 0x00, 0x00, 0x04, 0xFF, 0xDA,
	0xC5, 0x01, 0x3C, 0x01, 0x00, 0x00, 0x00, 0x00, 0x00, 0x80, 0x00, 0x80,
	0x00, 0x40, 0x00, 0x00, 0x00, 0x0E, 0xB0, 0x00, 0xA0, 0x00, 0x00, 0x0D,
	0xC0, 0x00, 0x00, 0x00, 0x00, 0x1C, 0x00, 0x00, 0x00, 0x00, 0x00, 0x00,
	0x00, 0x31, 0x07, 0x7E, 0xE1, 0x81, 0xF9, 0x00, 0x00, 0x00, 0x00, 0x00,
	0x00, 0x10, 0x00, 0x98, 0x00, 0x42, 0x00, 0x00, 0x00, 0x19, 0x80, 0x00,
	0xF0, 0x00, 0x00, 0x01, 0x80, 0x00, 0x30, 0x00, 0x00, 0x02, 0x00, 0x00,
	0x00, 0x00, 0x00, 0x00, 0x00, 0x03, 0x3F, 0x42, 0xE4, 0x02, 0x13, 0x00,
	0xA0, 0x00, 0x00, 0x00, 0x00, 0x30, 0x00, 0x00, 0x00, 0x00, 0x00, 0x00,
	0x00, 0x01, 0x80, 0xF0, 0xF4, 0x00, 0x00, 0x21, 0x80, 0x00, 0x10, 0x00,
	0x00, 0x01, 0x00, 0x00, 0x00, 0x00, 0x00, 0x00, 0x00, 0x03, 0xBC, 0x05,
	0xC8, 0x30, 0x09, 0x81, 0x80, 0x00, 0x00, 0x00, 0x20, 0x64, 0x20, 0x0C,
	0x00, 0x00, 0x00, 0x00, 0x00, 0x42, 0x91, 0xF0, 0xFC, 0x40, 0x00, 0x54,
	0x00, 0x00, 0x18, 0x00, 0x00, 0x00, 0x80, 0x00, 0x00, 0x00, 0x00, 0x00,
	0x00, 0x03, 0x92, 0x03, 0x00, 0x08, 0x00, 0x01, 0xA0, 0x00, 0x00, 0x04,
	0x22, 0x00, 0x00, 0x14, 0x00, 0x00, 0x00, 0x00, 0x00, 0x24, 0xD7, 0x80,
	0xFE, 0x20, 0x07, 0x10, 0x00, 0x00, 0x18, 0x00, 0x00, 0x00, 0x80, 0x00,
	0x00, 0x00, 0x00, 0x00, 0x00, 0x01, 0x14, 0x39, 0x00, 0x0E, 0x08, 0x00,
	0x00, 0x00, 0x00, 0x04, 0x09, 0x24, 0x00, 0x00, 0x00, 0x00, 0x00, 0x00,
	0x00, 0x08, 0x9E, 0x0C, 0xFE, 0x60, 0x00, 0xAA, 0x00, 0x00, 0x0C, 0x00,
	0x00, 0x00, 0x40, 0x00, 0x00, 0x00, 0x00, 0x00, 0x00, 0x00, 0x00, 0xEF,
	0x00, 0x02, 0x09, 0x02, 0x00, 0x00, 0x00, 0x01, 0x0E, 0x10, 0x00, 0x00,
	0x00, 0x00, 0x00, 0x00, 0x24, 0x01, 0x02, 0x00, 0xFE, 0x20, 0x01, 0xB3,
	0x00, 0x00, 0x1E, 0x00, 0x00, 0x00, 0x00, 0x00, 0x00, 0x00, 0x00, 0x00,
	0x00, 0x4A, 0x7F, 0xBF, 0x00, 0x02, 0x20, 0x00, 0x00, 0x00, 0x00, 0x00,
	0x10, 0x10, 0x00, 0x00, 0x00, 0x00, 0x00, 0x00, 0x03, 0x85, 0x00, 0x08,
	0xFF, 0x8C, 0x81, 0x3E, 0x00, 0x00, 0x0E, 0x00, 0x00, 0x00, 0x20, 0x00,
	0x00, 0x00, 0x00, 0x00, 0x00, 0x3D, 0xFE, 0x6F, 0x00, 0x00, 0xA4, 0x02,
	0x00, 0x00, 0x00, 0x03, 0x00, 0x00, 0x00, 0x00, 0x00, 0x00, 0x00, 0x00,
	0x16, 0x00, 0x00, 0x68, 0xFF, 0x80, 0x00, 0x2C, 0x00, 0x00, 0x0F, 0x00,
	0x00, 0x00, 0x10, 0x00, 0x00, 0x00, 0x00, 0x00, 0x00, 0x0B, 0x5F, 0xE7,
	0x24, 0x02, 0x00, 0x01, 0x00, 0x00, 0x00, 0x01, 0xA0, 0x00, 0x00, 0x18,
	0x00, 0x00, 0x01, 0x00, 0x14, 0x00, 0x10, 0x16, 0xFF, 0x90, 0x00, 0x02,
	0x00, 0x00, 0x0F, 0x80, 0x00, 0x00, 0x10, 0x00, 0x00, 0x00, 0x00, 0x00,
	0x00, 0x16, 0xF1, 0xFC, 0x20, 0x01, 0x00, 0x00, 0x00, 0x00, 0x00, 0x00,
	0xC0, 0x10, 0x00, 0x05, 0x00, 0x00, 0x1A, 0x00, 0x16, 0x09, 0x42, 0x00,
	0xFF, 0x80, 0x00, 0x0B, 0x00, 0x00, 0x07, 0xC0, 0x00, 0x08, 0x08, 0x00,
	0x00, 0x00, 0x00, 0x00, 0x00, 0x0C, 0xE7, 0xFC, 0xD0, 0x08, 0x00, 0x00,
	0x00, 0x00, 0x00, 0x60, 0x00, 0x00, 0x00, 0x04, 0x00, 0x80, 0x10, 0x00,
	0x02, 0x0A, 0x18, 0x00, 0xFF, 0xF4, 0x81, 0x00, 0xA0, 0x00, 0x07, 0xC0,
	0x00, 0x00, 0x00, 0x00, 0x00, 0x00, 0x00, 0x00, 0x00, 0x45, 0xFF, 0xFD,
	0x01, 0x08, 0x00, 0x00, 0x00, 0x00, 0x00, 0x04, 0x00, 0x40, 0x04, 0x00,
	0x00, 0x00, 0x12, 0x00, 0x10, 0x18, 0x00, 0x00, 0xBF, 0xF4, 0x8B, 0x80,
	0x20, 0x01, 0x0F, 0xE0, 0x00, 0x00, 0x04, 0x00, 0x00, 0x00, 0x00, 0x00,
	0x00, 0x44, 0x7F, 0xBE, 0x00, 0x57, 0x10, 0x00, 0x00, 0x00, 0x00, 0x01,
	0x10, 0x00, 0x00, 0x00, 0x00, 0x00, 0x00, 0x00, 0x18, 0x08, 0x10, 0x00,
	0xFF, 0xFC, 0xB1, 0xC0, 0x30, 0x00, 0x1F, 0xF0, 0x00, 0x00, 0x02, 0x00,
	0x00, 0x00, 0x00, 0x00, 0x00, 0x05, 0xF8, 0x60, 0x00, 0x90, 0x22, 0x00,
	0x00, 0x00, 0x00, 0x10, 0x40, 0x00, 0x00, 0x00, 0x80, 0x00, 0x00, 0x00,
	0x22, 0x0C, 0x70, 0x98, 0xFF, 0xFC, 0xC1, 0xE0, 0x00, 0x00, 0x33, 0xF8,
	0x00, 0x00, 0x00, 0x00, 0x08, 0x00, 0x00, 0x00, 0x01, 0xEF, 0xFD, 0x43,
	0x90, 0x50, 0x00, 0x00, 0x00, 0x00, 0x00, 0x01, 0x00, 0x0C, 0x04, 0x00,
	0x80, 0x40, 0x3E, 0x00, 0x60, 0x44, 0x50, 0x40, 0xFF, 0xFC, 0xE1, 0xE0,
	0x00, 0x00, 0x0F, 0xFC, 0x00, 0x00, 0x41, 0x00, 0x04, 0x00, 0x00, 0x00,
	0x01, 0xDF, 0x9F, 0x80, 0x02, 0x26, 0x04, 0x00, 0x00, 0x00, 0x00, 0x40,
	0x00, 0x06, 0x10, 0x80, 0x80, 0xC0, 0x22, 0x00, 0x1C, 0x48, 0x80, 0x00,
	0xFF, 0xFF, 0xC5, 0xC0, 0x00, 0x00, 0x03, 0xFC, 0x00, 0x80, 0x01, 0x00,
	0x02, 0x00, 0x00, 0x00, 0x00, 0x9F, 0x70, 0x02, 0x0A, 0x22, 0x01, 0x80,
	0x00, 0x00, 0x00, 0x08, 0x0C, 0x00, 0x98, 0xC0, 0x10, 0x00, 0x02, 0xC0,
	0x10, 0x0C, 0xD1, 0x00, 0xFF, 0xFF, 0xCE, 0x60, 0x04, 0x04, 0x01, 0xFE,
	0x00, 0x00, 0x40, 0x80, 0x00, 0x00, 0x00, 0x00, 0x03, 0x5C, 0x7A, 0x80,
	0x08, 0x00, 0x09, 0x80, 0x00, 0x00, 0x00, 0x03, 0x4A, 0x00, 0x08, 0x03,
	0x98, 0x00, 0x13, 0x20, 0x00, 0x10, 0x03, 0x10, 0xFF, 0xFF, 0xCE, 0x30,
	0x06, 0x08, 0x83, 0xFF, 0x00, 0x00, 0x00, 0x80, 0x00, 0x80, 0x00, 0x00,
	0x00, 0xFF, 0x76, 0xF4, 0x04, 0x80, 0x01, 0x88, 0x00, 0x00, 0x00, 0x01,
	0x01, 0x20, 0x80, 0x03, 0xD8, 0x00, 0x03, 0x00, 0x09, 0x30, 0x00, 0x04,
	0xFF, 0xFF, 0xCF, 0xD0, 0x06, 0x10, 0x0B, 0xFF, 0xA0, 0x00, 0x00, 0x00,
	0x08, 0x00, 0x00, 0x00, 0x01, 0xEE, 0xF8, 0x20, 0x00, 0x10, 0x00, 0x18,
	0x00, 0x00, 0x00, 0x00, 0x20, 0x04, 0x00, 0x03, 0xD0, 0x00, 0x01, 0x00,
	0x02, 0x00, 0x5A, 0x01, 0xFF, 0xFF, 0xEF, 0xF1, 0x03, 0x00, 0x03, 0xFF,
	0x80, 0x00, 0x00, 0x00, 0x00, 0x60, 0x00, 0x00, 0x02, 0x34, 0x9A, 0x34,
	0x12, 0x00, 0x23, 0xA8, 0x00, 0x00, 0x00, 0x12, 0x40, 0x00, 0x00, 0x43,
	0xC0, 0x00, 0x00, 0x00, 0x00, 0x80, 0x1A, 0x00, 0xFF, 0xFF, 0xFF, 0xFF,
	0x03, 0x88, 0x00, 0xFB, 0xE0, 0x00, 0x00, 0x00, 0x00, 0x08, 0x00, 0x00,
	0x02, 0xF7, 0xE6, 0x60, 0x44, 0x0C, 0x00, 0xC0, 0x00, 0x00, 0x00, 0x49,
	0x80, 0x60, 0x00, 0x03, 0xC0, 0x00, 0x82, 0x00, 0x09, 0x04, 0x14, 0x00,
	0xFF, 0xFF, 0xFF, 0xFF, 0xC0, 0xC0, 0x1C, 0xFF, 0xE0, 0x00, 0x00, 0x80,
	0x18, 0x88, 0x00, 0x00, 0x01, 0xC7, 0x8F, 0x44, 0x40, 0x00, 0x03, 0x90,
	0x20, 0x00, 0x00, 0x04, 0x80, 0x00, 0x00, 0x03, 0xE0, 0x00, 0x04, 0x00,
	0x0C, 0x69, 0x29, 0x00, 0xFF, 0xFF, 0xFF, 0xFF, 0xE9, 0x20, 0x3F, 0xFF,
	0xF4, 0x00, 0x00, 0x40, 0x04, 0x04, 0x00, 0x00, 0x05, 0x51, 0x36, 0x46,
	0x00, 0x00, 0x8A, 0x80, 0x00, 0x00, 0x00, 0x43, 0x88, 0x04, 0x00, 0x03,
	0xF0, 0x00, 0x00, 0x00, 0x20, 0x31, 0x00, 0x80, 0xFF, 0xFF, 0xFF, 0xFF,
	0xFD, 0x10, 0x0F, 0xFF, 0xFC, 0x20, 0x00, 0x40, 0x00, 0x04, 0x00, 0x00,
	0x04, 0x50, 0xFB, 0xE6, 0x04, 0x00, 0x47, 0x00, 0x20, 0x00, 0x00, 0x20,
	0x00, 0x00, 0x01, 0x03, 0xE8, 0x40, 0x00, 0x00, 0x00, 0x66, 0x02, 0x30,
	0xFE, 0xFF, 0xFF, 0xFF, 0xFD, 0xC0, 0x03, 0xFF, 0xFF, 0x80, 0x00, 0x20,
	0x40, 0xC2, 0x00, 0x00, 0x00, 0x31, 0xFF, 0xE3, 0x04, 0x10, 0x04, 0x08,
	0x20, 0x00, 0x00, 0x00, 0x02, 0x60, 0x20, 0x03, 0xF8, 0x00, 0x40, 0x20,
	0x04, 0x41, 0x10, 0x11, 0xFF, 0xFF, 0xFF, 0xFF, 0xFF, 0xF8, 0x1D, 0xFF,
	0xBF, 0x88, 0x00, 0x60, 0x00, 0x41, 0x00, 0x00, 0x00, 0x0F, 0xFD, 0x6E,
	0x0C, 0x04, 0x0A, 0x80, 0x00, 0x00, 0x00, 0x00, 0x17, 0x10, 0x19, 0x23,
	0xD8, 0x00, 0x80, 0x23, 0x00, 0x03, 0x00, 0x42, 0xFF, 0xFF, 0xDF, 0xFF,
	0xFF, 0xFE, 0x0F, 0x3F, 0xBC, 0x18, 0x3F, 0x70, 0x00, 0x00, 0x80, 0x00,
	0x01, 0xFC, 0xFE, 0x4C, 0x10, 0x04, 0x10, 0x00, 0x00, 0x00, 0x00, 0x00,
	0x82, 0x2D, 0x00, 0x23, 0xF8, 0x61, 0x00, 0x06, 0x01, 0x0A, 0xE0, 0x02,
	0x7F, 0xFF, 0xFF, 0xFF, 0xFF, 0xFF, 0x03, 0xDF, 0xFC, 0x04, 0x10, 0x72,
	0x00, 0x00, 0x00, 0x00, 0x07, 0xF9, 0xF8, 0x1C, 0x01, 0x18, 0x00, 0x00,
	0x06, 0x00, 0x00, 0x00, 0x68, 0x3F, 0x00, 0x01, 0xF8, 0x60, 0x00, 0x04,
	0x04, 0x41, 0xB0, 0x07, 0x7F, 0xFF, 0xF7, 0xBB, 0xFF, 0xFF, 0x91, 0xFF,
	0xF4, 0x0C, 0x20, 0xE8, 0x02, 0x20, 0x40, 0x00, 0x0F, 0xEF, 0xF0, 0x38,
	0x01, 0x93, 0x00, 0x40, 0x00, 0x00, 0x00, 0x12, 0x1A, 0xBD, 0x00, 0x01,
	0xF8, 0x60, 0x00, 0x00, 0x64, 0x00, 0x20, 0x01, 0x5E, 0x7F, 0xFB, 0x21,
	0xFF, 0xF7, 0xFD, 0xDF, 0xF4, 0x0F, 0x82, 0x6C, 0x00, 0x08, 0x00, 0x00,
	0x01, 0xD7, 0xF0, 0x62, 0xA7, 0x02, 0x80, 0x00, 0x00, 0x80, 0x04, 0x00,
	0x18, 0x1E, 0x00, 0x07, 0xF8, 0x70, 0x00, 0x00, 0x8C, 0x0A, 0x00, 0x80,
	0x17, 0x1F, 0xFF, 0x10, 0xEF, 0xF7, 0xFF, 0xC7, 0xFC, 0x06, 0x03, 0x00,
	0x00, 0x00, 0x10, 0x00, 0x07, 0xCE, 0x81, 0x90, 0x00, 0x00, 0x02, 0x00,
	0x00, 0x00, 0x01, 0x40, 0x68, 0x00, 0x00, 0xA1, 0xF8, 0x70, 0x08, 0x00,
	0x11, 0x00, 0x09, 0x82, 0x0F, 0x3F, 0xF9, 0x44, 0x8D, 0xFF, 0xFF, 0xF7,
	0xE4, 0x3E, 0x07, 0x72, 0x00, 0x00, 0x08, 0x00, 0x03, 0xFF, 0x82, 0x80,
	0x00, 0x84, 0x00, 0x00, 0x00, 0x00, 0x00, 0x9C, 0x60, 0x00, 0x00, 0x01,
	0xF8, 0x60, 0x00, 0x00, 0x30, 0x01, 0x00, 0x00, 0x49, 0xBF, 0xF1, 0x58,
	0x08, 0xFF, 0xF7, 0xFB, 0xF8, 0x3E, 0x0C, 0x41, 0x00, 0x00, 0x00, 0x00,
	0x0E, 0x7F, 0xC6, 0x88, 0x20, 0x40, 0x00, 0x0C, 0x04, 0x00, 0x01, 0x12,
	0x20, 0x30, 0x00, 0x01, 0xF8, 0x70, 0x03, 0x00, 0x22, 0x80, 0xB8, 0x01,
	0x80, 0x8F, 0xF0, 0x8C, 0x08, 0xDF, 0x9F, 0xFA, 0x60, 0x3F, 0x04, 0x51,
	0xA0, 0x00, 0x88, 0x00, 0x1E, 0x06, 0x83, 0x80, 0x08, 0x00, 0x00, 0x04,
	0x00, 0x00, 0x00, 0x00, 0xC0, 0x00, 0x00, 0x01, 0xF8, 0x10, 0x00, 0x00,
	0x09, 0x94, 0x68, 0x00, 0x01, 0x37, 0xF9, 0x1C, 0x08, 0xC5, 0xF9, 0xBF,
	0x00, 0x43, 0x05, 0x38, 0x00, 0x00, 0xB0, 0x00, 0x1E, 0x04, 0x06, 0x00,
	0xC0, 0xC0, 0x02, 0x00, 0x00, 0x00, 0x01, 0x11, 0x61, 0x00, 0x00, 0x01,
	0x78, 0x70, 0x00, 0x00, 0x10, 0x60, 0x10, 0x00, 0x05, 0x27, 0xF1, 0x18,
	0x09, 0x8A, 0xF8, 0x6F, 0xC0, 0x03, 0x37, 0xD8, 0x00, 0x00, 0x9C, 0x00,
	0x0C, 0x0D, 0x83, 0xB8, 0x00, 0x80, 0x00, 0x40, 0x00, 0x00, 0x00, 0x48,
	0x10, 0x01, 0x00, 0x01, 0xF8, 0x78, 0x01, 0x00, 0x00, 0x38, 0x10, 0x00,
	0x04, 0x27, 0xC8, 0x10, 0x08, 0x43, 0x1E, 0xDF, 0xC4, 0x07, 0xBF, 0xFC,
	0x00, 0x01, 0xCE, 0x00, 0x00, 0x37, 0x01, 0xC4, 0x04, 0x00, 0x00, 0x10,
	0x00, 0x00, 0x01, 0x10, 0x00, 0x04, 0x40, 0x01, 0xF8, 0x70, 0x08, 0x00,
	0x00, 0x18, 0x00, 0x00, 0x00, 0x00, 0xC8, 0x00, 0x20, 0x60, 0x1F, 0x88,
	0x61, 0x27, 0xFF, 0xFE, 0x10, 0x00, 0x0A, 0x00, 0x00, 0x26, 0x03, 0xCC,
	0x10, 0x00, 0x0C, 0x30, 0x00, 0x00, 0x00, 0x22, 0x80, 0x01, 0xC0, 0x01,
	0x78, 0x7E, 0x00, 0x04, 0x40, 0x0C, 0x08, 0x00, 0x02, 0x01, 0x80, 0x00,
	0x20, 0x40, 0x03, 0x48, 0x7E, 0x0F, 0xFF, 0xF9, 0x0A, 0x00, 0x04, 0x00,
	0x00, 0x1D, 0x80, 0x82, 0x40, 0x00, 0x00, 0xA0, 0x00, 0x00, 0x80, 0x00,
	0x80, 0x0A, 0x00, 0x43, 0xE8, 0x78, 0x80, 0x08, 0x0C, 0x88, 0x10, 0x00,
	0x00, 0xC0, 0x44, 0x00, 0x00, 0x00, 0x01, 0x10, 0xFF, 0x2F, 0xFF, 0xFE,
	0x78, 0x00, 0x01, 0x00, 0x00, 0x1D, 0x8F, 0xA0, 0x00, 0x00, 0x00, 0x38,
	0x01, 0x00, 0x18, 0x08, 0x00, 0x0E, 0x00, 0x03, 0xFC, 0x78, 0xE0, 0x24,
	0x10, 0x00, 0x60, 0x00, 0x02, 0xC1, 0x13, 0x00, 0x00, 0x00, 0x00, 0x70,
	0xCF, 0x83, 0xFF, 0xBF, 0xDC, 0x00, 0x00, 0x00, 0x00, 0xD4, 0x6F, 0x90,
	0x40, 0x10, 0x00, 0x30, 0x10, 0x00, 0x76, 0x48, 0x00, 0x07, 0x00, 0x03,
	0xFC, 0x79, 0xF4, 0x30, 0x40, 0x1E, 0x60, 0x04, 0x41, 0x9A, 0x11, 0x80,
	0x00, 0x00, 0x00, 0x50, 0x0D, 0xC2, 0xFF, 0xFE, 0x7E, 0x00, 0x00, 0x00,
	0x00, 0x7C, 0x1C, 0x11, 0x00, 0x00, 0x22, 0xB8, 0x00, 0x00, 0x00, 0x80,
	0x00, 0x0C, 0x00, 0x03, 0xFC, 0x78, 0x06, 0xA8, 0x60, 0x03, 0x00, 0x00,
	0x01, 0x16, 0x08, 0xC0, 0x00, 0x00, 0x00, 0x00, 0x02, 0x43, 0xFF, 0xFE,
	0x66, 0x00, 0x00, 0x00, 0x00, 0x7D, 0x3C, 0x7A, 0x00, 0x00, 0x04, 0xFC,
	0x00, 0x00, 0x00, 0x24, 0x40, 0x06, 0x20, 0x03, 0xFC, 0x7A, 0x8B, 0x78,
	0x80, 0x60, 0x10, 0x04, 0x20, 0x02, 0xC2, 0xC0, 0x00, 0x03, 0x80, 0x00,
	0x00, 0x67, 0xFB, 0xF2, 0x47, 0x80, 0x08, 0x00, 0x01, 0xF9, 0xC6, 0x0C,
	0x40, 0x04, 0x00, 0x78, 0x00, 0x00, 0x04, 0x04, 0x00, 0x0F, 0x10, 0x02,
	0xFC, 0x79, 0x0A, 0x02, 0x00, 0x00, 0x12, 0x00, 0x62, 0x01, 0x24, 0xA0,
	0x00, 0x00, 0x60, 0x00, 0x04, 0x37, 0xFD, 0xBF, 0x46, 0x00, 0x00, 0x00,
	0x01, 0xFB, 0x74, 0xED, 0x00, 0x02, 0x01, 0x28, 0x00, 0x00, 0x02, 0x18,
	0x02, 0x84, 0x00, 0x03, 0xFC, 0x7E, 0x28, 0x20, 0x28, 0x20, 0x02, 0x80,
	0x12, 0x00, 0x24, 0x70, 0x00, 0x00, 0x0C, 0x00, 0x00, 0x2F, 0xF8, 0x0E,
	0x67, 0x00, 0x00, 0x00, 0x1F, 0xFB, 0xF0, 0x7C, 0x00, 0x00, 0x03, 0x30,
	0x00, 0x00, 0x00, 0x03, 0x00, 0xB0, 0x00, 0x41, 0xFC, 0x7E, 0x04, 0x05,
	0xF0, 0xC4, 0x00, 0x00, 0x4A, 0x01, 0x3C, 0x5E, 0x00, 0x0B, 0x70, 0x00,
	0x00, 0x1F, 0xF8, 0x5C, 0x85, 0x00, 0x00, 0x00, 0x07, 0xFF, 0x8A, 0x59,
	0xE0, 0x00, 0x04, 0x78, 0xC8, 0x00, 0x00, 0x46, 0x69, 0x41, 0x00, 0x46,
	0xFC, 0x3E, 0x01, 0x01, 0x26, 0x02, 0x10, 0x00, 0x60, 0x05, 0x4D, 0xDC,
	0x00, 0x00, 0xF0, 0x00, 0x04, 0x1F, 0xFD, 0x05, 0x22, 0x00, 0x02, 0x00,
	0x07, 0xE6, 0x02, 0xD4, 0x00, 0x30, 0x00, 0xF8, 0x00, 0x00, 0x06, 0xAC,
	0x00, 0x00, 0x00, 0x4E, 0x7C, 0x7E, 0x4F, 0x02, 0x13, 0x01, 0x80, 0x00,
	0x68, 0x03, 0x4C, 0xD5, 0x00, 0x02, 0xE0, 0x00, 0x00, 0x0F, 0xFF, 0x8F,
	0x00, 0x00, 0x00, 0x00, 0x01, 0xAA, 0x0F, 0x4D, 0x30, 0x00, 0x00, 0x78,
	0x10, 0x00, 0x00, 0x08, 0x00, 0x90, 0x00, 0x04, 0x7C, 0x6C, 0x56, 0x42,
	0x8A, 0x60, 0x80, 0x00, 0xF8, 0x06, 0x1C, 0xC1, 0x00, 0x01, 0xC0, 0x00,
	0x08, 0x03, 0xF3, 0xB0, 0x80, 0x00, 0x00, 0x00, 0x01, 0xDE, 0x9E, 0x00,
	0x60, 0x05, 0x00, 0x78, 0x12, 0x00, 0x00, 0x00, 0x00, 0x20, 0x02, 0x75,
	0xBC, 0x7C, 0x30, 0x00, 0x90, 0x80, 0x00, 0x00, 0x7C, 0x0C, 0x1B, 0x11,
	0xD0, 0x00, 0xE0, 0x00, 0x00, 0x01, 0xFF, 0xF0, 0x02, 0x00, 0x00, 0x00,
	0x03, 0xAA, 0x3C, 0x00, 0x04, 0x00, 0x00, 0x3A, 0x00, 0x00, 0x78, 0x00,
	0x00, 0x1A, 0x02, 0x22, 0x3C, 0x7C, 0x70, 0x04, 0x54, 0x20, 0x00, 0x00,
	0xFF, 0x04, 0x71, 0x38, 0xF8, 0x00, 0xF0, 0x00, 0x40, 0x01, 0xFD, 0xD0,
	0x02, 0x00, 0x00, 0x00, 0x1F, 0xF3, 0xB4, 0x40, 0x02, 0x00, 0x10, 0x38,
	0x00, 0x00, 0x47, 0x60, 0x00, 0x00, 0x02, 0x15, 0xBE, 0x78, 0x64, 0x04,
	0x04, 0x40, 0x80, 0x00, 0xAF, 0x04, 0x11, 0xAC, 0x73, 0x40, 0x60, 0x00,
	0x48, 0x00, 0x9F, 0x00, 0x07, 0x80, 0x10, 0x00, 0x03, 0xFF, 0xF0, 0x42,
	0x46, 0x00, 0x10, 0x3C, 0x00, 0x00, 0x00, 0x00, 0x00, 0x00, 0x40, 0x3A,
	0x7E, 0x7D, 0x38, 0x01, 0x10, 0x00, 0x00, 0x00, 0x2B, 0x80, 0xA0, 0xB0,
	0xB0, 0x00, 0x30, 0xC0, 0x00, 0x00, 0x5C, 0x70, 0x47, 0x80, 0x00, 0x10,
	0x3B, 0xFD, 0xE8, 0x00, 0x40, 0x00, 0x00, 0xBC, 0x00, 0x00, 0x00, 0xC7,
	0x80, 0x00, 0x10, 0x0C, 0x7E, 0x7D, 0x10, 0x00, 0x68, 0x01, 0x80, 0x10,
	0xE3, 0xF8, 0xB0, 0x7F, 0x31, 0x00, 0x40, 0x40, 0x00, 0x00, 0x7F, 0xF8,
	0xF1, 0x10, 0x00, 0x10, 0x7F, 0x7B, 0x62, 0x01, 0x42, 0x20, 0x81, 0xFE,
	0x00, 0x00, 0x38, 0x00, 0x00, 0x04, 0x20, 0x02, 0x3E, 0x3F, 0x06, 0x00,
	0x08, 0x01, 0x00, 0x05, 0xF9, 0x7F, 0xE0, 0x6C, 0xF8, 0x04, 0x00, 0x00,
	0x00, 0x00, 0x3F, 0xFC, 0xF2, 0x40, 0x00, 0x00, 0x3E, 0x79, 0x00, 0x00,
	0x10, 0x00, 0x60, 0xFC, 0x01, 0x00, 0x00, 0xF8, 0x00, 0x1C, 0x00, 0x89,
	0xFE, 0x3E, 0x00, 0x00, 0x28, 0x20, 0x00, 0x00, 0xBE, 0x3F, 0x40, 0x1E,
	0xFC, 0x40, 0x00, 0x00, 0x00, 0x00, 0x3F, 0xFF, 0xF0, 0x04, 0x00, 0x02,
	0x0F, 0xFC, 0x40, 0x03, 0x00, 0x00, 0x01, 0xFE, 0x00, 0x00, 0x02, 0xA4,
	0x00, 0x00, 0x00, 0x24, 0xFE, 0x3E, 0x00, 0x00, 0x40, 0x00, 0x00, 0xC0,
	0x9D, 0xBF, 0xC0, 0x17, 0x72, 0x40, 0x00, 0x00, 0x00, 0x00, 0x1F, 0xFF,
	0xF1, 0x00, 0x00, 0x00, 0x00, 0xF1, 0x00, 0x81, 0xA0, 0x40, 0x00, 0xFC,
	0x08, 0x00, 0x03, 0x50, 0x00, 0x02, 0x0C, 0x51, 0x7E, 0x3C, 0x00, 0x00,
	0xC8, 0x20, 0x01, 0x02, 0x4F, 0xEF, 0xC0, 0x02, 0x6C, 0xC0, 0x20, 0x00,
	0x00, 0x00, 0x1C, 0x3F, 0xE1, 0x00, 0x00, 0x00, 0x07, 0xBB, 0x45, 0x18,
	0x00, 0x00, 0x00, 0x78, 0x00, 0x08, 0x00, 0x06, 0x10, 0x08, 0x00, 0x01,
	0xFE, 0x3E, 0x00, 0x00, 0x80, 0x00, 0x42, 0x28, 0x41, 0xA3, 0xE0, 0x00,
	0x0D, 0x40, 0x00, 0x00, 0x00, 0x00, 0x0C, 0x1F, 0x83, 0x81, 0x20, 0x00,
	0x7F, 0x7A, 0x67, 0xE0, 0x02, 0x00, 0x00, 0x7C, 0x00, 0x00, 0x00, 0x14,
	0x00, 0x02, 0x00, 0x20, 0xB6, 0x7E, 0x00, 0x00, 0x1E, 0x00, 0x00, 0x08,
	0xC9, 0xA0, 0xF0, 0x00, 0x3F, 0x29, 0x00, 0x00, 0x00, 0x00, 0x07, 0xFF,
	0x81, 0xC8, 0x60, 0x01, 0xDF, 0xF2, 0x05, 0x82, 0xA0, 0x00, 0x00, 0xDA,
	0x00, 0x00, 0x00, 0x19, 0x00, 0x00, 0x02, 0x20, 0xF2, 0x7E, 0x00, 0x00,
	0x18, 0x00, 0x00, 0x02, 0x3A, 0x3E, 0x78, 0x00, 0x5A, 0x46, 0x08, 0x00,
	0x00, 0x00, 0x01, 0xEF, 0x07, 0xE7, 0x00, 0x01, 0xFF, 0x3B, 0xC4, 0x00,
	0x08, 0x00, 0x00, 0xF0, 0x00, 0x00, 0x00, 0x00, 0x00, 0x00, 0x00, 0x00,
	0xF6, 0x7F, 0x00, 0x00, 0x00, 0x20, 0x00, 0x00, 0x93, 0x9B, 0x5E, 0x00,
	0x38, 0x34, 0x00, 0x00, 0x00, 0x00, 0x00, 0xFF, 0x2F, 0xE0, 0x80, 0x03,
	0x98, 0x7F, 0x40, 0x00, 0x01, 0x08, 0x00, 0xF8, 0x00, 0x00, 0x01, 0x28,
	0x04, 0x00, 0x02, 0x10, 0xF6, 0x3F, 0x00, 0x00, 0x00, 0x00, 0x00, 0x00,
	0x2C, 0xAE, 0xF7, 0x00, 0x6A, 0x04, 0x02, 0x00, 0x00, 0x00, 0x00, 0x3F,
	0x8F, 0xF0, 0x00, 0x3F, 0x9A, 0x7F, 0x28, 0x84, 0x40, 0x0B, 0x80, 0xFC,
	0x00, 0x00, 0x00, 0x78, 0x08, 0x00, 0x07, 0xE0, 0xF7, 0xBE, 0x84, 0x0E,
	0x80, 0x28, 0x01, 0x10, 0x10, 0xB3, 0xB1, 0xC0, 0x38, 0x01, 0x22, 0x00,
	0x00, 0x00, 0x00, 0x07, 0xD3, 0xE8, 0x00, 0x7F, 0x74, 0x2D, 0x70, 0x00,
	0x10, 0x0A, 0x00, 0xDD, 0x20, 0x00, 0x00, 0x40, 0x12, 0x00, 0x01, 0x80,
	0xBD, 0x3F, 0x20, 0x00, 0x00, 0x21, 0x00, 0xA1, 0x9E, 0x9E, 0x91, 0xE0,
	0x3C, 0x01, 0x20, 0x00, 0x00, 0x00, 0x00, 0x01, 0xE3, 0xFB, 0x00, 0x7F,
	0xCF, 0xAB, 0x41, 0x04, 0x00, 0x08, 0x08, 0x66, 0x00, 0x00, 0x00, 0x01,
	0x00, 0x00, 0x00, 0x43, 0x7F, 0xB8, 0x00, 0x00, 0x20, 0x02, 0x00, 0x12,
	0x01, 0xF9, 0xE9, 0x68, 0x6E, 0x01, 0xAA, 0x00, 0x00, 0x00, 0x00, 0x00,
	0xEF, 0xFF, 0x00, 0x07, 0x96, 0xDC, 0x40, 0x00, 0x24, 0x00, 0x00, 0x01,
	0xC0, 0x00, 0x00, 0x00, 0x20, 0x80, 0x03, 0x11, 0x5F, 0x30, 0x00, 0x00,
	0x03, 0xC0, 0x80, 0x20, 0x40, 0xE5, 0x61, 0x08, 0x6A, 0x81, 0x6A, 0x20,
	0x00, 0x00, 0x00, 0x00, 0xEF, 0xFF, 0x80, 0x0F, 0xFF, 0xFC, 0x40, 0x88,
	0x03, 0x48, 0x04, 0x40, 0x04, 0x58, 0x00, 0x00, 0x01, 0x00, 0x00, 0x92,
	0x7F, 0x10, 0x00, 0x00, 0x00, 0x50, 0x00, 0x04, 0x00, 0x10, 0x06, 0x8F,
	0x30, 0x01, 0x14, 0x00, 0x00, 0x00, 0x00, 0x00, 0x77, 0xFF, 0xC0, 0x0D,
	0xBB, 0xFC, 0x63, 0x00, 0x81, 0x1C, 0x00, 0xD2, 0x20, 0x1C, 0x00, 0x85,
	0x09, 0x80, 0x24, 0x50, 0x7F, 0xC0, 0x00, 0x10, 0x01, 0x04, 0x00, 0x00,
	0xE8, 0x0C, 0x60, 0x2B, 0xFA, 0x00, 0x31, 0x00, 0x10, 0x00, 0x00, 0x00,
	0x73, 0xFD, 0xFC, 0x0E, 0x9F, 0x2C, 0xBA, 0x15, 0xD8, 0x2C, 0x00, 0x20,
	0x00, 0x1A, 0x04, 0x06, 0x09, 0x62, 0xB0, 0x00, 0x7F, 0x60, 0x00, 0xC6,
	0x02, 0x0E, 0x00, 0xA2, 0x30, 0xE6, 0x91, 0x1F, 0xBA, 0x00, 0x0C, 0x00,
	0x00, 0x00, 0x00, 0x00, 0x63, 0xF9, 0xC0, 0x2A, 0x3F, 0xBD, 0x1A, 0x68,
	0x70, 0x04, 0x00, 0x11, 0x00, 0x10, 0x00, 0x90, 0x01, 0xB6, 0x00, 0x87,
	0xDF, 0x0C, 0x80, 0x00, 0x09, 0x08, 0x00, 0xC0, 0x8E, 0x88, 0xDA, 0x01,
	0x7E, 0x00, 0x03, 0x24, 0x24, 0x00, 0x00, 0x00, 0x27, 0xFF, 0xC0, 0x30,
	0x3E, 0xA0, 0x19, 0xC2, 0x00, 0x05, 0x00, 0x10, 0x00, 0x40, 0x11, 0x00,
	0x00, 0x08, 0x50, 0x43, 0x7B, 0x13, 0x20, 0x00, 0x10, 0x1C, 0x00, 0x00,
	0xD8, 0x28, 0xEF, 0x07, 0x21, 0x00, 0x08, 0x2C, 0x34, 0x00, 0x00, 0x00,
	0x37, 0xFF, 0xC0, 0x30, 0x7F, 0x64, 0x08, 0x07, 0x80, 0x04, 0x00, 0x38,
	0x00, 0x00, 0x00, 0xB8, 0x00, 0x20, 0x12, 0x00, 0xBD, 0x22, 0x4F, 0x00,
	0x43, 0x00, 0x00, 0x01, 0xE0, 0xBA, 0x5E, 0x81, 0xEB, 0x80, 0x12, 0x0E,
	0x18, 0x08, 0x00, 0x00, 0x16, 0xFF, 0xE0, 0x31, 0xF7, 0xCC, 0x00, 0x03,
	0x08, 0x66, 0x18, 0x48, 0x00, 0x05, 0x82, 0x8C, 0x01, 0x64, 0x80, 0x32,
	0x98, 0x2E, 0x04, 0x91, 0x18, 0x80, 0x00, 0x01, 0xF0, 0x0F, 0x65, 0xE8,
	0x24, 0xA8, 0x19, 0x7B, 0x48, 0x00, 0xC0, 0x00, 0x06, 0x8F, 0xE0, 0x01,
	0xD0, 0xBC, 0x24, 0x00, 0x32, 0x06, 0x01, 0x09, 0x08, 0x60, 0x70, 0x04,
	0x80, 0x02, 0x00, 0x90, 0x28, 0x01, 0x84, 0x18, 0x42, 0x8C, 0x00, 0x01,
	0xF8, 0x83, 0xB0, 0xAF, 0xC5, 0xB8, 0x11, 0xE1, 0xF8, 0x00, 0x50, 0x00,
	0x00, 0x83, 0xF0, 0x03, 0xD1, 0xF0, 0x00, 0x00, 0x05, 0x47, 0x0C, 0x40,
	0x10, 0x00, 0x06, 0x02, 0x88, 0x12, 0x05, 0x80, 0xE0, 0x81, 0x00, 0x50,
	0x0C, 0x08, 0x00, 0x00, 0xFB, 0xC0, 0x59, 0x62, 0x0F, 0xF8, 0x02, 0x51,
	0xFA, 0x40, 0x00, 0x00, 0x00, 0xCF, 0xF8, 0x0F, 0xAF, 0xE0, 0x45, 0x00,
	0x20, 0x07, 0x00, 0x00, 0x01, 0x18, 0xCC, 0x10, 0x0C, 0x90, 0x05, 0x20,
	0x00, 0x28, 0x99, 0x60, 0x01, 0x00, 0x00, 0x01, 0xDD, 0xC0, 0x1E, 0x20,
	0xF4, 0x58, 0x01, 0x71, 0xF7, 0x42, 0x00, 0x00, 0x00, 0x2F, 0xF8, 0x2F,
	0xCF, 0xF0, 0x04, 0xD0, 0x00, 0x07, 0x00, 0x04, 0x10, 0x05, 0x40, 0x0C,
	0x01, 0xC0, 0x00, 0x00, 0x00, 0x06, 0x40, 0x28, 0x90, 0x04, 0x00, 0x00,
	0x3F, 0x5E, 0xD3, 0xA8, 0x06, 0xDE, 0x00, 0x50, 0x3A, 0xD0, 0x00, 0x00,
	0x00, 0x1D, 0x6C, 0x37, 0xFE, 0x60, 0x00, 0x4B, 0x48, 0x07, 0x5D, 0x00,
	0x00, 0x87, 0x80, 0x64, 0x20, 0x24, 0x02, 0x01, 0x00, 0x80, 0x00, 0x00,
	0x82, 0x80, 0x00, 0x00, 0x9F, 0x9C, 0x81, 0xEC, 0xEF, 0x3B, 0x00, 0x20,
	0xC5, 0xB0, 0x00, 0x00, 0x00, 0x0B, 0x22, 0x07, 0xFB, 0x64, 0x08, 0x07,
	0x20, 0x07, 0x34, 0x59, 0x03, 0x20, 0x9A, 0x00, 0x06, 0x46, 0x20, 0x01,
	0x48, 0x10, 0x00, 0x52, 0x06, 0xB6, 0x00, 0x00, 0x9F, 0x7B, 0x00, 0x18,
	0x00, 0x64, 0x40, 0x70, 0xE6, 0x05, 0x00, 0x00, 0x00, 0x0B, 0x90, 0x01,
	0xF3, 0x78, 0x60, 0x00, 0x08, 0x23, 0xA6, 0x40, 0x01, 0x78, 0x00, 0x03,
	0x46, 0xC0, 0x80, 0x30, 0x0A, 0x03, 0x16, 0x88, 0x62, 0x08, 0x00, 0x00,
	0xFF, 0xE5, 0x82, 0x04, 0x06, 0x07, 0xA8, 0x20, 0xC1, 0xA1, 0x00, 0x00,
	0x10, 0x07, 0xE1, 0x00, 0xF7, 0x7D, 0xC4, 0x42, 0xC0, 0x01, 0xF5, 0x21,
	0x90, 0x28, 0x20, 0x00, 0x26, 0x8A, 0x18, 0x00, 0x01, 0x08, 0x59, 0x82,
	0x06, 0x05, 0x00, 0x00, 0x7F, 0xE3, 0xBD, 0x0E, 0x08, 0x8F, 0x2D, 0xF8,
	0xC8, 0x8C, 0xD4, 0x00, 0x0C, 0x01, 0x70, 0x00, 0x7F, 0xFE, 0x00, 0x00,
	0x00, 0x13, 0x7F, 0x25, 0x00, 0x40, 0x00, 0x08, 0x10, 0x00, 0xA4, 0x94,
	0x00, 0x87, 0x0A, 0x00, 0x60, 0x1F, 0x20, 0x40, 0xDE, 0xEC, 0x7F, 0x03,
	0x04, 0xD0, 0x52, 0xF8, 0x88, 0x1F, 0x8E, 0x10, 0x02, 0x01, 0xF8, 0x00,
	0x01, 0x3E, 0x00, 0x09, 0xDD, 0x03, 0x8C, 0x10, 0x90, 0x00, 0xE0, 0x42,
	0x19, 0x00, 0x1A, 0x40, 0x02, 0xF0, 0x00, 0x32, 0xFA, 0xC0, 0x38, 0x20,
	0xBD, 0x7F, 0x11, 0x01, 0x41, 0x3D, 0x83, 0x9B, 0x88, 0x3F, 0x9C, 0xA8,
	0x80, 0x80, 0x6C, 0x00, 0x09, 0xBF, 0x01, 0x82, 0x00, 0x27, 0x10, 0x03,
	0xA4, 0x30, 0x61, 0x91, 0x01, 0x4F, 0x04, 0x14, 0x60, 0x00, 0x61, 0xF0,
	0x3B, 0xF2, 0xA0, 0x13, 0xFE, 0xFF, 0xE0, 0xC0, 0xB1, 0x05, 0xCF, 0xAB,
	0x18, 0x7E, 0x3C, 0x20, 0x00, 0x00, 0x6E, 0x00, 0x00, 0x7C, 0x80, 0x88,
	0x0A, 0x83, 0x60, 0x05, 0x80, 0x03, 0xE0, 0x19, 0x00, 0x30, 0x04, 0x00,
	0x00, 0x01, 0x11, 0x9A, 0x40, 0x06, 0x26, 0x70, 0xFF, 0xDE, 0xF7, 0x00,
	0x02, 0x21, 0xDF, 0xDF, 0xC8, 0x5C, 0x1E, 0x80, 0x04, 0x90, 0x63, 0x80,
	0x00, 0x38, 0x20, 0x04, 0x81, 0x12, 0x00, 0x00, 0x09, 0x08, 0x8E, 0x41,
	0x40, 0x32, 0xC0, 0x00, 0x40, 0x08, 0x00, 0x84, 0x10, 0x03, 0xBC, 0x10,
	0xFF, 0xD6, 0xF5, 0xC6, 0x1F, 0x40, 0x21, 0xCD, 0xE8, 0x1C, 0x18, 0x0C,
	0x00, 0x80, 0x03, 0xF8, 0x00, 0x1A, 0x80, 0x30, 0x02, 0x01, 0x00, 0x9B,
	0xE8, 0x0F, 0x02, 0x58, 0x08, 0x78, 0x9E, 0x45, 0x40, 0x1E, 0x01, 0x22,
	0x3C, 0x05, 0x08, 0x10, 0x8B, 0xBF, 0x68, 0x10, 0x1F, 0xC0, 0x13, 0xF9,
	0xF8, 0x1C, 0x39, 0x70, 0x01, 0x80, 0x00, 0xFE, 0x00, 0x20, 0x00, 0x80,
	0x40, 0x03, 0x39, 0x05, 0x28, 0x63, 0x86, 0x02, 0x01, 0xD4, 0x60, 0x46,
	0x40, 0x0C, 0x80, 0xB0, 0x40, 0x00, 0x58, 0x0D, 0x43, 0xF7, 0x75, 0x06,
	0xC7, 0xE0, 0x06, 0x31, 0x64, 0x18, 0x08, 0x1D, 0xC0, 0x00, 0x81, 0x37,
	0x80, 0x72, 0x10, 0x00, 0x03, 0x59, 0x40, 0xC4, 0x18, 0x2A, 0x04, 0x02,
	0x10, 0x30, 0xA0, 0x90, 0x00, 0x01, 0x80, 0xC0, 0x30, 0x00, 0x11, 0x4A,
	0xB3, 0x3F, 0x9B, 0xC6, 0x38, 0x90, 0x00, 0x60, 0x37, 0x10, 0x18, 0x3B,
	0x00, 0x00, 0xC0, 0x33, 0x90, 0xD0, 0x04, 0x28, 0x00, 0x06, 0x3E, 0x77,
	0x10, 0x0D, 0x00, 0x00, 0x00, 0x06, 0xB2, 0x82, 0xD0, 0x50, 0x01, 0x02,
	0xC2, 0x16, 0x04, 0x04, 0x03, 0x97, 0xF7, 0xE1, 0x98, 0xE4, 0x03, 0xFF,
	0x37, 0x00, 0x0B, 0x3F, 0x40, 0x00, 0x00, 0x18, 0x57, 0x84, 0x28, 0x00,
	0x90, 0x44, 0x0D, 0xE9, 0x34, 0x26, 0xC0, 0x90, 0xC3, 0x1D, 0x2D, 0x11,
	0x1C, 0xC0, 0x00, 0x80, 0x00, 0x00, 0xA2, 0x40, 0xF4, 0x06, 0xFF, 0xE0,
	0x4C, 0x30, 0xE0, 0x19, 0x02, 0x00, 0x81, 0x7C, 0x78, 0x08, 0xC8, 0x00,
	0x2F, 0x00, 0x80, 0x02, 0x00, 0x1A, 0xC6, 0xF3, 0xF8, 0x01, 0xD8, 0x6C,
	0x0C, 0x17, 0x32, 0x18, 0x03, 0x00, 0x00, 0xA2, 0xC1, 0x00, 0x18, 0x00,
	0x3A, 0x00, 0x5F, 0xF8, 0x12, 0xE5, 0x80, 0x07, 0x46, 0xC0, 0x82, 0x6F,
	0xE8, 0x00, 0x04, 0x08, 0x2E, 0xB0, 0x10, 0x0C, 0x01, 0xBE, 0x14, 0x36,
	0x46, 0x00, 0x5C, 0x01, 0x01, 0x9A, 0xD0, 0xBC, 0x49, 0x80, 0x04, 0x4A,
	0x43, 0x98, 0x04, 0x10, 0x71, 0x84, 0x1F, 0xF4, 0x1D, 0x47, 0xC2, 0x15,
	0xC0, 0xB0, 0x02, 0x3F, 0xE6, 0x00, 0x04, 0xC8, 0x0A, 0x85, 0x08, 0x02,
	0x1B, 0x1D, 0x7D, 0xD4, 0xD0, 0xDF, 0x92, 0x2F, 0x64, 0x26, 0x1D, 0xE1,
	0x02, 0x80, 0x18, 0x12, 0x41, 0x41, 0xC0, 0x00, 0x95, 0xF4, 0x07, 0xFF,
	0x10, 0x01, 0x00, 0xD4, 0x7C, 0x34, 0x00, 0x31, 0xFF, 0x00, 0x01, 0xF0,
	0x13, 0x76, 0x03, 0x2A, 0x04, 0x1D, 0xB1, 0x4F, 0x82, 0x4C, 0xA2, 0x31,
	0x5D, 0xF3, 0x78, 0x7A, 0x24, 0x67, 0x90, 0x04, 0x05, 0x88, 0xE0, 0x10,
	0xA1, 0xF9, 0x00, 0xFF, 0xE7, 0x03, 0x7D, 0x80, 0x98, 0x5C, 0x08, 0x3B,
	0xF3, 0xC0, 0x03, 0x74, 0x2C, 0xE0, 0x00, 0x00, 0x4E, 0x7F, 0x3D, 0x02,
	0x5C, 0xED, 0x83, 0x02, 0x24, 0x21, 0x24, 0x8D, 0x20, 0x02, 0x40, 0x20,
	0x80, 0x02, 0x00, 0x02, 0xE0, 0xFE, 0x00, 0x7D, 0xC2, 0x9C, 0x84, 0x76,
	0x16, 0x26, 0x00, 0x17, 0x81, 0x3E, 0x00, 0x7F, 0xF2, 0x94, 0x08, 0x41,
	0x3D, 0x31, 0x4C, 0x6A, 0x3A, 0x0E, 0x8C, 0x05, 0x08, 0x81, 0xC9, 0x08,
	0x00, 0x11, 0x00, 0x1D, 0x41, 0x01, 0x10, 0x01, 0xE7, 0x6E, 0x0D, 0xBF,
	0xE1, 0x80, 0xE9, 0x01, 0xFF, 0xF9, 0x7A, 0x9F, 0xF0, 0x3F, 0xFE, 0x5F,
	0xFB, 0x64, 0x03, 0x58, 0x80, 0x58, 0xC6, 0x69, 0x2C, 0x32, 0x80, 0x20,
	0x02, 0x22, 0x61, 0x81, 0xFD, 0x2C, 0x40, 0x1A, 0x1D, 0x00, 0x00, 0x00,
	0xBC, 0xA3, 0xA0, 0x1F, 0xF3, 0x36, 0x04, 0xE0, 0x01, 0x0F, 0xFC, 0x2F,
	0xFE, 0x0D, 0xDF, 0xFF, 0xCC, 0x10, 0x00, 0x18, 0xA3, 0x07, 0x79, 0x03,
	0xE4, 0x03, 0x81, 0xE0, 0x33, 0x07, 0x51, 0x66, 0x61, 0x80, 0xC0, 0x24,
	0x33, 0x20, 0x00, 0x02, 0xFF, 0x1D, 0xFF, 0xFF, 0xFE, 0x08, 0x00, 0x00,
	0x66, 0x00, 0x63, 0x37, 0xFF, 0xFC, 0xFF, 0xFD, 0xA3, 0xB1, 0x18, 0x71,
	0x09, 0x2B, 0x23, 0x78, 0x35, 0x3F, 0x82, 0x9E, 0x7F, 0x01, 0xE1, 0x18,
	0x3A, 0x41, 0xC0, 0x94, 0x70, 0x00, 0x00, 0x02, 0x8F, 0xCF, 0xFC, 0x4F,
	0xFF, 0xE8, 0x00, 0x00, 0x02, 0x5D, 0xE3, 0x0F, 0xFF, 0xFF, 0xFF, 0xFF,
	0x46, 0x08, 0x02, 0x74, 0x38, 0x70, 0x94, 0x65, 0x1C, 0xE1, 0x10, 0x78,
	0x1D, 0xE2, 0xE4, 0x00, 0x4C, 0x00, 0x02, 0x41, 0x40, 0xF8, 0x80, 0x28,
	0xEF, 0xFF, 0xFF, 0xFF, 0xFF, 0xFF, 0xFF, 0xFF, 0xC9, 0xC1, 0xFF, 0xFF,
	0xFF, 0xFF, 0xFF, 0xEC, 0x69, 0xC0, 0xC5, 0x7A, 0x10, 0x58, 0x00, 0x68,
	0x1D, 0xEB, 0xA8, 0x30, 0xE6, 0x8D, 0x56, 0x26, 0x1C, 0x0C, 0x19, 0xC4,
	0x24, 0x10, 0x00, 0x00, 0x00, 0x00, 0x01, 0x9F, 0xFF, 0xFF, 0xFF, 0xFF,
	0xFF, 0xFF, 0xFF, 0xFF, 0xFF, 0x00, 0x00, 0x07, 0x40, 0x10, 0x02, 0x88,
	0x32, 0xD6, 0xD0, 0x34, 0x21, 0x08, 0x70, 0x7A, 0x4C, 0xFB, 0xE4, 0x8B,
	0xDC, 0x80, 0x00, 0x4C, 0x1D, 0xD0, 0x00, 0x20, 0x00, 0x00, 0x00, 0x17,
	0xFF, 0xFF, 0xFF, 0xFF, 0xFF, 0xFF, 0xFF, 0xFF, 0xFF, 0x80, 0x00, 0x07,
	0x00, 0xD0, 0x86, 0x58, 0xFC, 0x18, 0xC0, 0x88, 0xDE, 0xEA, 0x4F, 0x31,
	0x10, 0x20, 0x25, 0xC7, 0x78, 0x14, 0x83, 0x57, 0xC3, 0x93, 0x00, 0x08,
	0xFF, 0xFF, 0xFF, 0xFF, 0xDF, 0x81, 0x00, 0x27, 0xF1, 0x7F, 0xFF, 0xFF,
	0xFF, 0xC0, 0x00, 0x03, 0x60, 0xA2, 0x0B, 0xC8, 0xDA, 0x1C, 0x87, 0x95,
	0x2D, 0xA7, 0xC5, 0x1C, 0x06, 0x0F, 0x00, 0xE1, 0xF8, 0x14, 0x80, 0x4C,
	0x80, 0x20, 0x01, 0x00, 0xFF, 0xFF, 0xFF, 0xFF, 0xFF, 0xFF, 0xFF, 0x9F,
	0xFF, 0x01, 0xFF, 0xFF, 0xFF, 0x80, 0x00, 0x07, 0x24, 0xC0, 0x11, 0x13,
	0x6F, 0xD4, 0x50, 0x5D, 0xD8, 0x5F, 0x26, 0x2A, 0x0C, 0x0B, 0xC9, 0x01,
	0x1D, 0x9A, 0x02, 0x7D, 0x5D, 0x88, 0x08, 0x40, 0xFF, 0xFF, 0x7D, 0xFE,
	0x3E, 0x2E, 0xFF, 0xFF, 0xF7, 0xFE, 0x00, 0x23, 0xFF, 0xE0, 0x00, 0x00,
	0x0C, 0xA1, 0x87, 0xFA, 0x45, 0xCC, 0x64, 0x11, 0x48, 0xE5, 0x01, 0x81,
	0x30, 0x0D, 0x0E, 0x02, 0x06, 0xB5, 0x03, 0x7C, 0xE1, 0x40, 0x10, 0x90,
	0xFF, 0xFF, 0xFF, 0x98, 0x02, 0x07, 0xFF, 0xFF, 0xFF, 0xF7, 0x7C, 0x03,
	0x9F, 0xF0, 0x00, 0x03, 0x8F, 0x8C, 0xD9, 0x4D, 0x10, 0x94, 0x62, 0x54,
	0x58, 0x51, 0x89, 0x01, 0xDC, 0x20, 0x46, 0x30, 0x6A, 0x1C, 0x09, 0xEB,
	0x85, 0xC6, 0x20, 0x03, 0xFF, 0xFB, 0x7D, 0xF4, 0x00, 0x01, 0x4F, 0xFF,
	0xFF, 0xFF, 0xFF, 0x00, 0x7F, 0xFE, 0x70, 0x01, 0xEE, 0xF4, 0x0A, 0xB6,
	0x8A, 0xA8, 0xF5, 0x99, 0x81, 0x8B, 0x45, 0x8C, 0x89, 0x3E, 0x31, 0x36,
	0x74, 0x80, 0x7B, 0xF8, 0xE1, 0x90, 0x03, 0x01, 0xFF, 0xFF, 0xF7, 0x20,
	0x00, 0x00, 0x3F, 0xFF, 0xFF, 0xFF, 0xFF, 0x00, 0xFF, 0xFC, 0x00, 0x00,
	0x1C, 0x20, 0xF2, 0x6E, 0x57, 0x03, 0xC4, 0x08, 0x10, 0x70, 0x38, 0x1A,
	0x30, 0x32, 0x00, 0xCD, 0x5D, 0xE4, 0xCE, 0xC3, 0x39, 0x8A, 0x08, 0x00,
	0xFF, 0xFF, 0x7A, 0x00, 0x00, 0x06, 0x6B, 0xFF, 0xFF, 0xFF, 0xFE, 0x81,
	0x3F, 0xF4, 0x00, 0x00, 0x33, 0xC0, 0x03, 0x46, 0xF8, 0xA3, 0x88, 0x0B,
	0x20, 0xD0, 0xD9, 0x13, 0x07, 0xFC, 0x00, 0xE6, 0x26, 0xC4, 0xAC, 0x0B,
	0xE1, 0x08, 0x63, 0x40, 0xFF, 0xFF, 0xFF, 0xA0, 0x02, 0x09, 0xCB, 0xFF,
	0xFF, 0xFF, 0xFC, 0x00, 0x3F, 0xFE, 0x20, 0x00, 0x07, 0xE0, 0x80, 0xA7,
	0x3C, 0xD2, 0x98, 0x2C, 0x60, 0x21, 0x7D, 0x15, 0xAC, 0x50, 0x4A, 0xC0,
	0x2A, 0x35, 0x57, 0x41, 0xAB, 0xDE, 0x04, 0x80, 0xFF, 0xFF, 0x7C, 0xE0,
	0x00, 0x00, 0x17, 0xFF, 0xFF, 0xFF, 0xFC, 0x00, 0x3F, 0xFF, 0xA0, 0x00,
	0x08, 0xD8, 0x01, 0x2D, 0x4D, 0x2C, 0xF5, 0xB4, 0x73, 0xC2, 0x98, 0x01,
	0x21, 0xAC, 0x18, 0x19, 0xE4, 0x3D, 0x5D, 0xE8, 0x8C, 0x20, 0x84, 0x99,
	0xFF, 0xFF, 0x3F, 0x80, 0x14, 0x01, 0xFB, 0xFF, 0xFF, 0xFF, 0xFF, 0x00,
	0x7F, 0xFF, 0xFE, 0x00, 0x17, 0xF0, 0x00, 0x15, 0xC1, 0xDE, 0x20, 0x42,
	0x1D, 0xD0, 0x3C, 0x20, 0x1C, 0x48, 0x03, 0x09, 0xC1, 0xC9, 0x97, 0x14,
	0x40, 0xD2, 0x50, 0x80, 0xFF, 0xFF, 0xB1, 0xC4, 0x00, 0x08, 0x3F, 0xFF,
	0xFF, 0xFF, 0xF1, 0x00, 0xFF, 0xFC, 0x4F, 0x00, 0x15, 0xD0, 0x00, 0x01,
	0x1C, 0x4F, 0xA2, 0x71, 0x07, 0x9B, 0x18, 0x93, 0xE2, 0x0D, 0xF9, 0x00,
	0x82, 0x98, 0x1F, 0x3C, 0xC2, 0x71, 0x20, 0x80, 0xFF, 0xF4, 0xFF, 0x00,
	0x01, 0x06, 0xDB, 0xFF, 0xFF, 0xFF, 0xFC, 0x10, 0xFF, 0xFF, 0x80, 0x00,
	0x17, 0xA0, 0x00, 0x00, 0x31, 0x5B, 0x7E, 0xEA, 0xE0, 0xE5, 0x80, 0x51,
	0x62, 0x11, 0x3F, 0x4E, 0x40, 0xD5, 0xC6, 0x88, 0x03, 0xA9, 0x00, 0x05,
	0xFF, 0x7D, 0xF4, 0x10, 0x00, 0x02, 0x14, 0xFF, 0xFF, 0xFF, 0xFF, 0x00,
	0xFF, 0xFB, 0x00, 0x00, 0x0E, 0xE0, 0x00, 0x00, 0x7E, 0x17, 0x34, 0x80,
	0xE0, 0x0D, 0x3E, 0xED, 0x5F, 0xF4, 0x24, 0x0F, 0xF7, 0x81, 0xAC, 0xA8,
	0x0C, 0x00, 0x20, 0x18, 0xFF, 0x83, 0x59, 0x84, 0x00, 0x01, 0x7F, 0xFF,
	0xF1, 0xFF, 0xFF, 0x80, 0xFD, 0xE4, 0x40, 0x00, 0x00, 0xF0, 0x00, 0x00,
	0x10, 0xFE, 0xF3, 0xC9, 0xFB, 0x17, 0x0F, 0x3F, 0xDF, 0xF2, 0xFD, 0x01,
	0xB9, 0x02, 0x8B, 0x10, 0x59, 0x00, 0x02, 0x40, 0xFF, 0xEC, 0x04, 0x00,
	0x00, 0x01, 0x47, 0xFF, 0xFF, 0xCF, 0x88, 0x00, 0xFF, 0xFF, 0xE0, 0x00,
	0x3F, 0xF8, 0x00, 0x00, 0x00, 0x20, 0xFF, 0xC7, 0x04, 0x04, 0x06, 0x5B,
	0x3F, 0x75, 0x7C, 0x00, 0x40, 0x13, 0xE4, 0x73, 0x50, 0x11, 0x01, 0x92,
	0xFF, 0xBE, 0x89, 0x00, 0x03, 0x84, 0x87, 0xFF, 0xFF, 0xFF, 0x84, 0x30,
	0xBF, 0xFC, 0x8C, 0x06, 0x3F, 0xF0, 0x00, 0x00, 0x00, 0x03, 0x37, 0x80,
	0x0C, 0x43, 0x95, 0x7F, 0x8C, 0xE7, 0x5E, 0x00, 0x25, 0xC0, 0x16, 0x53,
	0x57, 0x80, 0x19, 0x40, 0xFF, 0xE4, 0x3E, 0x08, 0x00, 0x0C, 0xFF, 0xFF,
	0xFF, 0xFF, 0xFE, 0x00, 0x0F, 0xFE, 0x3C, 0x40, 0x7F, 0xF8, 0x00, 0x00,
	0x30, 0x00, 0x00, 0xAC, 0x1C, 0x03, 0xC1, 0xFE, 0x15, 0xF7, 0xBC, 0x41,
	0x60, 0x02, 0xB1, 0xCA, 0x04, 0x80, 0x1F, 0xF0, 0xF3, 0x23, 0x00, 0x41,
	0x00, 0x0B, 0x79, 0x1F, 0xFF, 0xFF, 0x80, 0x01, 0xFF, 0xF8, 0x02, 0xC6,
	0xFB, 0xFC, 0x00, 0x00, 0x30, 0x06, 0xC3, 0x9A, 0xA0, 0x03, 0xED, 0xB3,
	0xFE, 0xE7, 0x7C, 0x03, 0xE8, 0x4B, 0x00, 0x0B, 0x48, 0x79, 0xC0, 0x9F,
	0xF6, 0x30, 0x20, 0x00, 0x00, 0x3E, 0x3F, 0xFF, 0xFF, 0xFF, 0xF8, 0x00,
	0x7F, 0xF8, 0xEE, 0x00, 0x7F, 0xF8, 0x00, 0x00, 0x30, 0x00, 0xF0, 0x00,
	0x78, 0x01, 0xFF, 0xFD, 0xF0, 0xD7, 0xFE, 0x6E, 0x31, 0x42, 0x59, 0x47,
	0x27, 0x4F, 0x2E, 0xF7, 0xE3, 0xC0, 0x08, 0x00, 0x00, 0x1B, 0xEF, 0xFF,
	0xFF, 0xFF, 0xF3, 0xC6, 0x3F, 0xF9, 0x1F, 0xC0, 0x7F, 0xF0, 0x00, 0x00,
	0x38, 0x00, 0x20, 0x00, 0x07, 0x4F, 0xFF, 0xCF, 0xFF, 0xFB, 0x2C, 0xE8,
	0x4A, 0x82, 0x69, 0x77, 0x83, 0xFC, 0xE3, 0xEF, 0xBF, 0x0F, 0x00, 0x00,
	0x00, 0x13, 0x1E, 0x7F, 0xFF, 0xFF, 0x98, 0x24, 0x07, 0xFE, 0xA2, 0x04,
	0x1F, 0xE0, 0x00, 0x00, 0x18, 0x00, 0x22, 0x02, 0x45, 0x43, 0x70, 0x99,
	0xFF, 0xE6, 0xBC, 0xC7, 0x3F, 0x41, 0xED, 0x8B, 0x85, 0xDE, 0x42, 0x20,
	0xE0, 0x40, 0x88, 0x00, 0x08, 0x67, 0x62, 0xFF, 0xFF, 0xF9, 0xBF, 0x00,
	0x3F, 0xFC, 0x00, 0x00, 0x07, 0xC0, 0x00, 0x00, 0x20, 0x00, 0x10, 0x00,
	0x62, 0x28, 0x03, 0xF2, 0xFF, 0x7F, 0xF7, 0xDB, 0x1E, 0x07, 0x6E, 0x08,
	0x2F, 0xBB, 0x1F, 0x70, 0xC7, 0x82, 0x03, 0x85, 0x03, 0xC8, 0x47, 0xFF,
	0xFF, 0xE7, 0xF3, 0x06, 0x1B, 0xD0, 0x40, 0x1C, 0x3F, 0xF0, 0x00, 0x00,
	0x00, 0x00, 0x00, 0x08, 0x68, 0x04, 0x00, 0x03, 0x31, 0x7A, 0xFF, 0xFF,
	0xF1, 0x3A, 0xB4, 0xB0, 0x9B, 0x30, 0xFB, 0x89, 0x80, 0x80, 0x40, 0x07,
	0x01, 0x82, 0x15, 0xFF, 0xFF, 0xFF, 0xFF, 0x01, 0xBF, 0xDF, 0x1E, 0x00,
	0xDF, 0xE0, 0x00, 0x00, 0x10, 0x00, 0x00, 0x00, 0x00, 0x10, 0x00, 0x03,
	0x8C, 0x8F, 0xFF, 0xFF, 0xF8, 0x9F, 0xAC, 0x00, 0x0B, 0x43, 0x5E, 0x7B,
	0x68, 0x20, 0x00, 0x40, 0x00, 0x01, 0x73, 0xFF, 0xFF, 0xBF, 0xDC, 0x01,
	0x27, 0xF2, 0x60, 0xFD, 0xFF, 0xF0, 0x00, 0x00, 0x10, 0x00, 0x00, 0x00,
	0x00, 0x40, 0x00, 0x03, 0xE8, 0xA7, 0xFF, 0xFF, 0xEE, 0xFB, 0x90, 0x13,
	0x66, 0x0D, 0x74, 0x71, 0xC1, 0x00, 0x10, 0x00, 0x10, 0x07, 0xF9, 0xBF,
	0xFF, 0xFF, 0x9F, 0xE3, 0xFF, 0xF8, 0x41, 0x00, 0x3F, 0xE0, 0x00, 0x00,
	0x00, 0x00, 0x00, 0x00, 0x00, 0x00, 0x00, 0x07, 0x33, 0xC3, 0x7E, 0x46,
	0x09, 0xDC, 0xDC, 0xFA, 0x9E, 0x2D, 0xF0, 0x7B, 0xE0, 0x00, 0x00, 0x20,
	0xE4, 0x0E, 0x1E, 0x7D, 0xFC, 0x7C, 0x80, 0x04, 0x7F, 0xF1, 0xE0, 0x60,
	0x1F, 0xE0, 0x00, 0x00, 0x00, 0x0F, 0x00, 0x00, 0x00, 0x00, 0x00, 0x00,
	0x00, 0x80, 0x46, 0x06, 0x90, 0x5D, 0xF9, 0xBA, 0x39, 0xBF, 0x80, 0x60,
	0x00, 0x00, 0x00, 0x00, 0x00, 0x0A, 0x5F, 0xE7, 0xE0, 0x40, 0xF0, 0x30,
	0xFF, 0x8C, 0x00, 0x84, 0x7F, 0xE0, 0x00, 0x00, 0x00, 0x0F, 0xC0, 0x00,
	0x00, 0x01, 0xDD, 0x18, 0x22, 0x31, 0x60, 0x03, 0x01, 0x4F, 0xFF, 0xFE,
	0x3F, 0xFC, 0x00, 0x10, 0x00, 0x03, 0x00, 0xD7, 0xFD, 0xDB, 0xFD, 0xC1,
	0xFF, 0xDB, 0x20, 0x02, 0xF9, 0xF3, 0x30, 0x00, 0x07, 0xFC, 0x00, 0x00,
	0x70, 0x0B, 0x80, 0x10, 0x00, 0x07, 0x10, 0x12, 0x00, 0x84, 0x80, 0x0E,
	0x80, 0x07, 0x34, 0xA8, 0x75, 0x20, 0x00, 0x00, 0x20, 0x02, 0x80, 0x08,
	0x10, 0x47, 0xF5, 0xFF, 0xF9, 0xC0, 0x83, 0xF0, 0xFF, 0xC0, 0x20, 0xC0,
	0xFF, 0xE7, 0x80, 0x60, 0x00, 0x01, 0x80, 0x1E, 0x08, 0x00, 0x80, 0x00,
	0x00, 0x00, 0x46, 0xB0, 0x00, 0x05, 0xFC, 0xFC, 0xFF, 0x80, 0x00, 0x00,
	0x98, 0x00, 0x01, 0x6E, 0x9D, 0xF7, 0xFF, 0xFF, 0xE0, 0x06, 0x6D, 0xC0,
	0x7F, 0xFE, 0x80, 0x00, 0x3F, 0xF2, 0x80, 0x80, 0x00, 0x09, 0xC4, 0x10,
	0xE0, 0x07, 0x40, 0x3C, 0x00, 0x00, 0x02, 0xA0, 0x00, 0x00, 0x8F, 0xBE,
	0x18, 0x00, 0x00, 0x00, 0x00, 0x00, 0x00, 0x17, 0x1A, 0xF5, 0xFF, 0xF0,
	0xF3, 0x1F, 0xF0, 0x07, 0xF3, 0xC0, 0xE0, 0x60, 0x3E, 0xF0, 0xE0, 0x00,
	0x00, 0x07, 0x82, 0x30, 0x00, 0x07, 0x00, 0x08, 0x68, 0x00, 0x00, 0x30,
	0x00, 0x15, 0x43, 0xE6, 0x01, 0x00, 0x00, 0x00, 0x00, 0x00, 0x02, 0x8E,
	0xF9, 0x7F, 0x3F, 0xFF, 0xCF, 0xDF, 0x30, 0x30, 0xFF, 0xF8, 0x3F, 0x80,
	0x7C, 0x70, 0x00, 0x00, 0x00, 0x00, 0x00, 0x90, 0x00, 0x04, 0x40, 0x01,
	0x10, 0x00, 0x40, 0x60, 0x00, 0x7F, 0xEF, 0xA0, 0x01, 0x00, 0x00, 0x01,
	0x01, 0x04, 0x69, 0x04, 0x6B, 0x27, 0xF7, 0xFF, 0xC7, 0xE6, 0xF6, 0x41,
	0xFF, 0x7F, 0x60, 0x67, 0x89, 0xF0, 0x00, 0x00, 0x00, 0x00, 0x00, 0x00,
	0x00, 0x00, 0x00, 0x00, 0x00, 0x00, 0x07, 0x36, 0x03, 0xF5, 0xF6, 0x00,
	0x00, 0x00, 0x00, 0x07, 0x00, 0x06, 0x0F, 0x9E, 0xFB, 0xCE, 0xFF, 0xFF,
	0xFE, 0xFE, 0xC0, 0x4B, 0xFF, 0xF0, 0x78, 0x1F, 0xDF, 0xD1, 0x00, 0x00,
	0x00, 0x00, 0x00, 0x00, 0x00, 0x00, 0x00, 0x00, 0x00, 0x00, 0x0C, 0x40,
	0x98, 0xE3, 0xE4, 0x00, 0x00, 0x00, 0x00, 0x0F, 0x30, 0x00, 0x70, 0x78,
	0xDB, 0xFF, 0xFF, 0xFF, 0xF9, 0xFF, 0xF0, 0x0F, 0xFF, 0xA7, 0x97, 0x36,
	0xCF, 0x80, 0x00, 0x00, 0x00, 0x6F, 0x00, 0x00, 0x00, 0x00, 0x00, 0x00,
	0x00, 0x00, 0x04, 0xC3, 0x7F, 0xEA, 0xE0, 0x00, 0x00, 0x00, 0x00, 0x0D,
	0x03, 0x72, 0xFD, 0xE2, 0x0F, 0xFF, 0xBF, 0xFF, 0xFF, 0xFF, 0xFC, 0xF0,
	0x7F, 0xF2, 0x78, 0x1F, 0xCD, 0xC0, 0x00, 0x00, 0x00, 0x02, 0x00, 0x00,
	0x00, 0x00, 0x00, 0x00, 0x00, 0x02, 0x62, 0xF5, 0xF7, 0xAF, 0x80, 0x00,
	0x00, 0x00, 0x00, 0x1F, 0x07, 0xE2, 0x7E, 0xFB, 0xCF, 0xDF, 0xFF, 0xFF,
	0xFF, 0x3F, 0x80, 0x01, 0xF7, 0xC1, 0xF6, 0x00, 0xFF, 0xC0, 0x00, 0x00,
	0x00, 0x00, 0x00, 0x00, 0x00, 0x00, 0x00, 0x00, 0x00, 0x01, 0x7F, 0xFF,
	0x67, 0xC7, 0x80, 0x00, 0x00, 0x00, 0x00, 0x3B, 0x80, 0x42, 0xFC, 0xFE,
	0xFF, 0xFF, 0xFC, 0x3F, 0xBF, 0xFE, 0x00, 0x2C, 0xFE, 0x36, 0x00, 0x00,
	0xFF, 0xF8, 0x00, 0x00, 0x00, 0x40, 0x00, 0x00, 0x00, 0x00, 0x00, 0x1D,
	0xE0, 0x05, 0xFE, 0x0F, 0x9F, 0xAF, 0x00, 0x00, 0x00, 0x00, 0x00, 0x5E,
	0xFE, 0x0F, 0xF8, 0xFF, 0xFF, 0xFF, 0xFF, 0xFF, 0xFF, 0xFE, 0x62, 0x3F,
	0xBC, 0xF8, 0x00, 0x7C, 0x1F, 0xF0, 0x00, 0x00, 0x00, 0x08, 0x00, 0x00,
	0x00, 0x00, 0x01, 0x86, 0x00, 0x1B, 0xFA, 0x31, 0xC8, 0x7C, 0x00, 0x00,
	0x00, 0x00, 0x00, 0xFB, 0x05, 0x0C, 0xF7, 0xEF, 0xFF, 0x3F, 0xFF, 0xFF,
	0xFF, 0xF8, 0xD0, 0xFA, 0x31, 0xF8, 0x00, 0x01, 0xC1, 0xC4, 0x00, 0x00,
	0x00, 0x00, 0xC0, 0x1E, 0x20, 0x80, 0x00, 0x00, 0x00, 0x17, 0xE0, 0xF4,
	0x02, 0xF8, 0x00, 0x00, 0x00, 0x00, 0x00, 0xF7, 0xE0, 0x1F, 0xBF, 0xB7,
	0x7F, 0xFF, 0xFF, 0xFF, 0xB3, 0xFE, 0x27, 0xD1, 0xDF, 0xE0, 0x3C, 0x07,
	0xFF, 0x8E, 0x00, 0x00, 0x00, 0x00, 0x74, 0x0F, 0xB8, 0x20, 0x01, 0x98,
	0x40, 0x1F, 0xBE, 0x3B, 0x82, 0xC0, 0x00, 0x00, 0x00, 0x00, 0x01, 0xE7,
	0xFF, 0x05, 0xF7, 0xA7, 0xFF, 0x7F, 0xFF, 0xFF, 0xFA, 0xFF, 0xC9, 0xFF,
	0xFC, 0x63, 0x23, 0xC0, 0x5F, 0x9E, 0x00, 0x00, 0x00, 0x30, 0x00, 0x18,
	0x28, 0x0B, 0x09, 0x3F, 0x80, 0x08, 0xFC, 0x05, 0xA2, 0x90, 0x00, 0x00,
	0x00, 0x00, 0x03, 0xFF, 0x3D, 0xEE, 0xBA, 0xD7, 0xFF, 0xFF, 0xFF, 0x7B,
	0xFF, 0xC0, 0x1F, 0x87, 0x90, 0x30, 0x08, 0x80, 0x3F, 0x6D, 0x40, 0x00,
	0x00, 0x05, 0x00, 0x76, 0x00, 0x0A, 0x00, 0x65, 0x00, 0x0F, 0xFF, 0xDD,
	0x12, 0x70, 0x00, 0x00, 0x00, 0x00, 0x03, 0xFB, 0x1F, 0xF2, 0xEF, 0xED,
	0xFB, 0xFB, 0xFC, 0xFF, 0xFF, 0xF8, 0x00, 0x38, 0xFF, 0x8F, 0xC0, 0x64,
	0x0D, 0xC6, 0xC0, 0x00, 0x00, 0x01, 0xB9, 0x00, 0x00, 0x01, 0x00, 0x15,
	0x64, 0x05, 0xFF, 0xFF, 0xCA, 0x10, 0x00, 0x00, 0x00, 0x00, 0x07, 0xFE,
	0x0E, 0x65, 0xD0, 0x7F, 0x93, 0xFF, 0xDF, 0xEB, 0xFF, 0x3F, 0x4C, 0x38,
	0xFF, 0x08, 0x00, 0x3F, 0xF0, 0x79, 0x80, 0x40, 0x00, 0x0C, 0x17, 0x00,
	0x00, 0x04, 0x00, 0x07, 0x00, 0x00, 0x7F, 0xFF, 0x9E, 0x30, 0x00, 0x00,
	0x00, 0x00, 0x07, 0xF8, 0x9E, 0x20, 0x03, 0x6F, 0xFF, 0x9D, 0x21, 0xFB,
	0xFB, 0xF8, 0x1F, 0xFE, 0x7F, 0x91, 0x00, 0x38, 0xFF, 0xFE, 0x00, 0x1D,
	0xCE, 0x0A, 0x80, 0x00, 0x10, 0x00, 0x00, 0x00, 0x00, 0x00, 0x7F, 0xFF,
	0xFE, 0x90, 0x00, 0x00, 0x00, 0x00, 0x07, 0xFE, 0x3E, 0x7F, 0x1B, 0xF7,
	0xF7, 0x9A, 0x7F, 0xF9, 0xE7, 0x1E, 0x81, 0x81, 0xFF, 0xA0, 0xF1, 0x02,
	0xFF, 0xFE, 0x40, 0x9F, 0xFF, 0xE2, 0x80, 0x70, 0x00, 0x20, 0x00, 0x80,
	0x60, 0x01, 0x7F, 0xFF, 0xF9, 0x80, 0x00, 0x00, 0x00, 0x00, 0x07, 0xFF,
	0xDC, 0xF1, 0xA6, 0xB7, 0xF9, 0x80, 0xCF, 0xC1, 0xFC, 0x1F, 0x9F, 0xFF,
	0xFF, 0x88, 0x00, 0x01, 0xFF, 0x7F, 0xEF, 0x4F, 0xFF, 0xF9, 0xF2, 0x80,
	0x00, 0x00, 0x05, 0x66, 0x00, 0x00, 0x51, 0xFF, 0xFF, 0xE0, 0x00, 0x00,
	0x00, 0x00, 0x07, 0xFF, 0x31, 0xFB, 0xE2, 0x90, 0x70, 0x40, 0x65, 0x45,
	0xE0, 0xE0, 0x01, 0x83, 0xFF, 0x80, 0x01, 0x00, 0xFF, 0xFF, 0xFF, 0x7F,
	0xBF, 0x5C, 0xC5, 0x00, 0x00, 0x10, 0x50, 0x49, 0x00, 0x00, 0x1D, 0xDF,
	0xFF, 0xC0, 0x00, 0x00, 0x00, 0x00, 0x04, 0xFB, 0xCD, 0x5F, 0x98, 0xB6,
	0x60, 0x60, 0x1A, 0x48, 0x86, 0x63, 0xC0, 0x7F, 0xFF, 0xB0, 0x00, 0x00,
	0x1F, 0xF7, 0xFF, 0xBF, 0x7F, 0x43, 0xBF, 0xE0, 0x04, 0x04, 0x19, 0x00,
	0x28, 0x00, 0x18, 0xEA, 0xFF, 0xC0, 0x00, 0x00, 0x00, 0x00, 0x3F, 0xF7,
	0xD8, 0x19, 0xB8, 0x3E, 0x01, 0xFF, 0x83, 0xDF, 0xBF, 0xE7, 0xBF, 0xFF,
	0xCE, 0x60, 0x00, 0xC0, 0x0F, 0xEF, 0xFC, 0x32, 0x73, 0x3F, 0xFF, 0xFE,
	0xB0, 0xC8, 0x80, 0x40, 0x00, 0x00, 0xDB, 0x9F, 0xFF, 0x80, 0xC0, 0x00,
	0x00, 0x0F, 0xFA, 0xFB, 0xE4, 0x34, 0xFF, 0x12, 0x47, 0xEF, 0x88, 0xF3,
	0xFB, 0xD9, 0x87, 0xEF, 0xFF, 0xC0, 0x00, 0x30, 0x03, 0x5F, 0xF0, 0xD8,
	0x03, 0xF7, 0xBF, 0xF7, 0x80, 0x00, 0x02, 0x1F, 0x91, 0xA0, 0x0F, 0xFF,
	0xF0, 0x03, 0x80, 0x00, 0x0F, 0xE7, 0x8F, 0xFF, 0x0B, 0x2E, 0xBC, 0x17,
	0xEB, 0xFF, 0xD8, 0x0B, 0xFE, 0xDE, 0x2F, 0xC7, 0xFF, 0x80, 0x00, 0x0B,
	0x1E, 0x5F, 0xBD, 0xA0, 0x01, 0xFC, 0xBF, 0xFF, 0xE0, 0x00, 0x00, 0x12,
	0x00, 0x00, 0x0B, 0x83, 0xFF, 0x00, 0x00, 0x7F, 0xFF, 0x5C, 0x8F, 0xFF,
	0x84, 0x3F, 0x0F, 0xB7, 0xFF, 0xFF, 0xFC, 0x43, 0x9E, 0x1B, 0x0F, 0xEF,
	0xF8, 0x30, 0xDA, 0x01, 0xFF, 0xEF, 0x3D, 0xC0, 0x01, 0xCF, 0xFF, 0xFE,
	0x7F, 0xF0, 0x00, 0x00, 0x00, 0x00, 0x03, 0x7F, 0xBF, 0xE0, 0xC1, 0xAB,
	0xFE, 0xD7, 0xBD, 0xDD, 0x0F, 0xFF, 0xE7, 0xFB, 0xF1, 0xBF, 0xFF, 0xEB,
	0x24, 0x48, 0x4F, 0xFF, 0xF8, 0x82, 0x02, 0x18, 0x0F, 0xFE, 0x76, 0x00,
	0x01, 0x7F, 0xFF, 0xF8, 0x05, 0xD0, 0x82, 0x00, 0x00, 0x00, 0x01, 0x96,
	0xEF, 0xAF, 0xE6, 0xBF, 0x7F, 0x9F, 0xFE, 0xD8, 0xCF, 0xFF, 0xF7, 0xC0,
	0xC1, 0x9E, 0xBE, 0x7F, 0x3E, 0xB5, 0x4F, 0xF3, 0xF8, 0x00, 0x00, 0x03,
	0x01, 0xD9, 0x7C, 0x00, 0x00, 0xA7, 0xFE, 0x00, 0x7C, 0xF2, 0x36, 0x02,
	0x00, 0x00, 0x01, 0xDB, 0x76, 0xD5, 0x2F, 0x3F, 0xF3, 0xD6, 0x7B, 0xF6,
	0x5F, 0xF7, 0xFF, 0x8D, 0x2F, 0xFB, 0x7F, 0xFF, 0xDC, 0x01, 0x8F, 0xF9,
	0xEF, 0x00, 0x00, 0x00, 0x3B, 0xFC, 0x60, 0x00, 0x00, 0xE6, 0x7C, 0x0F,
	0xD7, 0x75, 0x88, 0x10, 0x00, 0x00, 0x00, 0x01, 0x7D, 0xEF, 0xFF, 0x3F,
	0xFF, 0xF9, 0x7F, 0xE2, 0xBF, 0xF8, 0xFF, 0xC7, 0x8F, 0xF8, 0xEF, 0x3F,
	0xE5, 0xFF, 0xE7, 0x3F, 0xEE, 0x00, 0x00, 0x00, 0x01, 0xFC, 0x60, 0x00,
	0x00, 0xD0, 0x00, 0x00, 0x7D, 0xE2, 0x40, 0x00, 0x00, 0x04, 0x00, 0x06,
	0x0E, 0xFF, 0xFE, 0xDD, 0x9F, 0xF7, 0xFB, 0xF4, 0xF3, 0x17, 0x38, 0xF3,
	0x88, 0xFF, 0xFC, 0xF1, 0xEE, 0x31, 0xEF, 0xFE, 0x7C, 0x00, 0x00, 0x1E,
	0x00, 0xFD, 0xF8, 0x00, 0x00, 0xC2, 0x00, 0x00, 0x00, 0x18, 0x00, 0x00,
	0x00, 0x00, 0x80, 0x00, 0x07, 0xE3, 0x77, 0xFF, 0x7F, 0xFF, 0xA1, 0xFE,
	0xB3, 0x99, 0x3B, 0xE7, 0xF7, 0xFF, 0xF1, 0x3F, 0xE0, 0xD0, 0x7F, 0xFC,
	0x18, 0x00, 0x18, 0x00, 0x01, 0xFF, 0xF8, 0x00, 0x00, 0xA6, 0x00, 0x00,
	0x00, 0x00, 0x00, 0x68, 0x00, 0x00, 0x00, 0x1E, 0x07, 0xFB, 0x37, 0xFF,
	0x66, 0xFF, 0x9A, 0xF5, 0xF3, 0x7B, 0xFF, 0xFF, 0xFF, 0xFF, 0xFE, 0xFF,
	0x00, 0x3E, 0x0F, 0xC1, 0xF0, 0x18, 0x10, 0x0F, 0x81, 0xFF, 0x9E, 0x00,
	0x00, 0x80, 0x00, 0x00, 0x00, 0x00, 0x00, 0x09, 0x00, 0x48, 0x00, 0xE7,
	0x3F, 0xD8, 0xDF, 0xFF, 0xDE, 0xDA, 0xFC, 0xEE, 0xFD, 0xFF, 0x79, 0x41,
	0xFF, 0xFF, 0xFF, 0x2D, 0xF4, 0xF8, 0x1F, 0xFF, 0xF8, 0xC8, 0x00, 0x07,
	0x00, 0xF9, 0x41, 0xD0, 0x00, 0x00, 0x37, 0xFE, 0x00, 0x42, 0x40, 0x20,
	0x00, 0x00, 0x7E, 0x48, 0x1D, 0x07, 0xFF, 0xFF, 0xE9, 0x1E, 0xF7, 0x6F,
	0xFF, 0xC4, 0xFF, 0xB1, 0xFF, 0xFF, 0xFF, 0x9B, 0x6C, 0x3F, 0xD8, 0xFF,
	0xC0, 0x00, 0x00, 0x01, 0xF0, 0x3C, 0x10, 0x00, 0x34, 0x00, 0xC0, 0x00,
	0x63, 0x06, 0x06, 0x40, 0x00, 0x1B, 0x85, 0x40, 0x1D, 0xF9, 0xBF, 0xFF,
	0x90, 0x2C, 0xFD, 0x77, 0xFF, 0xDF, 0xE7, 0xCF, 0xFF, 0xFF, 0xE0, 0xFE,
	0x3F, 0xFF, 0xFD, 0xFB, 0x8C, 0x03, 0x00, 0x00, 0xFF, 0xDD, 0x30, 0x10,
	0x0F, 0x82, 0x80, 0x21, 0x9A, 0x07, 0x00, 0x8F, 0x60, 0x05, 0x81, 0x00,
	0x7E, 0x1F, 0x9F, 0xFF, 0xFF, 0xFF, 0x1F, 0x6F, 0xCF, 0xFF, 0xFF, 0xFF,
	0x6F, 0xFA, 0xD0, 0xFF, 0x9E, 0xFF, 0xDF, 0xFD, 0xB7, 0xC8, 0x00, 0x04,
	0x0D, 0xFE, 0x60, 0x40, 0x08, 0x10, 0x00, 0xA3, 0x00, 0x04, 0x00, 0x01,
	0x60, 0x0E, 0x80, 0x41, 0xF7, 0x29, 0x3F, 0xFF, 0xF4, 0xEF, 0x9E, 0xDF,
	0x9F, 0xFB, 0xF7, 0x6B, 0xFF, 0xFD, 0x1E, 0xF8, 0xFC, 0x7D, 0xC3, 0xFF,
	0x00, 0x19, 0x00, 0x08, 0x06, 0x3F, 0xC5, 0x90, 0x1E, 0xB0, 0xF0, 0x05,
	0x66, 0xFF, 0xB8, 0x22, 0xEC, 0x00, 0x00, 0x05, 0xF0, 0xC7, 0xFF, 0xFF,
	0xBD, 0xF7, 0xF2, 0xB5, 0xFB, 0xFF, 0xBE, 0xF7, 0xFC, 0xFF, 0xFF, 0xFF,
	0xFF, 0xF6, 0x7E, 0x00, 0x1C, 0xE0, 0x00, 0x00, 0x03, 0xFB, 0x80, 0x66,
	0x5C, 0xA8, 0x28, 0x20, 0x66, 0x60, 0x20, 0x5D, 0x13, 0x80, 0x00, 0x03,
	0x61, 0x99, 0xFF, 0x7C, 0xBF, 0xFF, 0xFF, 0x3F, 0x93, 0xFE, 0xBF, 0x5E,
	0xF6, 0xFE, 0x41, 0xFF, 0x0F, 0xFB, 0x0F, 0xFD, 0x03, 0xC8, 0x00, 0x05,
	0x10, 0x64, 0x00, 0x36, 0xD6, 0x3C, 0x9E, 0x40, 0x1A, 0x1C, 0x30, 0x0E,
	0x8C, 0x00, 0xBA, 0x17, 0x2F, 0xBB, 0xF7, 0x7C, 0xFF, 0xFE, 0x72, 0x07,
	0xFD, 0xFF, 0xFE, 0x4B, 0xDD, 0xE7, 0x97, 0x5C, 0xFB, 0x61, 0xDF, 0xFF,
	0xFF, 0xFC, 0x10, 0x00, 0x38, 0x70, 0x0E, 0x03, 0xE0, 0x11, 0xE5, 0x42,
	0x0A, 0x7E, 0x88, 0x00, 0x00, 0x01, 0x70, 0x0F, 0xB9, 0xBB, 0xEF, 0x3E,
	0xBD, 0x7F, 0x27, 0x3F, 0x3F, 0xCF, 0xE9, 0xF2, 0x5F, 0x40, 0x93, 0x5C,
	0x73, 0xDB, 0x40, 0x07, 0xFF, 0x80, 0x00, 0x00, 0x08, 0x29, 0xC9, 0x00,
	0x4C, 0x22, 0x70, 0x00, 0x0F, 0x5C, 0x00, 0x00, 0x00, 0x00, 0xFB, 0x1D,
	0x03, 0xBD, 0xFC, 0x4F, 0xDD, 0xFE, 0xDF, 0xBF, 0xFB, 0x7E, 0x6E, 0xF9,
	0xB8, 0xC0, 0x4F, 0xEB, 0xCE, 0xBE, 0x7F, 0xFC, 0x0E, 0x18, 0x00, 0x00,
	0x03, 0xFE, 0x78, 0xC0, 0x13, 0xE1, 0x80, 0x04, 0x00, 0x00, 0x00, 0x00,
	0x00, 0x18, 0xC0, 0xCD, 0xE3, 0xFE, 0x53, 0xAF, 0xFF, 0xFF, 0x3C, 0x2F,
	0xFF, 0xED, 0xC1, 0x7F, 0x7D, 0xC0, 0xFF, 0xF5, 0xF9, 0xFF, 0xEF, 0x86,
	0x00, 0x07, 0x80, 0x00, 0x40, 0xF9, 0xE8, 0xF8, 0x00, 0xFE, 0x00, 0x81,
	0x10, 0x00, 0x01, 0x80, 0x00, 0xDF, 0x40, 0x07, 0x57, 0xFE, 0x07, 0xFF,
	0xFF, 0xA8, 0x64, 0xDF, 0xFF, 0xDF, 0x84, 0x5F, 0xFF, 0x8F, 0xDF, 0xF4,
	0x7B, 0xFF, 0xBF, 0xBF, 0xF1, 0x80, 0x18, 0x00, 0x33, 0xF6, 0x1A, 0x00,
	0x10, 0x0C, 0x03, 0x80, 0x1C, 0x00, 0x00, 0x00, 0x00, 0x01, 0x77, 0x9F,
	0xE7, 0xF4, 0xCF, 0xFF, 0xFF, 0x4F, 0x6F, 0xE7, 0xF3, 0xDF, 0xAF, 0xF1,
	0xF8, 0xFF, 0xFF, 0xED, 0x3D, 0xBF, 0x06, 0xFF, 0xFF, 0xF0, 0xF0, 0x00,
	0x07, 0xFF, 0x4D, 0xFD, 0x2C, 0x71, 0x2B, 0xE0, 0x04, 0x00, 0x00, 0x00,
	0x03, 0x00, 0xDA, 0x37, 0x66, 0xF8, 0x7C, 0x7E, 0x7F, 0xE8, 0xF7, 0xFD,
	0xFF, 0xFF, 0xE1, 0xFC, 0xDF, 0xBF, 0xF6, 0x20, 0xD2, 0x77, 0x00, 0x24,
	0x6E, 0xE0, 0x08, 0x0C, 0x03, 0xF9, 0xFD, 0x3C, 0x00, 0x00, 0xCC, 0xF0,
	0x0C, 0x00, 0x00, 0x00, 0x02, 0x20, 0xBA, 0x7F, 0xFF, 0xFF, 0x5F, 0xBF,
	0xFF, 0xFF, 0xFF, 0xFA, 0x9F, 0xFF, 0xED, 0xFD, 0xFF, 0xD8, 0x9A, 0x00,
	0x1F, 0xFF, 0xEE, 0x89, 0xFC, 0xA0, 0x08, 0x07, 0xE3, 0xFF, 0xFC, 0x40,
	0x01, 0x00, 0x2C, 0xC0, 0x04, 0x00, 0x00, 0x00, 0x08, 0x00, 0x02, 0xBF,
	0xFF, 0xF5, 0x6F, 0xFF, 0xF2, 0x3F, 0xFF, 0xE5, 0xFE, 0xF5, 0x8F, 0xF7,
	0xCF, 0xCE, 0x3C, 0x06, 0x3E, 0xFA, 0x7F, 0xF0, 0xFE, 0x4F, 0x8F, 0x00,
	0x1F, 0xFF, 0xF8, 0x00, 0xF0, 0x5D, 0xEE, 0x02, 0x0E, 0x02, 0x00, 0x01,
	0x08, 0x28, 0x1F, 0xE1, 0xF7, 0xEB, 0xFF, 0x7F, 0xFF, 0xFF, 0xFF, 0xFD,
	0xC6, 0x07, 0x8F, 0xFF, 0x9B, 0x00, 0x8E, 0xFE, 0xC8, 0xDC, 0x1C, 0x7E,
	0xF9, 0x0F, 0x83, 0xC0, 0x19, 0xBF, 0xFC, 0x85, 0x85, 0x40, 0x40, 0x1D,
	0xC0, 0x01, 0x90, 0x60, 0x04, 0x20, 0x1B, 0xC0, 0xFF, 0xED, 0xBE, 0x1F,
	0xFF, 0xFF, 0xFF, 0xFD, 0x38, 0x31, 0xF7, 0x9F, 0xFD, 0x5B, 0x80, 0xFB,
	0xB0, 0x34, 0x4F, 0x80, 0x08, 0x1C, 0x00, 0x00, 0x0F, 0xF9, 0xEF, 0x81,
	0x94, 0x0A, 0x00, 0x04, 0x40, 0x00, 0x17, 0x61, 0xF0, 0x0F, 0xB0, 0x00,
	0x1B, 0xFB, 0xFE, 0xAF, 0xFF, 0xFF, 0x7F, 0xFE, 0xBF, 0x7B, 0x37, 0xF9,
	0xFB, 0x3E, 0xFB, 0xFE, 0x7A, 0x31, 0x3E, 0x81, 0x00, 0xC0, 0x00, 0x00,
	0x0B, 0xFF, 0xEE, 0x8A, 0x88, 0x08, 0x1A, 0x80, 0x80, 0x08, 0x15, 0x5F,
	0xFC, 0x12, 0x18, 0x01, 0x8B, 0xEF, 0xF7, 0x17, 0xFF, 0xFF, 0xFF, 0xFD,
	0xBB, 0xDB, 0x74, 0xFF, 0xFF, 0xF7, 0xA3, 0x2D, 0x4E, 0x99, 0xE3, 0x3F,
	0x01, 0xFE, 0x00, 0xFC, 0x07, 0xEC, 0x11, 0xB0, 0x40, 0x39, 0x10, 0x80,
	0x04, 0x81, 0x82, 0x25, 0xE0, 0x08, 0x64, 0x00, 0x00, 0x9B, 0xF0, 0xEB,
	0xFF, 0xFF, 0xFF, 0xFF, 0x37, 0x23, 0x3C, 0x00, 0x6D, 0xFF, 0xD2, 0xDB,
	0x04, 0x80, 0x01, 0xCF, 0xDF, 0xFE, 0x00, 0x30, 0x1D, 0xF2, 0x00, 0xD0,
	0x00, 0x00, 0xCA, 0x9A, 0xF0, 0x74, 0x40, 0xEA, 0x00, 0x06, 0x3A, 0x02,
	0x0F, 0xBE, 0xFA, 0x87, 0xFF, 0xFF, 0xFF, 0xE7, 0x1F, 0xCF, 0x9B, 0x1F,
	0x1B, 0x8F, 0x9A, 0xBF, 0xF3, 0xFF, 0xB6, 0xDF, 0xE7, 0xE7, 0xC0, 0xFF,
	0x1F, 0xA8, 0x71, 0x6A, 0x00, 0x24, 0x04, 0x8F, 0x00, 0x40, 0x17, 0x20,
	0x00, 0x03, 0xF3, 0x01, 0x21, 0x7F, 0xF2, 0x71, 0xFF, 0xFF, 0xFF, 0xAC,
	0xCF, 0xEE, 0x0F, 0xF0, 0x01, 0xBE, 0x41, 0x7F, 0x07, 0xDF, 0x83, 0x4B,
	0xBF, 0xDF, 0xFE, 0x80, 0x5F, 0xF8, 0x20, 0x88, 0x80, 0x0F, 0x25, 0x60,
	0x00, 0x0F, 0x22, 0x46, 0x60, 0x5D, 0xC0, 0x80, 0x7B, 0xEF, 0xF4, 0x13,
	0xFF, 0xD1, 0xFF, 0xCF, 0x8A, 0xB0, 0x03, 0xFF, 0xFF, 0xEC, 0xF9, 0xC2,
	0x1F, 0xF8, 0x0F, 0x60, 0x07, 0xF8, 0xFD, 0x82, 0xFF, 0xDD, 0xFC, 0x62,
	0x31, 0x25, 0xF3, 0x83, 0x04, 0x00, 0x00, 0x00, 0x00, 0x18, 0x00, 0x78,
	0x0B, 0xFB, 0x6E, 0x3D, 0xFF, 0xFF, 0xFF, 0x7E, 0x5F, 0xB0, 0x3B, 0x83,
	0xDE, 0xFE, 0x00, 0x80, 0xFE, 0xB8, 0xDC, 0x80, 0x3F, 0x40, 0x04, 0x00,
	0x7E, 0xAF, 0x7C, 0xA5, 0x14, 0x01, 0xE0, 0x20, 0x0B, 0xC3, 0x40, 0x00,
	0x00, 0x1C, 0x01, 0xE0, 0x2F, 0xFB, 0xDE, 0x28, 0xFF, 0xFF, 0xDD, 0xFF,
	0x61, 0x7E, 0x59, 0x85, 0x7E, 0x30, 0x3A, 0xCF, 0xC1, 0x0F, 0xDE, 0x7F,
	0x47, 0xC0, 0x00, 0x02, 0xFF, 0xD9, 0xFF, 0x82, 0x60, 0x80, 0xCF, 0x00,
	0x07, 0xA1, 0xD8, 0x20, 0xA9, 0x0C, 0x00, 0x62, 0xFF, 0xCF, 0xF1, 0x1C,
	0x39, 0xF7, 0xF5, 0xF7, 0xFB, 0xD0, 0xF2, 0xFC, 0xF0, 0x00, 0x1D, 0xF9,
	0x99, 0x83, 0xF3, 0xBF, 0x81, 0xA0, 0x00, 0x00, 0xE1, 0x2C, 0xBC, 0x23,
	0x00, 0x00, 0x64, 0x41, 0x82, 0x20, 0xC0, 0x01, 0xA5, 0x5D, 0x18, 0x08,
	0xFF, 0x5B, 0xC0, 0xD3, 0x3F, 0xFF, 0xF6, 0x7F, 0x4D, 0xE3, 0xEF, 0xFF,
	0xE1, 0xFF, 0x3D, 0xAC, 0x47, 0xF1, 0xFF, 0xFF, 0x80, 0x00, 0x02, 0x07,
	0x69, 0xDD, 0x6F, 0x01, 0x82, 0x00, 0x0E, 0x08, 0x00, 0xA0, 0x0C, 0x9D,
	0x0E, 0x1F, 0x71, 0x45, 0x3F, 0xEF, 0x00, 0x1E, 0xBF, 0xFF, 0xC7, 0xC6,
	0x5E, 0x8F, 0x6D, 0x5F, 0xF3, 0xFD, 0xC0, 0x86, 0x7F, 0xF3, 0xFF, 0xFF,
	0xE7, 0xC0, 0x00, 0x07, 0x5C, 0xDD, 0xBF, 0x00, 0x18, 0x00, 0x40, 0x98,
	0x40, 0x01, 0x84, 0x1C, 0xF8, 0x21, 0x00, 0x07, 0xFD, 0xFC, 0x00, 0x0A,
	0x3F, 0xFF, 0x1E, 0x57, 0x2C, 0x6F, 0xFF, 0xF0, 0x79, 0x7C, 0x58, 0xD0,
	0x3F, 0xFF, 0xF9, 0xCC, 0x87, 0x00, 0x00, 0x07, 0xB7, 0x83, 0xFC, 0x00,
	0xAA, 0x08, 0x01, 0x82, 0xD0, 0x76, 0x44, 0xDE, 0x80, 0x00, 0x00, 0x0B,
	0x76, 0xF8, 0x00, 0x16, 0xDF, 0xFC, 0x77, 0x3B, 0xF1, 0xFB, 0x8C, 0x06,
	0xFE, 0x21, 0xC4, 0x00, 0x3F, 0xE7, 0xFE, 0x60, 0x18, 0x00, 0x00, 0x03,
	0x7F, 0x03, 0xEC, 0x01, 0x22, 0x4B, 0xC8, 0x04, 0xC9, 0x80, 0x01, 0x43,
	0x80, 0x80, 0x00, 0x66, 0xFF, 0xC0, 0x3F, 0xFF, 0xEF, 0xFA, 0x38, 0x37,
	0x00, 0x1E, 0x03, 0x2F, 0x80, 0x5E, 0xEB, 0xE3, 0x0F, 0x81, 0xEE, 0x84,
	0x00, 0x00, 0x00, 0xF3, 0x7F, 0x9C, 0x00, 0x30, 0x32, 0x01, 0x90, 0x98,
	0x7F, 0x00, 0x00, 0x21, 0x8F, 0x80, 0x04, 0x11, 0xFF, 0xC0, 0xDF, 0xFF,
	0xEF, 0xF1, 0x5A, 0xDF, 0xDC, 0x00, 0xC3, 0xFE, 0xFD, 0x03, 0x0F, 0xFB,
	0x9F, 0x1F, 0x80, 0x60, 0x00, 0x00, 0x00, 0xEF, 0xFF, 0xF2, 0x00, 0x00,
	0x54, 0x6A, 0x06, 0xE2, 0x7F, 0xE0, 0x01, 0x01, 0xE1, 0xC0, 0x02, 0xDF,
	0xFB, 0x85, 0xFF, 0xFF, 0xFF, 0xE3, 0xF5, 0x1C, 0x20, 0x14, 0x20, 0x1F,
	0xD6, 0x80, 0xC3, 0xF1, 0xEF, 0xEF, 0x01, 0xF8, 0x30, 0x15, 0x1F, 0xFF,
	0xFF, 0xFC, 0x00, 0x0C, 0x0D, 0x48, 0x1F, 0xFF, 0x0E, 0x58, 0x20, 0x41,
	0x59, 0x00, 0x02, 0x3F, 0xEF, 0xE0, 0x35, 0xA7, 0xFF, 0xDF, 0xF7, 0xF9,
	0xC0, 0x3B, 0x01, 0xE8, 0xE6, 0xFD, 0xE0, 0x1E, 0x67, 0xFF, 0x00, 0x60,
	0x30, 0x1B, 0xFE, 0xFC, 0x3F, 0xEE, 0x00, 0x53, 0x74, 0x00, 0xFF, 0xFC,
	0x00, 0x18, 0x43, 0x41, 0xF0, 0x80, 0x0B, 0xFF, 0xEB, 0x08, 0x00, 0x0F,
	0xDD, 0xDF, 0xFF, 0xF9, 0xFD, 0x9E, 0x26, 0x17, 0x00, 0x0B, 0xE3, 0xC0,
	0x00, 0x9E, 0x05, 0x3C, 0x40, 0x04, 0xFF, 0xF9, 0x07, 0xCE, 0x00, 0x63,
	0x40, 0x80, 0x13, 0x3E, 0x30, 0x00, 0x07, 0x00, 0x80, 0x00, 0x00, 0xFF,
	0xF6, 0x08, 0x00, 0x1A, 0x0F, 0xEF, 0xCF, 0xA6, 0xD0, 0x0C, 0xF8, 0x05,
	0xF8, 0x00, 0x2F, 0xE3, 0x01, 0xFE, 0xFE, 0x9F, 0x80, 0x07, 0xFF, 0xE0,
	0x36, 0x08, 0x00, 0x92, 0xA0, 0x02, 0xFB, 0xDF, 0xFD, 0x00, 0x18, 0x35,
	0x00, 0x00, 0x15, 0xFF, 0xC0, 0x00, 0x00, 0x00, 0x07, 0xFE, 0x50, 0x1B,
	0x40, 0x3E, 0xFB, 0x7F, 0xFA, 0x3F, 0xC7, 0xC7, 0x5C, 0x07, 0xFF, 0x03,
	0xD2, 0x01, 0xFF, 0x80, 0x7F, 0xFF, 0x11, 0xC8, 0x47, 0xE4, 0xFB, 0xFC,
	0x18, 0x10, 0xFC, 0x08, 0x00, 0x28, 0xFB, 0xFF, 0x80, 0x00, 0x00, 0x00,
	0x29, 0xDB, 0xDC, 0x2D, 0x3E, 0x1F, 0xFB, 0xFF, 0xFC, 0xFF, 0x9F, 0xF8,
	0x3F, 0xFF, 0xFF, 0xFF, 0xFF, 0xF5, 0x71, 0x81, 0xE6, 0xE8, 0xC8, 0x94,
	0x98, 0x2F, 0x7F, 0xFF, 0x9C, 0x20, 0xE0, 0x42, 0x03, 0xC7, 0xF7, 0xFF,
	0x00, 0x00, 0x00, 0x00, 0x17, 0xFF, 0x96, 0x1F, 0x40, 0x79, 0xF6, 0xD8,
	0xF8, 0xFF, 0x07, 0xF5, 0xFF, 0xFF, 0xE0, 0x21, 0xFF, 0xF0, 0x07, 0xE0,
	0xFC, 0xF0, 0x08, 0xA0, 0x18, 0x00, 0x03, 0xE0, 0x3D, 0x07, 0xAD, 0xCF,
	0x42, 0x9F, 0xEF, 0xFB, 0x80, 0x00, 0x00, 0x00, 0x47, 0xBD, 0x7F, 0xAD,
	0xF8, 0x80, 0x0B, 0xBF, 0xFB, 0x1E, 0x8F, 0xA0, 0x03, 0x0F, 0xFF, 0xE0,
	0xE1, 0xFF, 0x00, 0xED, 0x3E, 0xD8, 0x09, 0xB0, 0x04, 0x37, 0x92, 0x00,
	0x04, 0x70, 0x20, 0x30, 0x01, 0xED, 0xEF, 0xF7, 0x80, 0x00, 0x00, 0x00,
	0xA7, 0xFA, 0x9D, 0xFF, 0x08, 0x0E, 0x5A, 0xB9, 0x0F, 0xC7, 0x40, 0xA0,
	0x08, 0x0E, 0x7F, 0xF0, 0x1F, 0xF8, 0x00, 0x4F, 0xFA, 0xDC, 0x12, 0xB8,
	0x0E, 0x78, 0x24, 0x96, 0x7F, 0xFD, 0xB0, 0x00, 0x02, 0x7F, 0xDF, 0xF4,
	0x00, 0x00, 0x00, 0x01, 0xDC, 0xEF, 0xFB, 0xFF, 0x70, 0x1F, 0xE7, 0xFF,
	0xDE, 0x0F, 0xBF, 0xD2, 0xE1, 0x9D, 0xFF, 0xFF, 0xFF, 0xFF, 0xFB, 0x86,
	0xD9, 0xFC, 0x95, 0xC8, 0x00, 0x7F, 0xA0, 0x38, 0x00, 0x78, 0x80, 0x14,
	0x05, 0x3C, 0xBF, 0xF8, 0x00, 0x00, 0x00, 0x03, 0x8E, 0x7D, 0xFB, 0xBF,
	0xE8, 0x7F, 0xF3, 0xAF, 0xFF, 0xFF, 0xF8, 0x2B, 0xCF, 0xFF, 0xFD, 0xED,
	0xEF, 0xFF, 0xEC, 0x3A, 0x7E, 0x3E, 0x33, 0x3D, 0x83, 0x1F, 0xC0, 0x60,
	0x00, 0x10, 0x00, 0x18, 0x0D, 0x06, 0x9F, 0xF0, 0x00, 0x00, 0x00, 0x07,
	0x3E, 0xAB, 0xEB, 0xFF, 0xFF, 0x94, 0xFA, 0xBE, 0xFF, 0xF5, 0xC1, 0xE3,
	0xBD, 0x3F, 0xF7, 0xFF, 0x83, 0xFF, 0xFE, 0x9F, 0xFF, 0x7E, 0x5C, 0xC4,
	0x0C, 0x0F, 0xC8, 0xE0, 0x41, 0x44, 0xE0, 0x08, 0x03, 0xDE, 0xCF, 0xA0,
	0x00, 0x00, 0x00, 0x07, 0x3D, 0xD3, 0xFF, 0x7F, 0xFF, 0xAC, 0xD8, 0x00,
	0x9F, 0xFF, 0x8F, 0x3F, 0xBD, 0x9F, 0xFF, 0xFF, 0xFF, 0xFF, 0xC0, 0xF7,
	0xFF, 0x7E, 0xCB, 0x48, 0x3C, 0x12, 0x8B, 0x60, 0x18, 0x50, 0x1C, 0x08,
	0x00, 0x73, 0xEF, 0x80, 0x00, 0x00, 0x00, 0x01, 0x1F, 0xD1, 0xFF, 0xFF,
	0xFF, 0xDB, 0x10, 0x1F, 0xFF, 0xF8, 0x0E, 0xF7, 0xF6, 0xFF, 0xDF, 0xEF,
	0xFB, 0xFF, 0xFC, 0x58, 0x3B, 0x67, 0xF6, 0x68, 0x20, 0x01, 0x03, 0xA0,
	0x00, 0x62, 0x80, 0x04, 0x40, 0x3A, 0xFF, 0x80, 0x00, 0x00, 0x00, 0x0C,
	0x9F, 0x9D, 0xFE, 0xFF, 0xEB, 0xE0, 0x3C, 0xFD, 0xFF, 0x10, 0xDF, 0xED,
	0xF3, 0x73, 0xFF, 0xE7, 0xFF, 0x3F, 0xFE, 0x49, 0x87, 0xF7, 0xF8, 0x48,
	0x50, 0x24, 0x80, 0x00, 0x05, 0x2B, 0x80, 0x02, 0x00, 0xBF, 0xF7, 0xC0,
	0x00, 0x00, 0x00, 0x00, 0x17, 0xBF, 0xFB, 0xFF, 0x70, 0x07, 0x3B, 0xFD,
	0xFC, 0xFC, 0x42, 0x37, 0xCA, 0xE0, 0x7F, 0xEF, 0xFB, 0xF3, 0x7E, 0x0F,
	0xE7, 0xFB, 0xC3, 0xC2, 0x83, 0x00, 0x00, 0x00, 0x00, 0x35, 0x10, 0xEB,
	0xE0, 0x67, 0xFF, 0xE0, 0x00, 0x00, 0x00, 0x18, 0x7F, 0xAE, 0xFF, 0xFF,
	0xB7, 0xE0, 0xFC, 0xA6, 0x3F, 0xFF, 0xC4, 0x9E, 0xEC, 0x70, 0xFF, 0xE5,
	0xFF, 0xF0, 0x1C, 0xF1, 0xFD, 0xFF, 0xC1, 0x40, 0x1F, 0x15, 0x80, 0x00,
	0x02, 0x0E, 0x00, 0x0D, 0x00, 0x13, 0xFF, 0xC0, 0x00, 0x00, 0x00, 0x17,
	0xDF, 0xEF, 0xFF, 0xFF, 0xDB, 0xC3, 0xE5, 0x45, 0xC6, 0x7C, 0xD7, 0x8A,
	0x16, 0xFF, 0xFF, 0x40, 0xFF, 0xF4, 0xF7, 0xFF, 0xFF, 0xEE, 0x00, 0x40,
	0x5D, 0x81, 0xD3, 0x40, 0x03, 0x40, 0x00, 0x0B, 0x80, 0xB7, 0xDF, 0x80,
	0x00, 0x0E, 0x00, 0x22, 0xEA, 0x7F, 0xFF, 0xFF, 0xF4, 0xC1, 0xCF, 0xEF,
	0xCF, 0x7A, 0xC1, 0x8F, 0xFB, 0xFC, 0xBF, 0xF7, 0xFF, 0xF9, 0xC0, 0xFE,
	0x7F, 0xFF, 0x0C, 0x40, 0x01, 0x00, 0x82, 0x40, 0x10, 0x00, 0x00, 0x04,
	0x0F, 0x00, 0x40, 0x00, 0x00, 0xD3, 0x00, 0x35, 0xFF, 0xEF, 0xF3, 0xFE,
	0x02, 0x4F, 0xE1, 0xBF, 0x9F, 0xF9, 0xEE, 0xB7, 0xAD, 0xBE, 0x7F, 0xF7,
	0xFF, 0xFF, 0xC0, 0x4D, 0xDB, 0xF9, 0xC6, 0xD0, 0x00, 0x01, 0x04, 0x20,
	0x54, 0x00, 0x00, 0x00, 0x08, 0x00, 0x7E, 0x00, 0x1E, 0x06, 0x00, 0x73,
	0xF6, 0xC9, 0xFF, 0x7F, 0x80, 0x42, 0xF8, 0xBF, 0xFF, 0xA1, 0xFE, 0x76,
	0x00, 0xFF, 0x7F, 0xE7, 0xFE, 0x1F, 0x06, 0x88, 0x7B, 0xE3, 0xFE, 0x44,
	0x20, 0x00, 0x03, 0x03, 0x00, 0x00, 0x08, 0x01, 0xB0, 0x00, 0x00, 0x00,
	0x3C, 0x1C, 0x60, 0x07, 0xFB, 0xF0, 0xFF, 0xFF, 0xCC, 0x12, 0xE7, 0x1F,
	0xFD, 0xDB, 0xFE, 0x44, 0x9E, 0xFF, 0x67, 0xFF, 0xFE, 0x9F, 0x7C, 0xBF,
	0xF7, 0xC6, 0x62, 0xF2, 0x02, 0x00, 0x21, 0x82, 0x00, 0x00, 0x08, 0x09,
	0x76, 0x00, 0x30, 0x00, 0x20, 0x00, 0xC0, 0x43, 0xEC, 0x7F, 0xFB, 0xFE,
	0x7F, 0xFE, 0x7D, 0xE6, 0xFF, 0xE7, 0xFF, 0xFE, 0x0F, 0xFF, 0xFF, 0xFF,
	0x7F, 0x9F, 0xFE, 0x6B, 0xBF, 0xC3, 0xEF, 0x39, 0x00, 0x00, 0x80, 0x00,
	0x80, 0x00, 0x00, 0x00, 0xDF, 0x00, 0x56, 0x00, 0x00, 0x00, 0x01, 0x11,
	0xFF, 0x35, 0xFF, 0xFE, 0x8E, 0xFA, 0xFF, 0xF1, 0xCE, 0x2E, 0xFE, 0x78,
	0x1F, 0x6F, 0xFC, 0xFF, 0xFB, 0x7F, 0xBF, 0x1F, 0x3B, 0xD3, 0xF9, 0xC4,
	0x10, 0x00, 0x10, 0x03, 0x00, 0x02, 0x00, 0x00, 0xFF, 0x40, 0xA0, 0x00,
	0x00, 0x00, 0x01, 0x95, 0xF9, 0x0B, 0x3F, 0xFF, 0xF3, 0x17, 0xB6, 0xCF,
	0x9D, 0x1B, 0xC3, 0xE4, 0xFF, 0x7E, 0xFA, 0xFF, 0xF5, 0xFF, 0xFF, 0xFF,
	0x3D, 0xE1, 0xF8, 0x10, 0xA8, 0x00, 0xF1, 0x81, 0xC0, 0x00, 0x82, 0x00,
	0xFF, 0xC1, 0x81, 0x00, 0x00, 0x00, 0x02, 0x7F, 0xF6, 0xA7, 0xDF, 0xFF,
	0xF0, 0x0F, 0x85, 0xF3, 0xFF, 0xFF, 0xE1, 0x7D, 0xFB, 0x7D, 0xFF, 0xF0,
	0xFF, 0xF7, 0xFF, 0xF6, 0xFB, 0x31, 0xD3, 0x95, 0xCA, 0x00, 0x78, 0x21,
	0x40, 0x00, 0x00, 0x01, 0xFE, 0xB2, 0x3F, 0x00, 0x00, 0x00, 0x0F, 0x7F,
	0xF7, 0x77, 0xFF, 0xFF, 0xFA, 0x7E, 0x3F, 0x6E, 0x40, 0x3F, 0xFF, 0xCB,
	0x9C, 0xEB, 0x46, 0x9B, 0xFF, 0xFF, 0xFF, 0xF6, 0xF7, 0x40, 0xFE, 0xE9,
	0x23, 0x86, 0x20, 0x06, 0x0A, 0x00, 0x00, 0x00, 0xFF, 0x78, 0xA7, 0x80,
	0x00, 0x00, 0x0E, 0x7F, 0xFF, 0xBE, 0xF1, 0xFB, 0x47, 0xBC, 0xFF, 0x7E,
	0x00, 0x1E, 0xED, 0xF1, 0xE1, 0x8E, 0x7F, 0x01, 0x2F, 0xFF, 0xFE, 0xFD,
	0xE1, 0x90, 0x7C, 0x0A, 0x04, 0x00, 0x18, 0x41, 0xCA, 0x00, 0x00, 0x00,
	0x5F, 0xBB, 0xCF, 0xDE, 0x70, 0x00, 0x3C, 0x7F, 0xFB, 0xEC, 0xFE, 0x7A,
	0x1F, 0xF7, 0x4E, 0xCF, 0xD2, 0x23, 0xF3, 0x63, 0x00, 0x1B, 0xE7, 0x23,
	0xFF, 0xFD, 0x87, 0xB7, 0xE0, 0x00, 0x3F, 0x7C, 0x01, 0x42, 0x04, 0x00,
	0xC0, 0x0C, 0x00, 0x00, 0x3F, 0xA0, 0x78, 0x81, 0x0C, 0x00, 0x62, 0x05,
	0xF9, 0xFD, 0x7F, 0xF7, 0x8A, 0xFB, 0xC6, 0x46, 0xF6, 0x41, 0xFD, 0xE7,
	0x00, 0x1A, 0x99, 0xE3, 0xFF, 0xF8, 0x0F, 0x7F, 0x60, 0x00, 0x1E, 0x27,
	0x41, 0x80, 0x03, 0xC1, 0x88, 0x0E, 0x40, 0x00, 0x1F, 0xE0, 0x16, 0xC0,
	0x1F, 0xC0, 0x20, 0x7F, 0xFB, 0xFE, 0xFF, 0x9F, 0x77, 0xFF, 0x9E, 0x3B,
	0xF3, 0x07, 0xFF, 0x2F, 0x40, 0x08, 0x3B, 0x83, 0xFC, 0xE4, 0x7E, 0x7E,
	0xE0, 0x00, 0x1F, 0x40, 0xBA, 0x60, 0x00, 0x00, 0x00, 0x00, 0x00, 0xBE,
	0x30, 0x08, 0x2F, 0x10, 0x3F, 0x7C, 0x58, 0x1F, 0xFF, 0xFD, 0x9F, 0x7F,
	0x86, 0xF7, 0xEF, 0xF0, 0xFB, 0xDF, 0xFF, 0xFE, 0x87, 0xD3, 0xDF, 0x01,
	0xFE, 0x70, 0x1C, 0x9F, 0xEF, 0xC1, 0x00, 0x21, 0x8E, 0x30, 0x00, 0x00,
	0x06, 0x01, 0xF8, 0xCD, 0x80, 0x70, 0x34, 0x29, 0x77, 0xD3, 0x7A, 0x6F,
	0xFD, 0x38, 0x1F, 0xFF, 0x03, 0x9F, 0xFF, 0x35, 0xDE, 0x79, 0x80, 0x7C,
	0x3F, 0xF7, 0x8F, 0xE0, 0x77, 0x00, 0x59, 0x9F, 0xFF, 0xD4, 0x06, 0xB1,
	0x08, 0x34, 0x00, 0x00, 0x02, 0x5D, 0xFF, 0xF8, 0x01, 0x6D, 0x07, 0x5F,
	0xFE, 0xFD, 0xF7, 0xFF, 0xFC, 0x68, 0x00, 0xFF, 0xE0, 0xA2, 0x07, 0xD3,
	0xD3, 0xEF, 0xDD, 0xF8, 0x2F, 0xDA, 0x1D, 0x86, 0x7F, 0xE3, 0xB7, 0x7F,
	0xFF, 0x88, 0x3B, 0x8B, 0x3D, 0x46, 0xFC, 0x00, 0x00, 0x00, 0x00, 0x00,
	0x0E, 0x18, 0x30, 0xF7, 0xFF, 0xEB, 0x7F, 0x7F, 0xFC, 0x01, 0x80, 0x76,
	0x00, 0x1B, 0xFC, 0xFF, 0xFF, 0xF7, 0xFD, 0xFC, 0xFE, 0x1E, 0x03, 0xFF,
	0xFF, 0xFF, 0x8E, 0xFF, 0xFF, 0xF8, 0x35, 0x80, 0x44, 0x0E, 0x45, 0xBF,
	0x2E, 0x10, 0x00, 0x00, 0x49, 0x24, 0x49, 0xF7, 0xFF, 0xFD, 0x7F, 0xFF,
	0xFC, 0x00, 0x20, 0xEC, 0x80, 0x66, 0x1A, 0xFF, 0x1E, 0xF3, 0xDB, 0xF8,
	0x78, 0x7F, 0xFF, 0xFE, 0xFF, 0xE3, 0x9F, 0xBF, 0xFF, 0xF1, 0x2A, 0x8B,
	0xBA, 0x0D, 0x23, 0x8F, 0x9F, 0xE4, 0x01, 0x00, 0x65, 0xC1, 0x8B, 0x7F,
	0xFF, 0xF3, 0xDF, 0xFF, 0x9F, 0x00, 0x09, 0x94, 0xC0, 0xF3, 0xAB, 0xF8,
	0x2D, 0xBB, 0xD2, 0x19, 0xF0, 0xBF, 0xFF, 0xDF, 0xFF, 0xFC, 0x1F, 0xFF,
	0xFB, 0x9F, 0x50, 0x4F, 0xEA, 0xE4, 0x67, 0xF2, 0x43, 0xF4, 0x3D, 0x01,
	0x1B, 0x81, 0x3E, 0xD7, 0xFE, 0xFF, 0xBE, 0x3F, 0xF3, 0x30, 0x01, 0xDE,
	0x00, 0x7F, 0xFF, 0xFC, 0x2F, 0xF1, 0xED, 0xF3, 0xF9, 0xFE, 0x7F, 0xEC,
	0x3F, 0xFE, 0x37, 0xFF, 0xEE, 0x90, 0xB4, 0x01, 0x17, 0x92, 0x65, 0xD8,
	0xD0, 0x80, 0xBF, 0x00, 0xC3, 0x0A, 0x56, 0x13, 0x7F, 0xBF, 0xFF, 0x4E,
	0x82, 0x18, 0x03, 0xDE, 0x00, 0xFF, 0xFB, 0xF0, 0x1F, 0xFF, 0x9F, 0xE0,
	0xFE, 0xFF, 0x7F, 0xDC, 0x1F, 0xA2, 0xEF, 0xFF, 0xE2, 0x78, 0x20, 0x00,
	0x30, 0x00, 0x58, 0x6E, 0x80, 0x8E, 0x0C, 0x00, 0x40, 0xC8, 0xDA, 0x5B,
	0x6E, 0xDF, 0xFE, 0x75, 0x02, 0x00, 0x01, 0xE1, 0x20, 0x6F, 0xBF, 0xF7,
	0x5E, 0x06, 0xBE, 0x51, 0x7F, 0xFF, 0xF0, 0x43, 0x9F, 0xC3, 0xBE, 0xC7,
	0x39, 0xFC, 0x00, 0x08, 0x36, 0x04, 0x43, 0x5A, 0x64, 0x00, 0x08, 0x00,
	0x01, 0x7A, 0xFF, 0xCF, 0x6F, 0xFF, 0xF1, 0xFD, 0x80, 0x00, 0x04, 0xFB,
	0x41, 0xDF, 0xF7, 0xF0, 0x18, 0x9F, 0xC7, 0x30, 0x7E, 0x7F, 0xFC, 0x0F,
	0xFF, 0xD6, 0x1A, 0xE0, 0x7F, 0xFF, 0x80, 0x00, 0x3A, 0x07, 0x00, 0xE5,
	0x41, 0x20, 0x08, 0x00, 0x38, 0x6F, 0xBA, 0xEF, 0xEB, 0xFF, 0xFF, 0xFF,
	0xC4, 0x00, 0x0F, 0xFF, 0x07, 0x9E, 0x7F, 0xF7, 0xD7, 0x02, 0x9F, 0xA0,
	0x02, 0x65, 0x98, 0x3E, 0xEA, 0xB9, 0xFD, 0x9D, 0x30, 0xFF, 0x09, 0xD0,
	0x04, 0x44, 0x01, 0xFA, 0x1B, 0x07, 0xE0, 0x00, 0x1E, 0x6F, 0x3F, 0xFE,
	0xF7, 0xF7, 0xFF, 0xFF, 0xE0, 0x00, 0x13, 0xBF, 0x76, 0x9E, 0xFF, 0xBB,
	0x3F, 0x7F, 0x86, 0x48, 0x02, 0xC0, 0x21, 0x3E, 0x9F, 0xFD, 0xD8, 0xE8,
	0x55, 0x1C, 0x08, 0xC0, 0x80, 0x10, 0x01, 0x71, 0x1B, 0xCE, 0xC0, 0x02,
	0x02, 0xDC, 0x1F, 0xBE, 0x1F, 0xFF, 0xCF, 0xFF, 0xA3, 0x00, 0x0F, 0x3C,
	0x77, 0xDF, 0xFF, 0x7F, 0xEA, 0xCF, 0xC2, 0x18, 0x00, 0x00, 0x1F, 0xFE,
	0xD7, 0xF9, 0x15, 0x60, 0x18, 0x06, 0x71, 0x2A, 0x01, 0x10, 0x04, 0x6F,
	0xFE, 0xA7, 0xE0, 0x00, 0x00, 0xF7, 0xFF, 0xBF, 0xBF, 0xF7, 0x0E, 0x7F,
	0xF0, 0x00, 0x23, 0xFF, 0x00, 0x00, 0x00, 0x00, 0x00, 0x00, 0x00, 0x00,
	0x00, 0x00, 0x00, 0x00, 0x00, 0x00, 0x00, 0x00, 0x00, 0x00, 0x0F, 0x58,
	0x77, 0xF0, 0xA0, 0x00, 0x00, 0x00, 0x00, 0x00, 0x60, 0x70, 0x00, 0x00,
	0x80, 0x30, 0x00, 0x00, 0x00, 0x00, 0x00, 0x00, 0x00, 0x00, 0x00, 0x00,
	0x00, 0x00, 0x00, 0x00, 0x00, 0x00, 0x00, 0x00, 0x00, 0x00, 0x00, 0x00,
	0x00, 0x00, 0x01, 0xE8, 0x1F, 0x81, 0xD0, 0x00, 0x00, 0x00, 0x00, 0x00,
	0x01, 0x4C, 0x00, 0x00, 0x00, 0x10, 0x00, 0x00, 0x00, 0x00, 0x00, 0x00,
	0x00, 0x00, 0x00, 0x00, 0x00, 0x00, 0x00, 0x00, 0x00, 0x00, 0x00, 0x00,
	0x00, 0x00, 0x00, 0x00, 0x00, 0x00, 0x04, 0xCC, 0xFE, 0x11, 0xD8, 0x00,
	0xC0, 0x00, 0x00, 0x20, 0x06, 0x18, 0x00, 0x00, 0x00, 0x00, 0x00, 0x00,
	0x00, 0x00, 0x00, 0x00, 0x00, 0x00, 0x00, 0x00, 0x00, 0x00, 0x00, 0x00,
	0x00, 0x00, 0x00, 0x00, 0x00, 0x00, 0x00, 0x00, 0x00, 0x00, 0x00, 0x19,
	0xFB, 0xFC, 0x70, 0x00, 0x00, 0x00, 0x00, 0x00, 0x26, 0x00, 0x00, 0x00,
	0x00, 0x44, 0x00, 0x00, 0x00, 0x40, 0x08, 0x00, 0x00, 0x00, 0x00, 0x00,
	0x00, 0x00, 0x00, 0x00, 0x00, 0x00, 0x00, 0x00, 0x00, 0x00, 0x00, 0x00,
	0x00, 0x00, 0x01, 0x22, 0xE7, 0xF1, 0xC0, 0x82, 0x00, 0x00, 0x00, 0x00,
	0x22, 0x00, 0x00, 0x00, 0x04, 0x00, 0x00, 0x00, 0x00, 0x00, 0x00, 0x00,
	0x00, 0x00, 0x00, 0x00, 0x00, 0x00, 0x00, 0x00, 0x00, 0x00, 0x00, 0x00,
	0x00, 0x00, 0x00, 0x00, 0x00, 0x00, 0x20, 0x42, 0x7B, 0xE5, 0xD9, 0x00,
	0x00, 0x00, 0x00, 0x00, 0x00, 0xA1, 0x20, 0x00, 0xC4, 0x00, 0x00, 0x00,
	0x00, 0x00, 0x11, 0x00, 0x00, 0x00, 0x00, 0x00, 0x00, 0x00, 0x00, 0x00,
	0x00, 0x00, 0x00, 0x00, 0x00, 0x00, 0x00, 0x00, 0x00, 0x00, 0x04, 0x94,
	0x3F, 0xFF, 0xFC, 0x10, 0x00, 0x00, 0x00, 0x00, 0x04, 0x18, 0x30, 0x04,
	0x00, 0x00, 0x01, 0x80, 0x00, 0x00, 0xA2, 0x00, 0x00, 0x00, 0x00, 0x00,
	0x00, 0x00, 0x00, 0x00, 0x00, 0x00, 0x00, 0x00, 0x00, 0x00, 0x00, 0x00,
	0x00, 0x00, 0x38, 0xA5, 0x77, 0xFF, 0x04, 0x10, 0x00, 0x00, 0x00, 0x20,
	0x24, 0x09, 0x00, 0x10, 0x00, 0x00, 0x37, 0x80, 0x00, 0x00, 0xCC, 0x00,
	0x00, 0x00, 0x00, 0x00, 0x00, 0x00, 0x00, 0x00, 0x00, 0x00, 0x00, 0x00,
	0x00, 0x00, 0x00, 0x00, 0x00, 0x01, 0x40, 0x03, 0xF9, 0xD4, 0x88, 0x40,
	0x00, 0x00, 0x00, 0x00, 0xC2, 0x18, 0x80, 0x00, 0x00, 0x00, 0x6E, 0x00,
	0x00, 0x01, 0xB8, 0x00, 0x00, 0x00, 0x00, 0x00, 0x00, 0x00, 0x00, 0x00,
	0x00, 0x00, 0x00, 0x00, 0x00, 0x00, 0x00, 0x00, 0x00, 0x00, 0x01, 0x01,
	0x82, 0xB2, 0x10, 0x00, 0x00, 0x00, 0x00, 0x01, 0xE0, 0x09, 0x00, 0x00,
	0x00, 0x30, 0x24, 0x80, 0x00, 0x00, 0x50, 0x00, 0x00, 0x00, 0x00, 0x00,
	0x00, 0x00, 0x00, 0x00, 0x00, 0x00, 0x00, 0x00, 0x00, 0x00, 0x00, 0x00,
	0x00, 0x00, 0x00, 0x00, 0x41, 0xB0, 0xD8, 0x01, 0x00, 0x00, 0x00, 0x00,
	0x81, 0x00, 0x00, 0x80, 0x00, 0x02, 0x10, 0x00, 0x00, 0x0B, 0x50, 0x00,
	0x20, 0x00, 0x00, 0x00, 0x00, 0x00, 0x00, 0x00, 0x00, 0x00, 0x00, 0x00,
	0x00, 0x00, 0x00, 0x00, 0x00, 0x00, 0x38, 0x00, 0x61, 0x80, 0x39, 0x00,
	0x00, 0x00, 0x00, 0x00, 0x80, 0x10, 0x00, 0x98, 0x00, 0x40, 0x00, 0x00,
	0x00, 0x09, 0xA0, 0x00, 0x10, 0x00, 0x00, 0x00, 0x00, 0x00, 0x20, 0x00,
	0x00, 0x00, 0x00, 0x00, 0x00, 0x00, 0x00, 0x00, 0x00, 0x00, 0x00, 0x01,
	0x24, 0x20, 0x93, 0x00, 0xA0, 0x00, 0x00, 0x00, 0x0C, 0x30, 0x00, 0x08,
	0x00, 0x00, 0x00, 0x00, 0x00, 0x01, 0x80, 0xB0, 0x04, 0x00, 0x00, 0x00,
	0x00, 0x00, 0x10, 0x00, 0x00, 0x00, 0x00, 0x00, 0x00, 0x00, 0x00, 0x00,
	0x00, 0x00, 0x80, 0x03, 0x35, 0x3E, 0x19, 0x81, 0x00, 0x00, 0x00, 0x00,
	0x5A, 0xC0, 0x20, 0x10, 0x00, 0x00, 0x00, 0x00, 0x00, 0x40, 0xC1, 0x80,
	0x0C, 0x00, 0x00, 0x00, 0x00, 0x00, 0x18, 0x00, 0x00, 0x00, 0x00, 0x00,
	0x00, 0x00, 0x00, 0x00, 0x00, 0x00, 0x00, 0x04, 0xFF, 0xF2, 0x00, 0x01,
	0xA0, 0x20, 0x00, 0x04, 0x2A, 0xE2, 0x00, 0x0C, 0x00, 0x00, 0x00, 0x00,
	0x00, 0x24, 0xA6, 0x60, 0x82, 0x00, 0x00, 0x00, 0x00, 0x00, 0x18, 0x00,
	0x00, 0x00, 0x00, 0x00, 0x00, 0x00, 0x00, 0x00, 0x00, 0x00, 0x04, 0x08,
	0xFF, 0xED, 0x78, 0x00, 0x00, 0x00, 0x00, 0x04, 0xC9, 0xE0, 0x00, 0x00,
	0x00, 0x00, 0x00, 0x00, 0x00, 0x0B, 0x50, 0x0A, 0x00, 0x00, 0x00, 0x00,
	0x00, 0x00, 0x0C, 0x00, 0x00, 0x00, 0x00, 0x00, 0x00, 0x00, 0x00, 0x00,
	0x00, 0x00, 0x00, 0x32, 0xE7, 0x83, 0xE9, 0x02, 0x00, 0x00, 0x00, 0x00,
	0xD7, 0x00, 0x00, 0x00, 0x00, 0x00, 0x00, 0x00, 0x3E, 0x02, 0x80, 0x0C,
	0x00, 0x00, 0x00, 0x00, 0x00, 0x00, 0x1C, 0x00, 0x00, 0x00, 0x00, 0x00,
	0x00, 0x00, 0x00, 0x00, 0x00, 0x00, 0x00, 0x58, 0x82, 0x0D, 0xC0, 0x00,
	0x00, 0x00, 0x00, 0x0F, 0xCC, 0x10, 0x00, 0x00, 0x00, 0x00, 0x00, 0x00,
	0x04, 0x8E, 0xC2, 0x3E, 0x01, 0x00, 0x00, 0x00, 0x00, 0x00, 0x0E, 0x00,
	0x00, 0x00, 0x00, 0x00, 0x00, 0x00, 0x00, 0x00, 0x00, 0x02, 0x05, 0xB0,
	0xEF, 0x8F, 0x04, 0x02, 0x00, 0x00, 0x00, 0x00, 0xC0, 0x00, 0x00, 0x00,
	0x00, 0x00, 0x00, 0x00, 0x16, 0x07, 0x00, 0x4E, 0x00, 0x00, 0x00, 0x00,
	0x00, 0x00, 0x0F, 0x00, 0x00, 0x00, 0x00, 0x00, 0x00, 0x00, 0x00, 0x00,
	0x00, 0x00, 0x0D, 0x60, 0xFE, 0x7D, 0xC0, 0x01, 0x00, 0x00, 0x00, 0x03,
	0xE0, 0x00, 0x00, 0x18, 0x00, 0x00, 0x01, 0x00, 0x15, 0x98, 0x10, 0x25,
	0x00, 0x80, 0x00, 0x00, 0x00, 0x00, 0x0F, 0x80, 0x00, 0x00, 0x00, 0x00,
	0x00, 0x00, 0x00, 0x00, 0x00, 0x01, 0x5F, 0x04, 0xD0, 0x7E, 0x20, 0x00,
	0x00, 0x00, 0x00, 0x00, 0x80, 0x10, 0x00, 0x00, 0x00, 0x00, 0x1B, 0x00,
	0x15, 0x35, 0xD4, 0x0E, 0x00, 0x80, 0x00, 0x00, 0x00, 0x00, 0x07, 0xC0,
	0x00, 0x00, 0x00, 0x00, 0x00, 0x00, 0x00, 0x00, 0x00, 0x03, 0x6B, 0x15,
	0x34, 0xFF, 0x00, 0x00, 0x00, 0x00, 0x00, 0x78, 0x80, 0x00, 0x00, 0x06,
	0x00, 0x80, 0x02, 0x00, 0x03, 0x35, 0xDC, 0x06, 0x00, 0x74, 0x81, 0x00,
	0x00, 0x00, 0x07, 0xC0, 0x00, 0x00, 0x00, 0x00, 0x00, 0x00, 0x00, 0x00,
	0x00, 0x02, 0x66, 0x26, 0xF1, 0xFE, 0x00, 0x00, 0x00, 0x00, 0x00, 0x0C,
	0x38, 0x40, 0x04, 0x00, 0x00, 0x00, 0x10, 0x00, 0x10, 0x13, 0xD0, 0x01,
	0x00, 0x14, 0x83, 0x80, 0x00, 0x00, 0x07, 0xE0, 0x00, 0x00, 0x00, 0x00,
	0x00, 0x00, 0x00, 0x00, 0x00, 0x00, 0x8D, 0x06, 0xEA, 0x61, 0x10, 0x00,
	0x00, 0x00, 0x00, 0x03, 0x38, 0x00, 0x00, 0x00, 0x00, 0x00, 0x00, 0x00,
	0x00, 0x01, 0x00, 0x0B, 0x00, 0x0C, 0xA1, 0xC0, 0x00, 0x00, 0x17, 0xF0,
	0x00, 0x00, 0x00, 0x00, 0x00, 0x00, 0x00, 0x00, 0x00, 0x00, 0x06, 0x80,
	0xF8, 0xD2, 0x22, 0x00, 0x00, 0x00, 0x00, 0x11, 0xB0, 0x00, 0x00, 0x00,
	0x00, 0x00, 0x00, 0x00, 0x18, 0x0A, 0x50, 0xF8, 0x00, 0x00, 0xC1, 0xE0,
	0x00, 0x00, 0x13, 0xF8, 0x00, 0x00, 0x00, 0x00, 0x00, 0x00, 0x00, 0x00,
	0x00, 0x10, 0x50, 0x3C, 0x6F, 0xB0, 0x00, 0x00, 0x00, 0x00, 0x00, 0x01,
	0x7C, 0x0C, 0x04, 0x00, 0x00, 0x40, 0x0A, 0x00, 0x5A, 0x88, 0x00, 0x48,
	0x00, 0x00, 0x61, 0xE0, 0x00, 0x00, 0x0F, 0xB8, 0x00, 0x00, 0x00, 0x00,
	0x00, 0x00, 0x00, 0x00, 0x00, 0x00, 0x45, 0xFF, 0xFF, 0xE6, 0x04, 0x00,
	0x00, 0x00, 0x00, 0x40, 0x3E, 0x06, 0x00, 0x80, 0x80, 0xC0, 0x15, 0x00,
	0x06, 0xC1, 0x9E, 0x8F, 0x00, 0x01, 0x45, 0xC0, 0x00, 0x00, 0x03, 0xDC,
	0x00, 0x00, 0x00, 0x00, 0x00, 0x00, 0x00, 0x00, 0x00, 0x00, 0x0F, 0xFD,
	0xFD, 0xE2, 0x01, 0x80, 0x00, 0x00, 0x00, 0x08, 0x12, 0x00, 0x98, 0xC0,
	0x10, 0x00, 0x11, 0x80, 0x0F, 0x8D, 0x4F, 0xFF, 0x00, 0x00, 0x0A, 0x60,
	0x04, 0x04, 0x01, 0xEE, 0x00, 0x00, 0x00, 0x00, 0x00, 0x00, 0x00, 0x00,
	0x00, 0x82, 0x05, 0x7D, 0xD7, 0x80, 0x09, 0x80, 0x00, 0x00, 0x00, 0x01,
	0x74, 0x00, 0x08, 0x03, 0x98, 0x00, 0x01, 0x20, 0x05, 0x90, 0x81, 0xFE,
	0x00, 0x00, 0x00, 0x30, 0x06, 0x00, 0x03, 0xE7, 0x00, 0x00, 0x00, 0x00,
	0x00, 0x00, 0x00, 0x00, 0x00, 0x5C, 0x4D, 0x97, 0xFF, 0x80, 0x00, 0x88,
	0x00, 0x00, 0x00, 0x01, 0xF9, 0x20, 0x80, 0x01, 0xD8, 0x00, 0x01, 0x00,
	0x0E, 0x90, 0x00, 0xD9, 0x00, 0x00, 0x02, 0x50, 0x06, 0x00, 0x03, 0xF7,
	0x80, 0x00, 0x00, 0x00, 0x00, 0x00, 0x00, 0x00, 0x00, 0x75, 0x17, 0xDD,
	0xFF, 0x98, 0x01, 0x10, 0x00, 0x00, 0x00, 0x00, 0x20, 0x04, 0x00, 0x00,
	0xD0, 0x00, 0x03, 0x00, 0x07, 0x80, 0x66, 0x20, 0x00, 0x00, 0x00, 0x30,
	0x03, 0x00, 0x01, 0xF7, 0x80, 0x00, 0x00, 0x00, 0x00, 0x00, 0x00, 0x00,
	0x00, 0x60, 0x07, 0xCA, 0xE9, 0xF8, 0x23, 0x28, 0x00, 0x00, 0x00, 0x30,
	0x40, 0x00, 0x00, 0x42, 0xC0, 0x00, 0x03, 0x00, 0x07, 0x34, 0x15, 0x83,
	0x00, 0x00, 0x00, 0x0C, 0x03, 0x88, 0x00, 0xF9, 0xC0, 0x00, 0x00, 0x00,
	0x00, 0x00, 0x00, 0x00, 0x00, 0x50, 0x21, 0xB9, 0xFF, 0xFC, 0x01, 0x40,
	0x00, 0x00, 0x00, 0x78, 0x40, 0x60, 0x00, 0x00, 0xC0, 0x00, 0x84, 0x00,
	0x0E, 0xF2, 0x0A, 0x46, 0x00, 0x00, 0x00, 0x00, 0x40, 0xC0, 0x1C, 0xF9,
	0xC0, 0x00, 0x00, 0x00, 0x00, 0x00, 0x00, 0x00, 0x00, 0x00, 0x0D, 0x80,
	0xBE, 0xFE, 0x0C, 0x10, 0x20, 0x00, 0x00, 0x0B, 0x30, 0x60, 0x00, 0x00,
	0xE0, 0x00, 0x06, 0x00, 0x07, 0x97, 0x26, 0x44, 0x00, 0x00, 0x00, 0x00,
	0x21, 0x20, 0x3E, 0xFC, 0xE0, 0x00, 0x00, 0x00, 0x00, 0x00, 0x00, 0x00,
	0x00, 0x00, 0x0C, 0x46, 0x40, 0x3F, 0x7D, 0x80, 0x00, 0x00, 0x00, 0x42,
	0x70, 0x04, 0x00, 0x00, 0xF0, 0x00, 0x02, 0x00, 0x3B, 0x4E, 0x1F, 0x36,
	0x00, 0x00, 0x00, 0x00, 0x04, 0x10, 0x0F, 0xFC, 0x70, 0x00, 0x00, 0x00,
	0x00, 0x00, 0x00, 0x00, 0x00, 0x10, 0x05, 0xC4, 0x04, 0x2F, 0xBE, 0x00,
	0x30, 0x00, 0x00, 0x20, 0x3E, 0x00, 0x20, 0x00, 0x68, 0x40, 0x00, 0x00,
	0x7F, 0xBC, 0x1E, 0xA0, 0x00, 0x00, 0x00, 0x00, 0x00, 0x80, 0x03, 0xFA,
	0x78, 0x00, 0x00, 0x00, 0x00, 0x00, 0x00, 0x00, 0x00, 0x00, 0x28, 0x4D,
	0x02, 0x7F, 0xD8, 0xF0, 0x18, 0x00, 0x00, 0x20, 0x7B, 0x60, 0x20, 0x00,
	0x78, 0x00, 0x40, 0x30, 0x6A, 0xBD, 0x04, 0x11, 0x00, 0x00, 0x00, 0x00,
	0x00, 0x38, 0x01, 0xBF, 0x3C, 0x00, 0x00, 0x00, 0x00, 0x00, 0x00, 0x00,
	0x00, 0x08, 0x16, 0x4A, 0x3D, 0xFB, 0xF5, 0x7E, 0x2C, 0x00, 0x00, 0x07,
	0xC9, 0x10, 0x1B, 0x22, 0xD8, 0x00, 0x80, 0x23, 0x0C, 0xEF, 0x17, 0xA2,
	0x00, 0x00, 0x20, 0x00, 0x00, 0x0E, 0x0D, 0x1F, 0x1C, 0x00, 0x00, 0x00,
	0x00, 0x00, 0x00, 0x00, 0x00, 0x03, 0x00, 0x02, 0x1F, 0xFB, 0x26, 0xC0,
	0x00, 0x00, 0x00, 0x02, 0xFE, 0x05, 0x1F, 0x23, 0xF8, 0x61, 0x00, 0x04,
	0x01, 0x04, 0x7D, 0xC1, 0x80, 0x00, 0x00, 0x00, 0x00, 0x00, 0x03, 0x8F,
	0x1C, 0x00, 0x00, 0x00, 0x00, 0x00, 0x00, 0x00, 0x00, 0x06, 0x00, 0x12,
	0x7E, 0xFE, 0x00, 0x00, 0x06, 0x00, 0x00, 0x01, 0x6E, 0x3F, 0x00, 0x01,
	0x68, 0x60, 0x00, 0x04, 0x05, 0x4E, 0x0F, 0x80, 0x80, 0x00, 0x08, 0x44,
	0x00, 0x00, 0x11, 0xFF, 0x84, 0x00, 0x00, 0x00, 0x00, 0x00, 0x00, 0x00,
	0x00, 0x08, 0x00, 0x09, 0xFF, 0xB5, 0x00, 0x40, 0x00, 0x00, 0x00, 0x14,
	0xDA, 0xB6, 0x00, 0x00, 0x28, 0x60, 0x00, 0x00, 0x79, 0x1D, 0x2D, 0x87,
	0xA1, 0x80, 0x04, 0xDE, 0x00, 0x08, 0x0D, 0xDF, 0x14, 0x00, 0x00, 0x00,
	0x00, 0x00, 0x00, 0x00, 0x00, 0x58, 0x00, 0x05, 0x58, 0x03, 0x80, 0x00,
	0x00, 0x80, 0x08, 0x07, 0xD8, 0x1B, 0x00, 0x06, 0x28, 0x70, 0x00, 0x00,
	0x93, 0x16, 0x01, 0x00, 0xE8, 0xE0, 0x00, 0xEF, 0x10, 0x08, 0x02, 0x87,
	0xEC, 0x00, 0x00, 0x00, 0x00, 0x00, 0x00, 0x00, 0x06, 0x11, 0x01, 0xD7,
	0x79, 0xC0, 0x00, 0x00, 0x00, 0x00, 0x02, 0x87, 0xE0, 0x00, 0x00, 0xA0,
	0x28, 0x70, 0x00, 0x00, 0x0D, 0xFC, 0x18, 0x02, 0xF0, 0xC0, 0x06, 0xBB,
	0x72, 0x00, 0x00, 0x37, 0xE4, 0x3C, 0x00, 0x00, 0x00, 0x00, 0x00, 0x00,
	0x02, 0x41, 0x01, 0x03, 0x21, 0x84, 0x00, 0x00, 0x00, 0x00, 0x00, 0x73,
	0xE0, 0x00, 0x00, 0x01, 0x68, 0x60, 0x02, 0x00, 0x1C, 0x79, 0x99, 0x80,
	0xB6, 0x40, 0x0E, 0xA7, 0xF7, 0x00, 0x08, 0x0A, 0xE0, 0x3C, 0x00, 0x00,
	0x00, 0x00, 0x00, 0x00, 0x0C, 0x16, 0x02, 0x8F, 0x20, 0x40, 0x00, 0x0C,
	0x04, 0x00, 0x01, 0xEC, 0xC0, 0x2C, 0x00, 0x01, 0xC8, 0x70, 0x01, 0x00,
	0x3F, 0xFF, 0x48, 0x01, 0xFF, 0x70, 0x0F, 0x73, 0xF7, 0x20, 0x60, 0x02,
	0x60, 0x3E, 0x00, 0x00, 0x00, 0x00, 0x00, 0x00, 0x10, 0x04, 0x01, 0x06,
	0x68, 0x40, 0x00, 0x04, 0x00, 0x00, 0x01, 0xFF, 0xE0, 0x1C, 0x00, 0x01,
	0x48, 0x30, 0x00, 0x00, 0x14, 0x75, 0x58, 0x00, 0x7E, 0xC8, 0x06, 0xE3,
	0xF7, 0x3A, 0x06, 0x41, 0x00, 0x42, 0x00, 0x00, 0x00, 0x00, 0x00, 0x00,
	0x10, 0x04, 0x04, 0x06, 0xCE, 0x40, 0x02, 0x00, 0x06, 0x00, 0x01, 0x2F,
	0x81, 0x38, 0x00, 0x00, 0xC0, 0x50, 0x00, 0x00, 0x28, 0x50, 0x28, 0x00,
	0x7E, 0xD8, 0x0E, 0xE7, 0xF6, 0x75, 0x07, 0x90, 0x40, 0x03, 0x00, 0x00,
	0x00, 0x00, 0x00, 0x00, 0x0C, 0x0C, 0x03, 0x86, 0x40, 0x80, 0x00, 0x40,
	0x00, 0x00, 0x00, 0x77, 0x90, 0x01, 0x00, 0x00, 0x20, 0x58, 0x01, 0x00,
	0xF0, 0x26, 0x60, 0x00, 0x17, 0xD8, 0x37, 0xEF, 0xF7, 0xBC, 0xE1, 0x20,
	0x04, 0x07, 0x80, 0x00, 0x00, 0x00, 0x00, 0x00, 0x00, 0x3F, 0x00, 0x7E,
	0x06, 0x00, 0x00, 0x10, 0x00, 0x00, 0x01, 0xFE, 0xE0, 0x04, 0xC0, 0x00,
	0x00, 0x70, 0x08, 0x01, 0xF0, 0x14, 0x70, 0x00, 0x17, 0xFF, 0x37, 0xFF,
	0xDF, 0x9F, 0xE0, 0x77, 0x81, 0x27, 0x80, 0x00, 0x00, 0x00, 0x00, 0x00,
	0x00, 0x1E, 0x02, 0x73, 0xE8, 0x00, 0x0C, 0x30, 0x02, 0x00, 0x00, 0x02,
	0xEC, 0x02, 0x00, 0x00, 0xA0, 0x0A, 0x00, 0x02, 0x40, 0x84, 0x28, 0x00,
	0x17, 0xFE, 0x7F, 0xFF, 0xDF, 0xBF, 0xFC, 0xB7, 0x8E, 0x0F, 0x84, 0x50,
	0x08, 0x00, 0x00, 0x00, 0x00, 0x04, 0x00, 0x3D, 0xA0, 0x00, 0x00, 0xA0,
	0x00, 0x00, 0xC0, 0x60, 0x80, 0x09, 0x00, 0x42, 0x30, 0x4D, 0x80, 0x04,
	0x0C, 0x08, 0x30, 0x00, 0x17, 0xFF, 0xBB, 0xFF, 0xFF, 0xFF, 0xFE, 0xEF,
	0x01, 0x2F, 0xE0, 0x08, 0x48, 0x00, 0x00, 0x00, 0x00, 0x1D, 0x00, 0x47,
	0x00, 0x80, 0x00, 0x38, 0x01, 0x00, 0x20, 0x08, 0x80, 0x01, 0x00, 0x02,
	0x04, 0x45, 0xC0, 0x24, 0x10, 0x80, 0x60, 0x00, 0x13, 0xFF, 0xEC, 0xFF,
	0xFF, 0xFF, 0xFF, 0x8F, 0x30, 0x83, 0xD8, 0x2A, 0x5C, 0x00, 0x00, 0x00,
	0x00, 0x2C, 0x46, 0x97, 0xC1, 0x90, 0x00, 0x30, 0x12, 0x00, 0x6C, 0x84,
	0x00, 0x05, 0x00, 0x00, 0x04, 0x52, 0x8C, 0x30, 0x01, 0xE8, 0x20, 0x14,
	0x51, 0xFF, 0xEE, 0x7F, 0xFF, 0xFF, 0xFF, 0xAF, 0xF2, 0x42, 0xE0, 0x70,
	0x5C, 0x00, 0x00, 0x00, 0x00, 0x0D, 0xF3, 0x12, 0x81, 0x00, 0x22, 0xB8,
	0x00, 0x00, 0x0F, 0x78, 0x00, 0x08, 0x00, 0x02, 0x04, 0x7A, 0xFD, 0x48,
	0x91, 0x7E, 0x80, 0x04, 0x11, 0x77, 0xF7, 0x3F, 0xFF, 0xFF, 0xFF, 0xFF,
	0xFD, 0x83, 0xE8, 0x42, 0x44, 0x00, 0x00, 0x00, 0x00, 0x04, 0x0C, 0x7B,
	0x00, 0x00, 0x04, 0xFC, 0x00, 0x00, 0x0F, 0xD8, 0x40, 0x1E, 0x20, 0x00,
	0x24, 0x1B, 0xFC, 0x88, 0xC3, 0x90, 0x10, 0x07, 0x38, 0x07, 0xFD, 0x3F,
	0xFF, 0xFC, 0x7F, 0xFF, 0xFF, 0x87, 0xF8, 0x60, 0x46, 0x00, 0x00, 0x00,
	0x00, 0x08, 0x46, 0x13, 0xC0, 0x04, 0x00, 0x78, 0x04, 0x80, 0x0B, 0xFC,
	0x00, 0x01, 0x00, 0x03, 0x24, 0x48, 0x16, 0x75, 0xC3, 0xF0, 0x10, 0x00,
	0x7A, 0x07, 0x3B, 0x5F, 0xFF, 0xFF, 0x9F, 0xFF, 0xFB, 0xE7, 0xF8, 0x00,
	0x06, 0x00, 0x00, 0x00, 0x00, 0x0A, 0xC4, 0xAB, 0xC0, 0x1E, 0x01, 0x28,
	0x0D, 0x00, 0x03, 0xE8, 0x00, 0xF8, 0x00, 0x02, 0x34, 0x5E, 0x38, 0x27,
	0xF4, 0x68, 0x02, 0x02, 0x2A, 0x07, 0x3B, 0x8F, 0xFF, 0xFF, 0xF3, 0xFF,
	0xFF, 0xCF, 0xF8, 0x00, 0x07, 0x00, 0x00, 0x00, 0x00, 0x0A, 0x50, 0x07,
	0xC0, 0x00, 0x04, 0x30, 0x06, 0x00, 0x00, 0xB5, 0x01, 0xD0, 0x00, 0x40,
	0x24, 0x4E, 0x24, 0x03, 0x7C, 0xBC, 0x00, 0x03, 0x7A, 0x07, 0x23, 0xA1,
	0xFF, 0xF4, 0x8F, 0xFF, 0xFF, 0xEF, 0xF8, 0x00, 0x04, 0x00, 0x00, 0x00,
	0x08, 0x1F, 0x8A, 0x4E, 0x20, 0x00, 0x00, 0x78, 0xB8, 0x00, 0x00, 0xC7,
	0xAF, 0xC3, 0x00, 0x07, 0x84, 0x0E, 0x0B, 0x0C, 0xAF, 0xFA, 0x10, 0x01,
	0x50, 0x03, 0x7A, 0x23, 0xFF, 0xFF, 0x0F, 0xFF, 0xFB, 0xEF, 0xFD, 0x00,
	0x00, 0x00, 0x00, 0x00, 0x00, 0x56, 0x02, 0x3B, 0xE0, 0x20, 0x00, 0xF8,
	0x02, 0x00, 0x07, 0x34, 0x03, 0x83, 0x00, 0x49, 0x24, 0x4E, 0x51, 0x8A,
	0x0C, 0xE1, 0x80, 0x01, 0xF8, 0x07, 0x7F, 0x2A, 0xFF, 0xFD, 0x1F, 0xFF,
	0xFF, 0xF3, 0xFF, 0x81, 0x00, 0x00, 0x00, 0x00, 0x00, 0x4A, 0x88, 0x94,
	0xB0, 0x00, 0x00, 0x58, 0x1C, 0x00, 0x00, 0x08, 0x00, 0x94, 0x00, 0x07,
	0x44, 0x5C, 0x4B, 0x84, 0x75, 0xA0, 0x80, 0x1F, 0x48, 0x06, 0x7F, 0x3E,
	0xFF, 0xFE, 0x3F, 0xFF, 0xF7, 0xFC, 0xF3, 0xB0, 0x00, 0x00, 0x00, 0x00,
	0x01, 0x12, 0x88, 0x27, 0x64, 0x0D, 0x00, 0x58, 0x16, 0x00, 0x00, 0x00,
	0x00, 0x20, 0x02, 0x2A, 0x80, 0x44, 0x2F, 0xC6, 0xE7, 0xE0, 0x40, 0x1D,
	0x84, 0x0C, 0x7B, 0xEE, 0x2F, 0xFF, 0x1F, 0xFF, 0xFF, 0xFE, 0xFF, 0xF0,
	0x02, 0x00, 0x00, 0x00, 0x02, 0xCA, 0x3C, 0x71, 0x00, 0x00, 0x00, 0x18,
	0x00, 0x00, 0x70, 0x00, 0x00, 0x1A, 0x02, 0xDF, 0x00, 0x4C, 0x7F, 0x82,
	0x4A, 0x00, 0x00, 0x3F, 0x71, 0x04, 0x71, 0xE7, 0x07, 0xFF, 0x0F, 0xFF,
	0xBF, 0xFE, 0x7D, 0xD0, 0x02, 0x00, 0x00, 0x00, 0x06, 0x80, 0xD4, 0x41,
	0x02, 0x00, 0x10, 0x28, 0x00, 0x00, 0x18, 0x40, 0x00, 0x00, 0x02, 0x6D,
	0x82, 0x48, 0x1A, 0x06, 0x1C, 0x40, 0x00, 0x3F, 0x53, 0x04, 0x71, 0xF7,
	0x8C, 0xBF, 0x9F, 0xFF, 0xB7, 0xFF, 0x1F, 0x00, 0x07, 0x00, 0x10, 0x00,
	0x00, 0xC3, 0x41, 0x45, 0xB9, 0x00, 0x10, 0x2C, 0x18, 0x00, 0x1F, 0xF0,
	0x00, 0x00, 0x40, 0x0E, 0x42, 0x4D, 0x24, 0x01, 0x20, 0x00, 0x00, 0x70,
	0xF7, 0x80, 0xE0, 0xFF, 0xCF, 0xFF, 0xCF, 0x3F, 0xFF, 0xFF, 0xDC, 0x70,
	0x47, 0x80, 0x00, 0x10, 0x14, 0x84, 0x48, 0xC7, 0xBF, 0xFC, 0x00, 0xAC,
	0x08, 0x00, 0x07, 0x3E, 0x00, 0x03, 0xF0, 0x2C, 0x02, 0x4D, 0x1C, 0x00,
	0x60, 0x01, 0x80, 0xEF, 0x1E, 0x78, 0xF0, 0x77, 0xCE, 0xFF, 0xBF, 0xBF,
	0xFF, 0xFF, 0xBF, 0xF8, 0xF1, 0x00, 0x00, 0x10, 0x68, 0x92, 0x22, 0xD7,
	0xBE, 0x50, 0x01, 0xCE, 0x00, 0x00, 0x28, 0xF8, 0x00, 0x02, 0xF8, 0x0E,
	0x42, 0x07, 0x06, 0x00, 0x20, 0x01, 0x20, 0xFA, 0xCE, 0x93, 0xE0, 0x77,
	0xCF, 0xFB, 0xFF, 0xFF, 0xFF, 0xFF, 0xFF, 0xFC, 0xF0, 0x40, 0x00, 0x00,
	0x21, 0x8B, 0x00, 0xFC, 0xF8, 0xA0, 0x40, 0xCC, 0x11, 0x00, 0x00, 0x9E,
	0x00, 0x15, 0xEB, 0x7F, 0xC2, 0x0E, 0x00, 0x00, 0x08, 0x20, 0x01, 0xFF,
	0x71, 0xC1, 0xC0, 0x1E, 0xCF, 0xFF, 0xFF, 0xFF, 0xFF, 0xFF, 0xDF, 0xFF,
	0xF0, 0x00, 0x00, 0x02, 0x02, 0x2C, 0x40, 0xBC, 0xE0, 0x00, 0x01, 0xF8,
	0x76, 0x00, 0x03, 0x70, 0x00, 0x01, 0xEC, 0xDF, 0x02, 0x0E, 0x00, 0x00,
	0x00, 0x00, 0x00, 0x3F, 0x62, 0x60, 0x40, 0x1F, 0x4F, 0xFF, 0xFF, 0xFF,
	0xFF, 0xFF, 0xFF, 0xFF, 0xF1, 0x00, 0x00, 0x00, 0x00, 0x41, 0x80, 0xBE,
	0x50, 0x40, 0x00, 0xFD, 0xF8, 0x00, 0x02, 0x80, 0x00, 0x06, 0x70, 0xA1,
	0xC0, 0x0C, 0x00, 0x00, 0x88, 0x00, 0x02, 0xFD, 0xF8, 0x17, 0x40, 0x02,
	0x5F, 0xFF, 0xDF, 0xFF, 0xFF, 0xFF, 0xE0, 0x3F, 0xE1, 0x00, 0x00, 0x00,
	0x00, 0xFB, 0x47, 0x67, 0xF8, 0x00, 0x00, 0x60, 0x60, 0x08, 0x00, 0x04,
	0x10, 0x0B, 0xFE, 0xF0, 0x60, 0x0E, 0x00, 0x00, 0x80, 0x00, 0x40, 0x2C,
	0xBE, 0x5C, 0x20, 0x00, 0x3F, 0x7F, 0xFF, 0xFF, 0xFF, 0xFF, 0xF0, 0x1F,
	0x83, 0x81, 0x20, 0x00, 0x52, 0xEA, 0x26, 0x1F, 0xFF, 0x00, 0x00, 0x44,
	0xE0, 0x00, 0x00, 0x8C, 0x00, 0x01, 0xDE, 0x00, 0x20, 0x4E, 0x10, 0x00,
	0x02, 0x00, 0x00, 0x0E, 0x36, 0x5F, 0x10, 0x00, 0x4F, 0x7E, 0xFF, 0xFF,
	0xFF, 0xFF, 0xF8, 0x1F, 0x81, 0xC8, 0x60, 0x00, 0x25, 0xA2, 0x02, 0x7D,
	0x50, 0x00, 0x00, 0xE5, 0xC0, 0x00, 0x00, 0x35, 0x00, 0x01, 0xFE, 0x38,
	0x60, 0x46, 0x0C, 0x00, 0x14, 0x00, 0x00, 0x4E, 0xC5, 0xC1, 0xA8, 0x00,
	0x6A, 0x75, 0xF7, 0xFF, 0xFF, 0xFF, 0xFE, 0x0F, 0x07, 0xE7, 0x00, 0x00,
	0x04, 0x0B, 0x43, 0xFF, 0xF8, 0x00, 0x00, 0xCF, 0xC0, 0x40, 0x00, 0x00,
	0x00, 0x04, 0x7F, 0xC0, 0x60, 0x4F, 0x18, 0x00, 0x09, 0xC0, 0x00, 0x0C,
	0x7C, 0xE4, 0xE2, 0x00, 0x58, 0x37, 0xFF, 0xFF, 0xFF, 0xFF, 0xFF, 0x07,
	0x2F, 0xE0, 0x80, 0x00, 0x00, 0x6F, 0x4F, 0xFF, 0xF1, 0x08, 0x00, 0xA8,
	0x08, 0x00, 0x00, 0xC0, 0x06, 0x0C, 0x3D, 0xCA, 0x60, 0xC3, 0x10, 0x00,
	0x03, 0xC0, 0x00, 0xCD, 0xCB, 0x51, 0x1B, 0x00, 0x1A, 0x07, 0xFD, 0xFF,
	0xFF, 0xFF, 0xFF, 0xC3, 0x8F, 0xF0, 0x00, 0x00, 0x02, 0x1B, 0x57, 0x7B,
	0xE0, 0x0B, 0x80, 0xA4, 0x18, 0x00, 0x01, 0x90, 0x1A, 0x1C, 0xFF, 0xE8,
	0x61, 0xD7, 0x04, 0x01, 0xC0, 0xC8, 0x03, 0xFF, 0xFF, 0xEC, 0xCF, 0x40,
	0x58, 0x01, 0xFD, 0xFF, 0xFF, 0xFF, 0xFF, 0xF8, 0xD3, 0xE8, 0x00, 0x00,
	0x88, 0x07, 0xB7, 0xFF, 0xD0, 0x0A, 0x00, 0x34, 0x98, 0x00, 0x01, 0x41,
	0x32, 0x18, 0xE8, 0xF8, 0x22, 0x01, 0xE0, 0x00, 0xC7, 0xE9, 0x01, 0x7E,
	0x61, 0xF1, 0x6E, 0x40, 0x5C, 0x01, 0xFF, 0xFF, 0xFF, 0xFF, 0xFF, 0xFE,
	0xE3, 0xFB, 0x00, 0x0A, 0x48, 0x00, 0xC3, 0xFF, 0xC0, 0x08, 0x08, 0x99,
	0xF0, 0x00, 0x00, 0x01, 0xE4, 0x00, 0x3F, 0xBC, 0xE0, 0x08, 0x00, 0x00,
	0x40, 0x62, 0x01, 0xFD, 0xFE, 0x27, 0x17, 0x98, 0x5E, 0x01, 0xFF, 0xFF,
	0xFF, 0xFF, 0xFF, 0xFF, 0x6F, 0xFF, 0x00, 0x08, 0x96, 0x9B, 0x00, 0xF6,
	0x24, 0x00, 0x00, 0x7E, 0x78, 0x00, 0x00, 0x00, 0x68, 0x90, 0x5C, 0xFE,
	0xC1, 0xC0, 0x00, 0x00, 0x03, 0xE0, 0x81, 0xC7, 0x7F, 0x9F, 0x9E, 0xF0,
	0x5A, 0x81, 0x7F, 0x5F, 0xFF, 0xFF, 0xFF, 0xFF, 0x6F, 0xFF, 0x80, 0x00,
	0x65, 0x0C, 0x01, 0x7F, 0x87, 0x48, 0x04, 0x3F, 0xFC, 0xD8, 0x00, 0x38,
	0xF8, 0x81, 0x0F, 0x7D, 0xE0, 0xE0, 0x00, 0x00, 0x03, 0xB0, 0x01, 0xF6,
	0xFF, 0xEF, 0xF9, 0xF1, 0x40, 0x01, 0x19, 0x7F, 0xFF, 0xFF, 0xFF, 0xFF,
	0xB7, 0xFF, 0xC0, 0x02, 0x1D, 0x5C, 0x64, 0x9F, 0x99, 0x1C, 0x00, 0x2B,
	0xA0, 0x14, 0x00, 0x7E, 0xF6, 0x81, 0x1B, 0xAF, 0xE8, 0x20, 0x00, 0xE0,
	0x01, 0x43, 0x00, 0xE2, 0x17, 0xF6, 0x97, 0xDD, 0x0A, 0x00, 0x3D, 0x3F,
	0xEF, 0xFF, 0xFF, 0xFF, 0xA3, 0xFD, 0xFC, 0x00, 0x09, 0x0C, 0xFB, 0x29,
	0xDB, 0x2C, 0x00, 0x5E, 0x00, 0x18, 0x01, 0xF1, 0xBA, 0x95, 0x9F, 0xFF,
	0xE0, 0x50, 0x00, 0x8E, 0x02, 0xCA, 0x00, 0x65, 0xCD, 0x19, 0x6A, 0xE0,
	0xD2, 0x00, 0x0D, 0x3F, 0xFF, 0xFF, 0xFF, 0xFF, 0xA3, 0xF9, 0xC0, 0x28,
	0x0D, 0x7D, 0x1A, 0x99, 0x98, 0x04, 0x00, 0x6A, 0x80, 0x50, 0x0F, 0xEE,
	0x12, 0x09, 0xFF, 0xF8, 0x40, 0x33, 0x60, 0x07, 0xF1, 0x88, 0x00, 0x4B,
	0x71, 0x77, 0x25, 0xFE, 0x9E, 0x00, 0x0F, 0x5B, 0xDB, 0xFF, 0xFF, 0xFF,
	0xE7, 0xFF, 0xC0, 0x30, 0x0B, 0xA3, 0x1A, 0x23, 0xF8, 0x04, 0x00, 0x6C,
	0x00, 0x00, 0x0F, 0xFF, 0x00, 0x7F, 0xB7, 0xBC, 0xE5, 0x2C, 0xDC, 0x38,
	0xE0, 0x94, 0x00, 0x03, 0x27, 0xD7, 0x10, 0xF9, 0xD9, 0x00, 0x0F, 0x5F,
	0xDB, 0xFF, 0xFF, 0xFF, 0xC0, 0xFF, 0xC0, 0x30, 0x01, 0xA6, 0x0F, 0xF8,
	0x7C, 0x24, 0x00, 0x44, 0x30, 0x00, 0x06, 0xD7, 0x00, 0x47, 0xBD, 0xFF,
	0xEB, 0x19, 0x70, 0xD0, 0xC7, 0xA0, 0x00, 0x0D, 0x1F, 0xAF, 0xA1, 0x7E,
	0x31, 0x80, 0x1F, 0x7F, 0xFF, 0xF7, 0xFF, 0xFF, 0xE1, 0xFF, 0xE0, 0x30,
	0x0C, 0x4C, 0x1F, 0xFD, 0xF6, 0x42, 0x16, 0xB6, 0x20, 0x01, 0x06, 0xFF,
	0x00, 0x93, 0x71, 0xCD, 0x4C, 0x3F, 0x7B, 0x62, 0xD6, 0x90, 0x00, 0x0D,
	0x0F, 0x10, 0xDE, 0x17, 0xDB, 0x28, 0x19, 0x1A, 0xBF, 0xFF, 0x7F, 0xFF,
	0xF9, 0x0F, 0xE0, 0x00, 0x6E, 0x34, 0x5D, 0xF7, 0xF2, 0x02, 0x00, 0xF7,
	0x04, 0x60, 0x1E, 0x37, 0x70, 0x71, 0xE3, 0x6D, 0xF7, 0xFD, 0x8A, 0x68,
	0x46, 0x80, 0x00, 0x00, 0x07, 0x0C, 0x41, 0xD4, 0x3A, 0x58, 0x11, 0x90,
	0x0F, 0xFF, 0xEF, 0xFF, 0xFF, 0x03, 0xF0, 0x00, 0x3F, 0x01, 0xD9, 0x83,
	0xC7, 0x01, 0x01, 0xBE, 0x0E, 0x00, 0x36, 0x0D, 0x71, 0x8B, 0xFA, 0x7F,
	0xBF, 0x7F, 0x4C, 0x20, 0x04, 0x08, 0x00, 0x00, 0x14, 0x3F, 0xA6, 0xDD,
	0xFC, 0x00, 0x02, 0x70, 0x0F, 0xFF, 0xBF, 0xFF, 0xFF, 0x0F, 0xF8, 0x00,
	0x61, 0x17, 0x45, 0xAF, 0xF2, 0x01, 0x01, 0xFC, 0x08, 0x10, 0x3C, 0x3F,
	0xE3, 0x01, 0xFA, 0xDF, 0xFF, 0xF7, 0x61, 0x60, 0x01, 0x10, 0x00, 0x00,
	0x42, 0x3F, 0xE1, 0xDB, 0xCB, 0xA0, 0x01, 0x71, 0x07, 0xFF, 0xBF, 0xFF,
	0xFF, 0xCF, 0xF8, 0x10, 0x18, 0x8F, 0x1F, 0x2F, 0xB0, 0x04, 0x01, 0xFC,
	0x10, 0x85, 0xBC, 0x37, 0xCA, 0x7F, 0xFF, 0xFF, 0x7F, 0xFF, 0xB0, 0x38,
	0x73, 0x04, 0x00, 0x00, 0x80, 0xA3, 0xAC, 0x55, 0xF9, 0x20, 0x00, 0x70,
	0xFF, 0x6F, 0xBF, 0xFF, 0xFF, 0xE5, 0x6C, 0x08, 0x30, 0x5E, 0x0F, 0xFF,
	0xF1, 0x1D, 0x62, 0xFC, 0x01, 0x80, 0x7E, 0x7B, 0xE1, 0xDF, 0xFF, 0xFF,
	0x7F, 0xFF, 0xF0, 0x01, 0x61, 0x18, 0x00, 0x00, 0x61, 0x63, 0xFE, 0x13,
	0x10, 0xCE, 0x80, 0x60, 0xC6, 0x4F, 0xB7, 0xFF, 0xFF, 0xF0, 0x22, 0x00,
	0x20, 0x58, 0x89, 0xFF, 0x50, 0x6E, 0x4B, 0xDD, 0x87, 0x0F, 0x66, 0x1F,
	0xE5, 0xB9, 0xDF, 0xFF, 0x77, 0xFF, 0xE0, 0x3C, 0x09, 0x39, 0x00, 0x00,
	0x00, 0x84, 0xDF, 0xE6, 0xFF, 0x9F, 0xA0, 0x70, 0xE7, 0xFE, 0xAF, 0xFF,
	0xFF, 0xF0, 0x10, 0x00, 0x00, 0x8A, 0x6B, 0xDF, 0xF8, 0x60, 0x59, 0xDC,
	0xC0, 0x87, 0xFF, 0x3F, 0x02, 0x37, 0x7F, 0xFE, 0x35, 0xFC, 0xE6, 0x9A,
	0x9D, 0x97, 0x80, 0x00, 0x04, 0x1A, 0x7D, 0xFB, 0xF9, 0xF9, 0xF0, 0x20,
	0x81, 0xFE, 0x8F, 0xFF, 0xEF, 0xF8, 0x01, 0x00, 0x00, 0x8F, 0x87, 0xDE,
	0xB0, 0x02, 0x0B, 0x3E, 0x90, 0x37, 0xDF, 0x8F, 0x9D, 0xFF, 0xE7, 0xFF,
	0xFE, 0xFF, 0xB5, 0x01, 0x3A, 0x3A, 0x80, 0x10, 0x40, 0xBC, 0x42, 0xF1,
	0x37, 0x70, 0xD1, 0x38, 0xC8, 0xFF, 0xDF, 0xDB, 0xF3, 0xFE, 0x80, 0x00,
	0x08, 0x0C, 0x03, 0x7D, 0xF0, 0x90, 0xA0, 0xFE, 0x80, 0x5B, 0xF9, 0xF7,
	0xAE, 0xFF, 0xDB, 0x7D, 0xFE, 0xF8, 0xDA, 0x06, 0x1C, 0xE0, 0xE0, 0x00,
	0x25, 0x92, 0x80, 0xFC, 0xBB, 0x2F, 0xAF, 0x48, 0x80, 0x4F, 0xDF, 0x8B,
	0xFD, 0xFE, 0x00, 0x00, 0x00, 0xCD, 0x01, 0xBE, 0x6B, 0x00, 0x7B, 0xEF,
	0xE0, 0x73, 0x18, 0x3F, 0xF8, 0xFF, 0x65, 0xBC, 0xFD, 0x0F, 0xF0, 0x32,
	0xE5, 0x2F, 0x50, 0x38, 0xE2, 0x41, 0xEE, 0xFE, 0xB6, 0xC2, 0xFD, 0x63,
	0x88, 0x6F, 0x97, 0xFF, 0xFF, 0x7F, 0x90, 0x00, 0x08, 0x4C, 0x81, 0x85,
	0xFF, 0xDE, 0xEF, 0xFC, 0x5C, 0x37, 0x9F, 0xEE, 0xFC, 0xB0, 0xFB, 0xFB,
	0x9F, 0xFF, 0x5E, 0x70, 0x04, 0x0D, 0x50, 0x72, 0x00, 0x00, 0x7F, 0x3F,
	0x59, 0xFA, 0x30, 0x51, 0x18, 0x4F, 0x2B, 0xFF, 0xFF, 0xFF, 0x90, 0x00,
	0x00, 0x0F, 0x81, 0x4F, 0xFB, 0x7C, 0xDF, 0xFA, 0x78, 0x0D, 0xDF, 0xEF,
	0xEF, 0xCF, 0xFB, 0xFF, 0xFF, 0xFF, 0x1E, 0x18, 0x7F, 0xB9, 0x5B, 0xBE,
	0x02, 0xE1, 0x38, 0xFE, 0xFD, 0x5E, 0x30, 0x30, 0x08, 0x5C, 0x1D, 0x7F,
	0xFB, 0x6F, 0x9C, 0x00, 0x00, 0x0B, 0xEF, 0xFF, 0x9D, 0x91, 0xFF, 0xFF,
	0xF5, 0x07, 0x7B, 0xBE, 0xBF, 0xCF, 0xFF, 0xFD, 0xBF, 0xFE, 0x00, 0xC4,
	0xEE, 0x10, 0x43, 0xE8, 0x40, 0x0F, 0xCA, 0x3E, 0x60, 0xBF, 0xDF, 0x37,
	0xA0, 0x14, 0x0B, 0xFF, 0xFF, 0x7F, 0xFC, 0x00, 0x00, 0x09, 0xFF, 0xCF,
	0xF6, 0x71, 0xFE, 0x94, 0xB0, 0x70, 0xFF, 0xB7, 0xF7, 0xC7, 0x61, 0xF6,
	0xBF, 0xE6, 0x01, 0xE1, 0xC2, 0x3E, 0xE7, 0xEF, 0x74, 0xC0, 0xEF, 0xEF,
	0xF0, 0x3F, 0xEC, 0x02, 0x60, 0x2C, 0x39, 0x8F, 0xFE, 0x7F, 0xFF, 0x00,
	0x00, 0x07, 0xEF, 0xFF, 0xFF, 0xFA, 0xFF, 0xCB, 0xD8, 0x5D, 0xFB, 0xFD,
	0xFE, 0x2B, 0x9F, 0xC7, 0xBD, 0xF8, 0x80, 0x6F, 0xBE, 0x0F, 0xE7, 0xFA,
	0xBC, 0x1C, 0x82, 0xF9, 0x38, 0x77, 0xF9, 0xD8, 0x98, 0x18, 0x08, 0x6F,
	0xFF, 0xFF, 0x7E, 0xC8, 0x00, 0x15, 0xBE, 0x3F, 0xFF, 0x46, 0xBF, 0x0B,
	0xC1, 0x15, 0xFF, 0xFD, 0xEF, 0xCF, 0x7F, 0x9F, 0xFF, 0xF8, 0x81, 0x37,
	0xF7, 0x05, 0xFF, 0xB6, 0x4C, 0xC0, 0x06, 0xF9, 0xC7, 0x4D, 0xFF, 0x99,
	0xCC, 0x10, 0x18, 0x0F, 0xFF, 0xDF, 0x3F, 0xCC, 0x00, 0x1F, 0xFA, 0x37,
	0xF8, 0x7D, 0xF1, 0xAE, 0x2C, 0x32, 0xFF, 0xFF, 0xFF, 0xF9, 0x6D, 0x8D,
	0xDF, 0xE0, 0x00, 0xAF, 0xA1, 0x07, 0xFD, 0xF3, 0xFC, 0x68, 0x00, 0x9E,
	0x65, 0x1B, 0xFE, 0x07, 0xD8, 0x00, 0x0B, 0x2F, 0xFF, 0xDF, 0xFF, 0xE7,
	0xA0, 0xDB, 0xF7, 0xFF, 0xFC, 0xDB, 0xF3, 0x16, 0x3D, 0x59, 0x3F, 0x6F,
	0x3E, 0xE2, 0xF2, 0xEE, 0xEF, 0x60, 0x00, 0xBE, 0xC3, 0x77, 0x5F, 0xBB,
	0x0B, 0xF9, 0xC4, 0x8F, 0xB3, 0xCF, 0x9F, 0xE6, 0xF9, 0x00, 0x83, 0x4E,
	0xBB, 0x8F, 0x77, 0xFF, 0xD0, 0xFF, 0xFF, 0xED, 0xFF, 0xA5, 0x79, 0x0D,
	0x04, 0x7E, 0x3F, 0xBB, 0xF7, 0xE8, 0xCD, 0xE7, 0xE7, 0x00, 0x00, 0xBA,
	0x42, 0xFF, 0x6F, 0xFF, 0xC5, 0xFF, 0xB4, 0x89, 0xED, 0x1A, 0x7F, 0xF8,
	0xBF, 0x00, 0x82, 0x39, 0x19, 0x87, 0xEF, 0xF7, 0xD5, 0x4F, 0xED, 0xF3,
	0xFF, 0xC1, 0xEB, 0xC9, 0xB9, 0xFF, 0xA7, 0xFF, 0xFF, 0xE5, 0x29, 0x4F,
	0xC9, 0x00, 0x80, 0x79, 0xC0, 0x67, 0xFE, 0x7F, 0x8F, 0x7F, 0xE3, 0x0F,
	0x62, 0xF8, 0x3D, 0xEA, 0x7F, 0x10, 0x02, 0x00, 0x1F, 0x02, 0xEF, 0x37,
	0xF5, 0x7A, 0xF4, 0xDF, 0xE4, 0xF2, 0x82, 0x2B, 0x2F, 0x62, 0x6D, 0xD9,
	0xFF, 0xD9, 0xE5, 0x40, 0xF1, 0x41, 0xD4, 0x0B, 0x42, 0xBE, 0x00, 0x6E,
	0xEB, 0xF3, 0xF8, 0x02, 0xAF, 0xFE, 0xFF, 0x3B, 0x87, 0x84, 0x00, 0x0E,
	0x01, 0x00, 0xA3, 0x2F, 0xEC, 0xC9, 0xFF, 0xDF, 0xFB, 0xE2, 0x4E, 0xB1,
	0x7D, 0xB3, 0x7F, 0xFF, 0xFF, 0x8C, 0x85, 0xDF, 0xFF, 0x94, 0x60, 0x04,
	0x42, 0x77, 0x0F, 0xD7, 0xDE, 0x46, 0xFF, 0x05, 0x18, 0xFC, 0x82, 0x7F,
	0x67, 0x80, 0x08, 0x04, 0x0D, 0x40, 0x03, 0xA3, 0xD3, 0xDF, 0xFF, 0x7F,
	0xBD, 0x80, 0xCA, 0xFD, 0xA3, 0x12, 0x7F, 0xFF, 0xFB, 0xFE, 0xDB, 0xD1,
	0xFF, 0xF5, 0xE0, 0x2C, 0x71, 0xDD, 0xFF, 0xFF, 0xFF, 0x09, 0xFF, 0x8A,
	0x3D, 0x63, 0x7B, 0x89, 0xE9, 0xDA, 0x00, 0x18, 0x7E, 0xCA, 0x00, 0x98,
	0x0D, 0x6B, 0xD7, 0x7E, 0xCA, 0xCE, 0xB3, 0x95, 0xC5, 0xF1, 0x6B, 0xFF,
	0xF7, 0x7E, 0x3E, 0xF4, 0x7F, 0xFE, 0xC0, 0x18, 0xBE, 0xFE, 0xEB, 0xFE,
	0x18, 0x91, 0xF2, 0x41, 0x9E, 0x7F, 0x96, 0xBE, 0x00, 0x06, 0xFA, 0x80,
	0x0F, 0xC2, 0xB2, 0xA0, 0x04, 0x9B, 0x9D, 0x3F, 0x7F, 0xA7, 0x39, 0x96,
	0xD3, 0xCD, 0x7F, 0xDF, 0xFD, 0xFD, 0x9E, 0x58, 0x0E, 0xF7, 0xC0, 0x16,
	0xE2, 0xF3, 0x1E, 0x7F, 0xAF, 0x5C, 0x5F, 0xE8, 0x0C, 0xC9, 0xFC, 0xE7,
	0xFE, 0xF0, 0x6C, 0x30, 0x01, 0xF2, 0x20, 0xA0, 0x33, 0xEE, 0x0F, 0xEF,
	0xDD, 0xF8, 0x86, 0xFC, 0x9B, 0xFC, 0x7E, 0xBF, 0xCC, 0xFC, 0xAD, 0x9F,
	0x91, 0x4E, 0x40, 0x5C, 0x4E, 0xD6, 0x7F, 0xFF, 0x15, 0xE6, 0x30, 0x58,
	0x03, 0x74, 0x00, 0x00, 0x45, 0x9F, 0xC1, 0x08, 0x00, 0x03, 0x00, 0x02,
	0x5C, 0xCF, 0x17, 0x9E, 0xFE, 0xF4, 0xDC, 0x87, 0xDA, 0xC0, 0x7D, 0x7F,
	0xA0, 0xFF, 0x1E, 0xE9, 0xEA, 0x3F, 0xC0, 0xE8, 0x0F, 0xF8, 0xFD, 0xFF,
	0x01, 0xCA, 0x10, 0x48, 0x24, 0xC8, 0x00, 0x00, 0x00, 0x4C, 0xA3, 0x87,
	0xFE, 0x87, 0x5F, 0x00, 0xB9, 0xF7, 0xDD, 0x9B, 0xCF, 0xAF, 0x6B, 0x9A,
	0xE3, 0x1E, 0xEF, 0xBF, 0xE2, 0x1D, 0x1B, 0xD1, 0xBC, 0x3C, 0x02, 0xB7,
	0xFF, 0x07, 0xE7, 0xFE, 0x10, 0x00, 0x00, 0x00, 0x00, 0x00, 0x00, 0x00,
	0x36, 0x3E, 0x00, 0x02, 0x00, 0x00, 0x00, 0x1F, 0xB6, 0x3E, 0xBA, 0x8F,
	0xEF, 0xBF, 0xFF, 0x97, 0xE2, 0x14, 0xD7, 0xDF, 0x19, 0x73, 0xBD, 0xD6,
	0x64, 0x00, 0x1E, 0xA7, 0xDB, 0xEF, 0xEF, 0xFB, 0x00, 0x00, 0x00, 0x00,
	0x00, 0x00, 0x00, 0x00, 0x00, 0x00, 0x03, 0xFF, 0xFF, 0x00, 0x00, 0x01,
	0xBF, 0xEE, 0xFD, 0x7F, 0xCD, 0x79, 0x2F, 0xCB, 0xDE, 0xF7, 0x8F, 0xFF,
	0xBB, 0x04, 0x5B, 0xC4, 0x34, 0xFB, 0x03, 0xE3, 0xE2, 0xEF, 0xFF, 0xDD,
	0x00, 0x00, 0x00, 0x00, 0x00, 0x00, 0x00, 0x00, 0x00, 0x00, 0x00, 0x7F,
	0xFF, 0x80, 0x00, 0x02, 0xFF, 0x2F, 0xFF, 0xEF, 0x97, 0xE7, 0xB1, 0x76,
	0x21, 0x1D, 0xB1, 0xCF, 0xEF, 0xDF, 0xDE, 0x14, 0x60, 0x6B, 0x00, 0xB8,
	0x3C, 0x7C, 0xFF, 0xF7, 0x00, 0x00, 0x00, 0x00, 0x20, 0x7E, 0xFF, 0xD8,
	0x0E, 0x80, 0x00, 0x1D, 0xFF, 0xC0, 0x00, 0x00, 0xFF, 0x5D, 0x7F, 0xFF,
	0x75, 0xF3, 0x78, 0x6A, 0xD2, 0x58, 0x3B, 0xEB, 0xF9, 0xF0, 0xFE, 0xB8,
	0xA0, 0x6B, 0x01, 0xB3, 0x7F, 0xDF, 0xFE, 0xFF, 0x00, 0x00, 0x00, 0x00,
	0x00, 0x00, 0x01, 0xFF, 0xFF, 0xFE, 0x00, 0x60, 0x02, 0x00, 0x00, 0x00,
	0xFB, 0xFF, 0xEF, 0xFF, 0x93, 0x6B, 0xAF, 0xA2, 0x26, 0xA0, 0xD9, 0xF7,
	0xFB, 0xF6, 0x3D, 0x80, 0x15, 0x64, 0xC3, 0x82, 0xA7, 0x7E, 0xF7, 0xBF,
	0x00, 0x00, 0x82, 0x01, 0xC1, 0xD1, 0x00, 0xDF, 0xFF, 0xFF, 0xFF, 0xDC,
	0x00, 0x00, 0x00, 0x00, 0xF4, 0x5E, 0x7F, 0x85, 0xBA, 0x33, 0x9F, 0xEF,
	0xB7, 0x1A, 0xFF, 0x7F, 0xCF, 0xF2, 0xF0, 0x02, 0x1D, 0xCA, 0xC0, 0x83,
	0x1E, 0xBE, 0x6F, 0x6F, 0x00, 0x00, 0x00, 0x67, 0xFD, 0xF8, 0x00, 0x9F,
	0xFF, 0xFF, 0xFF, 0xFC, 0x60, 0x00, 0x00, 0x00, 0x78, 0x72, 0x7F, 0xBF,
	0xEF, 0x6B, 0x9D, 0xAB, 0xA6, 0x7E, 0x76, 0xFF, 0x23, 0xDF, 0xF4, 0x70,
	0x7D, 0xC3, 0xE2, 0x14, 0x7A, 0x3E, 0x7F, 0xFF, 0x00, 0x04, 0x82, 0x0B,
	0xFF, 0xFE, 0xB0, 0x1F, 0xFF, 0xFF, 0xFF, 0xFF, 0x80, 0x00, 0x00, 0x00,
	0x71, 0x7F, 0x47, 0xCF, 0x75, 0x57, 0x0A, 0x66, 0x7A, 0x44, 0xBA, 0x73,
	0x76, 0xC1, 0xC1, 0xC8, 0x3B, 0x4E, 0x84, 0x07, 0x1E, 0x6A, 0xFC, 0xFF,
	0x00, 0x00, 0x08, 0xDF, 0xFF, 0xFF, 0xC0, 0x3F, 0xFF, 0xFF, 0xFF, 0xFF,
	0x00, 0x00, 0x00, 0x00, 0x1B, 0xDF, 0x4F, 0xF1, 0xA8, 0xFC, 0x3B, 0xF7,
	0xF1, 0x2D, 0xCF, 0xE5, 0xCF, 0xCD, 0xC6, 0x1F, 0x76, 0x2B, 0x31, 0x3C,
	0xC7, 0x7D, 0x77, 0xDF, 0x00, 0x00, 0x85, 0xFF, 0xFF, 0xF9, 0x94, 0x3F,
	0xFF, 0xFF, 0xFF, 0xFE, 0xC0, 0x00, 0x00, 0x00, 0x33, 0xFF, 0xFF, 0xF9,
	0xC7, 0x5C, 0x77, 0xD6, 0xE0, 0xA9, 0xA6, 0xFD, 0xF8, 0x43, 0x84, 0x26,
	0x29, 0x23, 0x5B, 0xF4, 0x1E, 0xF7, 0x9D, 0xDF, 0x00, 0x00, 0x00, 0x5F,
	0xFD, 0xF6, 0x34, 0x3F, 0xFF, 0xFF, 0xFF, 0xFF, 0xC0, 0x00, 0x00, 0x00,
	0x07, 0x9F, 0x7F, 0xDF, 0xC3, 0x2D, 0x67, 0xD5, 0x60, 0x22, 0x83, 0xEA,
	0x5B, 0xAF, 0x96, 0x08, 0x25, 0xCA, 0xE8, 0xFE, 0x55, 0x25, 0xFB, 0x9F,
	0x00, 0x00, 0x83, 0x1F, 0xFF, 0xFF, 0xE8, 0x3F, 0xFF, 0xFF, 0xFF, 0xFF,
	0xC0, 0x00, 0x00, 0x00, 0x08, 0xE7, 0xFF, 0xDE, 0xF2, 0xD3, 0x0A, 0x5C,
	0x71, 0x83, 0x77, 0xFF, 0xFE, 0x74, 0xE8, 0x01, 0xE7, 0xC2, 0xAF, 0x17,
	0x73, 0xDF, 0x7B, 0x05, 0x00, 0x00, 0xC0, 0x7F, 0xEB, 0xFE, 0x07, 0xFF,
	0xFF, 0xFF, 0xFF, 0xFF, 0x80, 0x00, 0x00, 0x00, 0x17, 0xEF, 0xFF, 0xEF,
	0xFE, 0x21, 0xDF, 0xC2, 0x12, 0x92, 0xC3, 0xDF, 0xE6, 0x4D, 0x92, 0x08,
	0x41, 0x36, 0xEB, 0xEB, 0xBF, 0x2F, 0xAF, 0x07, 0x00, 0x00, 0x4E, 0x3B,
	0xFF, 0xF7, 0xC3, 0x9F, 0xFF, 0xFF, 0xFF, 0xFF, 0x00, 0x00, 0x00, 0x00,
	0x10, 0xEF, 0xFF, 0xFF, 0xFB, 0xF1, 0x73, 0xF3, 0x01, 0x88, 0xE7, 0x7F,
	0x9E, 0x02, 0xBD, 0x03, 0x80, 0xE7, 0xE4, 0xDF, 0xBD, 0xDF, 0xDF, 0x93,
	0x00, 0x0B, 0x00, 0xFF, 0xFE, 0xFF, 0x23, 0x9F, 0xFF, 0xFF, 0xFF, 0xEF,
	0x00, 0x00, 0x00, 0x00, 0x10, 0x5F, 0xFF, 0xFF, 0xFF, 0x65, 0xAA, 0x2D,
	0xA0, 0xE6, 0x7F, 0xFF, 0xBC, 0x0E, 0xCA, 0x09, 0x83, 0x2A, 0x39, 0x77,
	0xFC, 0x5F, 0xFF, 0xFF, 0x00, 0x82, 0x0B, 0xEF, 0xFF, 0xFD, 0xF4, 0xFF,
	0xFF, 0xFF, 0xFF, 0xFF, 0x00, 0x00, 0x00, 0x00, 0x00, 0x1F, 0xFF, 0xFF,
	0xAE, 0x1F, 0xDB, 0x1F, 0x00, 0x0D, 0x0D, 0xD7, 0xE1, 0xBF, 0xE2, 0x00,
	0x08, 0x7E, 0x53, 0xD7, 0xF3, 0xFF, 0xFC, 0x78, 0x00, 0x7C, 0xA6, 0x7B,
	0xFF, 0xFE, 0x87, 0xFF, 0xFF, 0xFF, 0xFF, 0xFF, 0x02, 0x00, 0x00, 0x00,
	0x00, 0x1F, 0xFF, 0xFF, 0xEF, 0xE9, 0xFE, 0xB0, 0x5B, 0x17, 0x0C, 0xC0,
	0xA3, 0xAD, 0xF7, 0x00, 0x46, 0xFD, 0x77, 0xEF, 0xFE, 0xEF, 0xC6, 0xF2,
	0x00, 0x13, 0xFB, 0xFF, 0xFF, 0xFE, 0xAB, 0x7F, 0xFF, 0xFF, 0xFF, 0xFF,
	0x00, 0x00, 0x00, 0x00, 0x00, 0x37, 0xFF, 0xFF, 0xFF, 0xDF, 0xF6, 0xC3,
	0x04, 0x00, 0x01, 0xAB, 0xD0, 0xAA, 0x98, 0x01, 0xBF, 0xFF, 0x9E, 0x0E,
	0xEF, 0xDF, 0x7D, 0xAE, 0x00, 0x41, 0x76, 0xFE, 0xFC, 0x77, 0x79, 0xFF,
	0xFF, 0xFF, 0xFF, 0xCF, 0x40, 0x00, 0x00, 0x00, 0x00, 0x7F, 0xFF, 0xFF,
	0xFF, 0xFC, 0xF7, 0x80, 0x08, 0x41, 0x94, 0x96, 0x73, 0x5F, 0x46, 0x00,
	0xFF, 0x3F, 0xE9, 0xAC, 0xA8, 0x7E, 0x06, 0x7C, 0x00, 0x1B, 0xC1, 0xF7,
	0xFF, 0xF4, 0xE7, 0xFF, 0xFF, 0xFF, 0xFF, 0xFF, 0xF0, 0x00, 0x00, 0x00,
	0x00, 0x37, 0xDF, 0xFF, 0xCF, 0xFF, 0xFF, 0x7C, 0x1C, 0x01, 0x31, 0x79,
	0xEA, 0x6B, 0xA8, 0x42, 0xBF, 0xFD, 0x4E, 0xF2, 0x7B, 0xFF, 0xFF, 0xD0,
	0x0C, 0xDC, 0xFF, 0xBE, 0xFF, 0xFB, 0x69, 0x7F, 0xFF, 0xFF, 0xFF, 0xFE,
	0x00, 0x00, 0x00, 0x00, 0x00, 0x4B, 0xFF, 0xFF, 0xCF, 0xF9, 0x3C, 0x65,
	0x60, 0x03, 0x2D, 0x4F, 0x01, 0x5B, 0x44, 0x02, 0x37, 0xBC, 0xFF, 0xF6,
	0xBF, 0x87, 0xC0, 0x8F, 0x09, 0xCF, 0xDF, 0xFF, 0xFF, 0xF6, 0x3F, 0xFF,
	0xFF, 0xFF, 0xFF, 0xFF, 0x80, 0x00, 0x00, 0x00, 0x00, 0x77, 0xBF, 0xFF,
	0xCF, 0xFF, 0x0F, 0xFF, 0xF8, 0x01, 0xFF, 0x83, 0x0F, 0x28, 0x02, 0x6D,
	0xFE, 0xBD, 0xA6, 0xBB, 0x39, 0x4F, 0x2E, 0xF7, 0x1C, 0x3F, 0xF7, 0xFF,
	0xFF, 0xDA, 0x7F, 0xFF, 0xFF, 0xFF, 0xFF, 0xF9, 0xC0, 0x00, 0x00, 0x00,
	0x00, 0x2F, 0x1F, 0xFF, 0xEF, 0xFF, 0xDF, 0xFF, 0x87, 0xCF, 0xFF, 0x7A,
	0x00, 0x0C, 0xF7, 0x28, 0xFD, 0x7D, 0x97, 0xF9, 0xBF, 0xFC, 0xE3, 0xE8,
	0x40, 0xF0, 0xFF, 0xFF, 0xFE, 0xFB, 0x26, 0x7F, 0xFF, 0xFF, 0xFF, 0xFB,
	0xF8, 0x00, 0x00, 0x00, 0x00, 0x1F, 0x1F, 0xFF, 0xE7, 0xFF, 0xDD, 0xFF,
	0xC7, 0x43, 0xFF, 0x7E, 0xFF, 0x9D, 0xF7, 0xBB, 0xFE, 0xFE, 0x63, 0x74,
	0xED, 0xDE, 0x42, 0x18, 0x1F, 0xBF, 0x77, 0xFF, 0xF7, 0xE6, 0xC2, 0xFF,
	0xFF, 0xF9, 0xFF, 0xFF, 0xC0, 0x00, 0x00, 0x00, 0x00, 0x3F, 0x1E, 0xFF,
	0xDF, 0xFF, 0xEF, 0xFF, 0xE2, 0x6F, 0xFC, 0x0D, 0x00, 0x87, 0x08, 0x26,
	0xF5, 0xFB, 0x7F, 0xF7, 0xDF, 0x3B, 0x1F, 0x90, 0x38, 0x7D, 0xFC, 0x75,
	0xFF, 0xC8, 0x07, 0xFF, 0xFF, 0xFF, 0xFF, 0xF9, 0xE0, 0x00, 0x00, 0x00,
	0x00, 0x08, 0x1F, 0xFF, 0xFF, 0xFF, 0xFF, 0xF7, 0xEF, 0xFF, 0xFF, 0xFC,
	0xDE, 0xC7, 0x08, 0x89, 0xD1, 0x4E, 0xFF, 0xFF, 0x78, 0x30, 0xF4, 0x89,
	0xFF, 0x7F, 0xBF, 0x39, 0xF1, 0xC4, 0x15, 0xFF, 0xFF, 0xFF, 0xFF, 0xFE,
	0x40, 0x00, 0x00, 0x00, 0x00, 0x1E, 0x0C, 0x7F, 0xFF, 0xFF, 0xFF, 0xFF,
	0x8D, 0xD3, 0xFF, 0xFC, 0x73, 0xF7, 0x47, 0xFF, 0xF8, 0x9C, 0x7F, 0xFF,
	0xEB, 0x43, 0x64, 0x7B, 0x96, 0xDF, 0xFF, 0xBF, 0xE3, 0x81, 0x73, 0xFF,
	0xFF, 0xFF, 0xFF, 0xFE, 0xD8, 0x00, 0x00, 0x00, 0x00, 0x0C, 0x0F, 0xFF,
	0xFF, 0xFF, 0xFF, 0xFF, 0xE7, 0xB7, 0xFF, 0xFC, 0x17, 0xFF, 0xFF, 0xFF,
	0xFF, 0xF4, 0x6F, 0xED, 0xE6, 0x0D, 0xAC, 0x71, 0x3E, 0xFF, 0xEF, 0xE1,
	0x9F, 0x07, 0xF9, 0xBF, 0xFF, 0xFF, 0xE0, 0x1C, 0x00, 0x00, 0x00, 0x00,
	0x00, 0x1E, 0x3F, 0xFF, 0xFF, 0xFF, 0xFF, 0xFF, 0xFF, 0xFF, 0xFF, 0xF8,
	0xCF, 0xFF, 0xFE, 0x47, 0xFE, 0xFB, 0x9F, 0x05, 0x9E, 0x32, 0x30, 0x7B,
	0x1F, 0xFF, 0xFF, 0xDC, 0x24, 0x0C, 0x1E, 0x7B, 0xFC, 0x7C, 0xFF, 0xFB,
	0x80, 0x00, 0x00, 0x00, 0x00, 0x1F, 0x4F, 0xFF, 0xFF, 0xF1, 0xFF, 0xFF,
	0xFF, 0xFF, 0xFF, 0xFF, 0xFF, 0xFF, 0xFE, 0x07, 0x6F, 0xA2, 0x07, 0xC2,
	0x39, 0xE2, 0x00, 0x60, 0xFF, 0xFF, 0xFF, 0x03, 0xC0, 0x0A, 0x5F, 0xE7,
	0xE0, 0x40, 0xFF, 0xCF, 0x00, 0x00, 0x00, 0x00, 0x00, 0x16, 0x0F, 0xFF,
	0xFF, 0xF8, 0xBF, 0xFF, 0xFF, 0xFE, 0x22, 0xFF, 0xDD, 0xCE, 0xFF, 0xF3,
	0xFE, 0xB0, 0x00, 0x06, 0x3E, 0x14, 0x00, 0x10, 0x3F, 0xFF, 0xFE, 0xD7,
	0xFD, 0x4B, 0xFD, 0xC1, 0xFF, 0xDF, 0x3F, 0xFD, 0x06, 0x00, 0x00, 0x00,
	0x00, 0x03, 0xFD, 0xFF, 0xFF, 0xFF, 0xFF, 0xFF, 0xFF, 0xF8, 0xEF, 0xED,
	0xFF, 0x7B, 0xFF, 0xFF, 0x7F, 0xF8, 0xCB, 0x58, 0x76, 0xC0, 0x00, 0x00,
	0xFC, 0x7D, 0x86, 0x08, 0x10, 0x47, 0xF5, 0xFF, 0xF9, 0xC0, 0xFF, 0xFF,
	0x00, 0x00, 0x00, 0x00, 0x00, 0x07, 0xEF, 0xFF, 0xFF, 0xFF, 0xFF, 0xFF,
	0xFF, 0xFF, 0x7F, 0xFF, 0xFF, 0xFF, 0xFE, 0xFF, 0xFF, 0xFA, 0x0F, 0xFC,
	0xFC, 0x80, 0x00, 0x00, 0x7F, 0xCF, 0xF9, 0x6F, 0x9D, 0xE7, 0xFF, 0xCF,
	0xE0, 0x07, 0xEE, 0x3F, 0x80, 0x00, 0x00, 0x00, 0x00, 0x0E, 0x9F, 0x7F,
	0xFF, 0xFF, 0xFF, 0xFF, 0xFF, 0xF8, 0xBF, 0xC3, 0xFF, 0xFF, 0xFE, 0xE7,
	0xFF, 0xFF, 0x7F, 0xFF, 0xE8, 0x00, 0x00, 0x00, 0x3E, 0x7F, 0xFC, 0x37,
	0x1A, 0xF5, 0xFF, 0xF0, 0xF3, 0x1F, 0xFF, 0xF8, 0x0C, 0x00, 0x00, 0x00,
	0x01, 0x4C, 0xF7, 0xFF, 0xFF, 0xFB, 0xFF, 0xFF, 0xFF, 0xF8, 0xFF, 0xF7,
	0x97, 0xFF, 0xFF, 0xFF, 0xFF, 0xED, 0x7C, 0x1A, 0x01, 0x00, 0x00, 0x00,
	0x7F, 0x9F, 0xFF, 0x8E, 0x39, 0x7F, 0x2F, 0xFF, 0xCF, 0xDF, 0xFF, 0xCF,
	0x00, 0x00, 0x00, 0x00, 0x00, 0x0C, 0x07, 0xFF, 0xFF, 0xFF, 0xFF, 0xFF,
	0xFF, 0xFF, 0xBF, 0xFE, 0xEF, 0xFF, 0xF9, 0xFF, 0xFF, 0xFE, 0xF8, 0xA0,
	0x01, 0x00, 0x00, 0x00, 0xF2, 0xDF, 0xEA, 0xC4, 0x6B, 0x27, 0xF7, 0xFF,
	0xC7, 0xFE, 0xF9, 0xFE, 0x00, 0x00, 0x00, 0x00, 0x70, 0x08, 0x00, 0xFF,
	0xFF, 0xFF, 0xFF, 0xFF, 0xFF, 0xFF, 0xFF, 0xFF, 0xFF, 0xFF, 0xFF, 0xFF,
	0xFF, 0xF5, 0x96, 0x00, 0x00, 0x00, 0x00, 0x04, 0xF8, 0x7F, 0xFF, 0x9E,
	0xFB, 0xCE, 0xFF, 0xFF, 0xFE, 0xFF, 0x3F, 0xF4, 0x00, 0x00, 0x00, 0x00,
	0x20, 0x31, 0x1F, 0x7F, 0xFF, 0xFF, 0xFF, 0xFF, 0xFF, 0xFF, 0xFF, 0xFF,
	0xFF, 0xFF, 0xFC, 0x43, 0xEF, 0xFB, 0x24, 0x00, 0x00, 0x00, 0x00, 0x04,
	0xFF, 0xFE, 0x70, 0x68, 0xDB, 0xFF, 0xFF, 0xFF, 0xF9, 0xFF, 0xFF, 0xF0,
	0x00, 0x00, 0x00, 0x00, 0x30, 0x70, 0x03, 0xFF, 0xEF, 0xFF, 0xFF, 0xFF,
	0xFD, 0xFF, 0xFF, 0xFF, 0xFF, 0xFF, 0xFC, 0xC3, 0xBC, 0xF7, 0x60, 0x00,
	0x00, 0x00, 0x00, 0x01, 0xEF, 0xF5, 0xFD, 0xE2, 0x0F, 0xFE, 0x7F, 0xFF,
	0xFF, 0xFF, 0xFF, 0x0F, 0x80, 0x00, 0x00, 0x00, 0x30, 0x20, 0x11, 0xFF,
	0xFF, 0xFF, 0xFF, 0xFF, 0xFF, 0xCF, 0xFF, 0xFF, 0xFF, 0xFD, 0x9F, 0xFA,
	0xF9, 0xF6, 0x80, 0x00, 0x00, 0x00, 0x00, 0x18, 0x7F, 0xFF, 0xFE, 0xFB,
	0xCF, 0xDF, 0xFC, 0xFF, 0xFF, 0xFF, 0xFF, 0xFE, 0x08, 0x00, 0x00, 0x00,
	0x00, 0x3F, 0xFF, 0xFF, 0xFF, 0xFF, 0xC7, 0xFF, 0xFC, 0x7F, 0xFF, 0xFF,
	0xFF, 0xFF, 0xFF, 0xFE, 0xF9, 0xBE, 0x80, 0x00, 0x00, 0x00, 0x00, 0x14,
	0xFF, 0xF3, 0xFC, 0xC4, 0xFF, 0xFF, 0xFF, 0xFF, 0xFF, 0xFF, 0xFF, 0xF0,
	0x00, 0x00, 0x00, 0x00, 0x80, 0xD7, 0xBF, 0xF7, 0xFF, 0xFF, 0xFF, 0xFF,
	0xFF, 0xFF, 0xFF, 0xE2, 0x1F, 0xFB, 0xFF, 0xE8, 0x61, 0xDD, 0x00, 0x00,
	0x00, 0x00, 0x00, 0x19, 0xFF, 0xFF, 0xFF, 0xFF, 0xFF, 0xFF, 0xFF, 0xFF,
	0xFF, 0xFF, 0x9F, 0xC0, 0x4C, 0x00, 0x00, 0x00, 0x00, 0x8C, 0xF8, 0xFF,
	0xFE, 0xFF, 0xFF, 0xFF, 0xFF, 0xFF, 0xFE, 0x79, 0xFF, 0xE7, 0xFF, 0xFE,
	0x37, 0x98, 0x00, 0x00, 0x00, 0x00, 0x00, 0xA5, 0xFD, 0x0C, 0xFF, 0xEF,
	0xFF, 0x3F, 0xFF, 0xFF, 0xFF, 0xFF, 0xFF, 0x05, 0xC0, 0x00, 0x00, 0x00,
	0x00, 0x3B, 0x61, 0xDF, 0xF1, 0xFF, 0xBF, 0xF1, 0xDF, 0xFF, 0xFF, 0xFF,
	0xFF, 0xEF, 0xFF, 0xBF, 0xFD, 0x10, 0x00, 0x00, 0x00, 0x00, 0x00, 0x09,
	0x9F, 0xFF, 0xDF, 0xB7, 0x7F, 0xBF, 0xFF, 0xFF, 0xFC, 0x3F, 0xD8, 0x2E,
	0x00, 0x00, 0x00, 0x00, 0x00, 0x70, 0x1F, 0xFF, 0xFD, 0xFF, 0x8B, 0xF0,
	0x47, 0xDF, 0xFE, 0x67, 0xBF, 0xE3, 0xC1, 0xFF, 0xFF, 0x30, 0x00, 0x00,
	0x00, 0x00, 0x00, 0x19, 0xFF, 0x07, 0xF7, 0xA7, 0xFF, 0x7F, 0xFF, 0xFF,
	0xFD, 0xFF, 0xF6, 0x00, 0x03, 0x80, 0x00, 0x00, 0x20, 0x71, 0x6F, 0xFF,
	0xFF, 0xEF, 0xFF, 0xE7, 0xDF, 0xF4, 0xF6, 0xDC, 0x7F, 0xF7, 0x03, 0xFF,
	0xFF, 0x60, 0x00, 0x00, 0x00, 0x00, 0x02, 0x01, 0x3F, 0xEE, 0xBA, 0xD7,
	0xFD, 0xFF, 0xFF, 0xFB, 0xC5, 0xFF, 0xE0, 0x78, 0x10, 0x00, 0x00, 0x00,
	0x04, 0x60, 0x4F, 0xFF, 0xF1, 0xFA, 0xFF, 0x8D, 0xFF, 0xF5, 0xFF, 0xFA,
	0xFF, 0xF3, 0x80, 0x23, 0xFF, 0x80, 0x00, 0x00, 0x00, 0x00, 0x00, 0x04,
	0x9F, 0xF2, 0xEF, 0xED, 0xFD, 0xFB, 0xFC, 0xFF, 0xE0, 0x07, 0xFF, 0xC7,
	0x00, 0x00, 0x00, 0x00, 0x02, 0x28, 0xCF, 0xFF, 0xFC, 0x9E, 0x4E, 0xFF,
	0xFF, 0xFE, 0xF9, 0xEA, 0x9B, 0xFB, 0xE0, 0x00, 0x37, 0xE0, 0x00, 0x00,
	0x00, 0x00, 0x05, 0x01, 0x0E, 0x7D, 0xD0, 0x7F, 0x93, 0xFF, 0xDF, 0xC7,
	0xFF, 0xFF, 0xF3, 0xC0, 0x00, 0x00, 0x00, 0x00, 0x00, 0x87, 0xFF, 0xBF,
	0x87, 0xF3, 0xE8, 0xFF, 0xFF, 0xFC, 0x3F, 0xF8, 0xFF, 0xFF, 0xA0, 0x00,
	0x63, 0xD0, 0x00, 0x00, 0x00, 0x00, 0x01, 0x07, 0x9D, 0xE0, 0x03, 0x6F,
	0xFF, 0xE3, 0x21, 0xFB, 0xFB, 0xFF, 0xE0, 0x00, 0x00, 0x00, 0x00, 0x07,
	0x00, 0x03, 0xFF, 0xEF, 0xF1, 0xF5, 0xFF, 0xFF, 0xF0, 0xFF, 0xFF, 0xFF,
	0xFF, 0xFF, 0x83, 0x80, 0x07, 0x70, 0x00, 0x00, 0x00, 0x00, 0x00, 0x01,
	0x3E, 0x7F, 0x1B, 0xF7, 0xF7, 0x9A, 0x7F, 0xF9, 0xF8, 0xFE, 0xFE, 0x7E,
	0x00, 0x00, 0x00, 0x00, 0x00, 0x01, 0xBF, 0x7F, 0xFF, 0xFF, 0xFF, 0x8E,
	0x30, 0x2F, 0xFF, 0xFF, 0x9F, 0xFE, 0x80, 0x34, 0x06, 0x60, 0x00, 0x00,
	0x00, 0x00, 0x00, 0x01, 0xDC, 0xF1, 0x26, 0xB7, 0xF9, 0x80, 0xFF, 0xC1,
	0xFF, 0xFF, 0xE0, 0x00, 0x00, 0x00, 0x00, 0x00, 0x01, 0x03, 0xFC, 0xFF,
	0x3F, 0xFF, 0xFD, 0x80, 0x00, 0x3F, 0xFB, 0x67, 0xFF, 0xFF, 0xAE, 0x0E,
	0xE0, 0x00, 0x00, 0x00, 0x00, 0x00, 0x04, 0x00, 0x71, 0xFB, 0xE2, 0x90,
	0x70, 0x40, 0x7B, 0x45, 0xFF, 0xFF, 0xFE, 0x7C, 0x00, 0x00, 0x00, 0x00,
	0x00, 0x47, 0xFC, 0xFF, 0xFF, 0xBF, 0xFE, 0x00, 0x00, 0x2F, 0xF7, 0xBF,
	0x7F, 0xF7, 0xE2, 0x20, 0xFC, 0x00, 0x00, 0x00, 0x00, 0x00, 0x07, 0x07,
	0xCD, 0x5F, 0x98, 0xB6, 0x60, 0x60, 0x1B, 0xF8, 0x86, 0x7C, 0x3F, 0x80,
	0x00, 0x00, 0x00, 0x00, 0x00, 0xFF, 0xFC, 0x7F, 0xBF, 0xBC, 0x40, 0x20,
	0x07, 0x84, 0x19, 0xFF, 0xFF, 0xFF, 0xFF, 0x15, 0x1F, 0xC0, 0x00, 0x00,
	0x00, 0x00, 0x39, 0xF7, 0xD8, 0x19, 0xB8, 0x3E, 0x01, 0xFF, 0x83, 0xFF,
	0xBF, 0xF8, 0x40, 0x00, 0x30, 0x00, 0x00, 0x00, 0x00, 0x3F, 0xFF, 0xEC,
	0x70, 0xC0, 0xFE, 0x02, 0xF0, 0xF9, 0xFE, 0x43, 0xFF, 0xFF, 0xE4, 0x67,
	0x9F, 0x80, 0xC0, 0x00, 0x00, 0x08, 0x06, 0xFB, 0xE4, 0x75, 0xFF, 0x12,
	0x47, 0xEF, 0x88, 0xFF, 0xFF, 0xFF, 0xF8, 0x10, 0x04, 0x00, 0x00, 0x00,
	0x00, 0xFF, 0xFF, 0xF8, 0x02, 0x06, 0x40, 0x08, 0x7F, 0xFF, 0xFD, 0xFF,
	0xFE, 0x5F, 0xF0, 0xFF, 0xD0, 0x02, 0x80, 0x00, 0x0C, 0x19, 0x8F, 0xFF,
	0x0B, 0x2E, 0xBC, 0x17, 0xEB, 0xFF, 0xD8, 0x0F, 0xFF, 0x21, 0xC0, 0x38,
	0x01, 0x00, 0x00, 0x04, 0x00, 0x38, 0x7F, 0xC0, 0x01, 0x64, 0xD8, 0x72,
	0xFF, 0xFF, 0xFF, 0xFF, 0xFF, 0xFF, 0xF7, 0x83, 0xFF, 0x00, 0x00, 0x49,
	0x32, 0xEC, 0x8F, 0xFF, 0x84, 0x28, 0x0F, 0xB7, 0xFF, 0xFF, 0xFC, 0x43,
	0xFF, 0xE7, 0xF0, 0x10, 0x00, 0x00, 0x00, 0x00, 0x00, 0x1C, 0xFE, 0xC0,
	0x01, 0xC8, 0xC7, 0x9E, 0x7F, 0x8F, 0xFF, 0xFF, 0xFF, 0xFF, 0xFD, 0xFC,
	0x44, 0x20, 0xC0, 0x67, 0xFE, 0xD7, 0xBD, 0xDD, 0x0F, 0xFF, 0xFF, 0xFB,
	0xF1, 0xBF, 0xFF, 0xFF, 0xDB, 0xB7, 0xB0, 0x00, 0x00, 0x00, 0x00, 0x00,
	0x00, 0x86, 0x8A, 0x00, 0x01, 0xFF, 0xFF, 0xF8, 0x05, 0xDF, 0xE3, 0xFF,
	0xFF, 0xFF, 0xFE, 0x69, 0x18, 0xFF, 0xE5, 0x5F, 0xFF, 0x9F, 0xFE, 0xD8,
	0xCF, 0xFF, 0xFF, 0xC0, 0xC1, 0x9F, 0x1E, 0x7F, 0xC7, 0x7A, 0xB0, 0x00,
	0x00, 0x00, 0x00, 0x00, 0x00, 0x1B, 0x80, 0x00, 0x00, 0x27, 0xFE, 0x00,
	0x7C, 0xFF, 0xFE, 0xFF, 0xFF, 0xFF, 0xFE, 0x24, 0x8E, 0xAC, 0xD7, 0xBF,
	0xF3, 0xE6, 0x7B, 0xF6, 0x5F, 0xF7, 0xFF, 0x8D, 0x2F, 0xFC, 0x3F, 0xFF,
	0xFF, 0xFE, 0x70, 0x00, 0x10, 0x00, 0x00, 0x00, 0x00, 0x02, 0x80, 0x00,
	0x00, 0x24, 0x7C, 0x0F, 0xFD, 0xBB, 0x8F, 0xF8, 0xF9, 0xFF, 0xFF, 0xFE,
	0x83, 0x9F, 0xFF, 0x7F, 0xFF, 0x86, 0xFF, 0xE2, 0xBF, 0xF8, 0xFF, 0xC7,
	0x8F, 0xFF, 0xF0, 0xFF, 0xFE, 0x00, 0x00, 0xC0, 0x10, 0x00, 0x00, 0x00,
	0x00, 0x03, 0x80, 0x00, 0x00, 0x10, 0x00, 0x00, 0x7D, 0xFE, 0x7F, 0xFF,
	0xFF, 0xFB, 0xFF, 0xFF, 0xF1, 0xFF, 0xFF, 0x15, 0xFF, 0x98, 0x4F, 0xF4,
	0xF3, 0x17, 0x38, 0xF3, 0x88, 0xFF, 0xFF, 0xFF, 0xFF, 0xFE, 0x00, 0x01,
	0x80, 0x00, 0x00, 0x00, 0x00, 0x03, 0x08, 0x00, 0x00, 0xC2, 0x00, 0x00,
	0x00, 0x1F, 0xFF, 0xFF, 0xFF, 0xFF, 0xFF, 0xFF, 0xFB, 0xFF, 0xF8, 0x00,
	0xBF, 0x04, 0x5D, 0xFA, 0xB3, 0x99, 0x3B, 0xFF, 0xF7, 0xFF, 0xFF, 0xFF,
	0xFF, 0x3F, 0x80, 0x00, 0x00, 0x00, 0x00, 0x00, 0x00, 0x00, 0x04, 0x00,
	0x00, 0xA6, 0x00, 0x00, 0x00, 0x00, 0x01, 0xEF, 0xFF, 0xFF, 0xFF, 0xE1,
	0xFF, 0xC4, 0xA8, 0x00, 0xF7, 0x80, 0x7E, 0xF5, 0xF3, 0x7B, 0xFF, 0xFF,
	0xFF, 0xFF, 0xFF, 0xFF, 0xFF, 0xC1, 0xF0, 0x3E, 0x00, 0x00, 0x00, 0x00,
	0x00, 0x10, 0x66, 0x00, 0x00, 0x80, 0x00, 0x00, 0x00, 0x00, 0x00, 0x09,
	0xFF, 0xFF, 0xFF, 0xF8, 0xCC, 0x58, 0x60, 0x0A, 0xDE, 0x15, 0x03, 0xAF,
	0xFD, 0xFC, 0xF9, 0x41, 0xFF, 0x1F, 0xFF, 0xDE, 0x0B, 0x07, 0xE0, 0x00,
	0x00, 0x00, 0x00, 0x01, 0x00, 0x07, 0xFE, 0x30, 0x00, 0x00, 0x37, 0xFE,
	0x00, 0x7F, 0xC0, 0x3F, 0xFF, 0xFF, 0xFD, 0xF7, 0xF9, 0x06, 0xC0, 0x08,
	0xF9, 0x11, 0x08, 0xEC, 0xFB, 0x8F, 0x7F, 0xB1, 0xC6, 0x0F, 0xDF, 0xE4,
	0x93, 0xC0, 0x27, 0x00, 0x00, 0x00, 0x00, 0x00, 0x00, 0x07, 0xFF, 0xFF,
	0xCC, 0x00, 0xFF, 0xFF, 0xE3, 0xFD, 0xE6, 0x3F, 0xFF, 0xFF, 0xFA, 0xBF,
	0xFB, 0x87, 0xC0, 0x00, 0x6B, 0x33, 0x01, 0xB0, 0xFF, 0xDF, 0xFF, 0xFF,
	0xE0, 0x00, 0x00, 0xC1, 0xDF, 0xF0, 0x00, 0x00, 0x00, 0x00, 0x00, 0x00,
	0x00, 0x0B, 0xFF, 0xFF, 0xFC, 0x63, 0x7F, 0xDF, 0xFD, 0xFF, 0x07, 0x7E,
	0xFF, 0xFF, 0xFF, 0xFF, 0xFF, 0xE1, 0xA0, 0x00, 0x00, 0x00, 0xE9, 0x18,
	0xCF, 0xFF, 0xFE, 0xCE, 0xD1, 0x84, 0x90, 0x00, 0x67, 0x03, 0xE0, 0x02,
	0x40, 0x00, 0x00, 0x04, 0x03, 0x31, 0x9F, 0xBF, 0xF7, 0xEF, 0xFF, 0xFF,
	0xFF, 0xFB, 0xFF, 0xF8, 0xFF, 0xFF, 0xFF, 0xFF, 0xFC, 0xD7, 0x41, 0x00,
	0x4B, 0x10, 0xA4, 0x20, 0x9F, 0xFC, 0xF8, 0x67, 0x0E, 0x41, 0x1C, 0xFF,
	0x03, 0x82, 0x00, 0xC0, 0x00, 0x00, 0x00, 0x08, 0x01, 0xE2, 0x3A, 0x6F,
	0xE1, 0x7F, 0xFF, 0x84, 0xFF, 0xF7, 0xBF, 0xDE, 0xFF, 0xFF, 0xFF, 0xFB,
	0xFF, 0xFB, 0x80, 0x00, 0xC2, 0x08, 0x1A, 0x4E, 0xFB, 0xFE, 0xFF, 0x08,
	0x30, 0x7F, 0xFF, 0xFF, 0x80, 0x01, 0x80, 0x00, 0x1C, 0x00, 0x00, 0x00,
	0x00, 0x15, 0xFF, 0x99, 0xBF, 0x77, 0xFF, 0xE1, 0xFF, 0xFF, 0xE0, 0x7E,
	0xED, 0x7F, 0xFF, 0xFF, 0xFF, 0xE7, 0x80, 0x82, 0xC0, 0x00, 0x07, 0xC4,
	0x9D, 0xFF, 0xC6, 0xA7, 0x26, 0xC1, 0x86, 0x1F, 0xF0, 0x04, 0xF0, 0x00,
	0x00, 0x00, 0x00, 0x01, 0x10, 0xDB, 0xFF, 0xDE, 0xDD, 0xDB, 0xFF, 0xC3,
	0xFF, 0xFF, 0xC1, 0xFF, 0x7F, 0xFF, 0x7F, 0xEF, 0xFF, 0xC7, 0x8C, 0x82,
	0x80, 0x01, 0x8D, 0xF8, 0xDE, 0x7F, 0x85, 0xBC, 0xDC, 0xE8, 0x60, 0xBF,
	0x04, 0x9E, 0x20, 0x00, 0x00, 0x00, 0x10, 0x00, 0x20, 0x4F, 0xFF, 0xFF,
	0xFF, 0xEF, 0xFF, 0x43, 0xF5, 0xFF, 0x9F, 0xFF, 0xFF, 0xFE, 0xF7, 0xFF,
	0xC6, 0x47, 0x9C, 0xC1, 0x42, 0x81, 0x3C, 0xE0, 0x02, 0x3F, 0xD7, 0xFA,
	0x60, 0xBC, 0x02, 0xFF, 0x80, 0x27, 0x80, 0x00, 0x00, 0x00, 0x00, 0x00,
	0x08, 0x36, 0x3F, 0xFF, 0xBF, 0xDC, 0x4C, 0x01, 0xFF, 0x5B, 0xFF, 0xFF,
	0xFF, 0xFF, 0xFA, 0xFF, 0xFC, 0x43, 0xE3, 0xB0, 0x22, 0x82, 0xE4, 0x40,
	0x07, 0x87, 0xA9, 0xFE, 0x47, 0x00, 0x43, 0x12, 0x3F, 0x01, 0x80, 0x00,
	0x00, 0x18, 0x00, 0x00, 0x03, 0xD1, 0x87, 0xFF, 0xFF, 0xFE, 0x80, 0x1F,
	0xFF, 0xFF, 0xFF, 0xFF, 0xFF, 0xF8, 0xFF, 0x7E, 0x1C, 0x03, 0xFC, 0x50,
	0x10, 0x0E, 0xE7, 0xFE, 0xFF, 0xFE, 0x41, 0x08, 0x86, 0x00, 0x08, 0x5A,
	0x3E, 0x04, 0x00, 0x00, 0x00, 0x07, 0x80, 0x00, 0x40, 0xEF, 0xBF, 0xFF,
	0xFF, 0xFE, 0x03, 0x7F, 0xFF, 0xFF, 0xFF, 0xFF, 0xFF, 0x5F, 0x7F, 0xF8,
	0xAA, 0x07, 0xF8, 0x44, 0x00, 0x5F, 0xE3, 0x29, 0x3B, 0xFB, 0x04, 0x41,
	0xCF, 0x70, 0x21, 0xA4, 0x04, 0x08, 0x00, 0x00, 0x01, 0x80, 0x00, 0x00,
	0x33, 0xF7, 0xFD, 0xFF, 0xFF, 0xFE, 0x0F, 0xFF, 0xFF, 0xFF, 0xFF, 0xFF,
	0xFF, 0x01, 0xFB, 0xF8, 0x1E, 0x0F, 0x30, 0x40, 0x28, 0xBF, 0xF0, 0x18,
	0xF3, 0xE0, 0x20, 0x00, 0x0F, 0x3E, 0x46, 0x1E, 0xE2, 0x4C, 0x00, 0x00,
	0x00, 0x00, 0x00, 0x00, 0x07, 0xFF, 0xBA, 0x3F, 0xD3, 0x8E, 0xFF, 0xFF,
	0xFF, 0xFF, 0xFF, 0xFF, 0xFD, 0x0F, 0x7D, 0xF8, 0x9B, 0x17, 0xC3, 0xA5,
	0x80, 0x1F, 0x08, 0x02, 0x7E, 0xF1, 0xD0, 0x03, 0xDE, 0x20, 0xCA, 0x00,
	0x3D, 0x80, 0x00, 0x00, 0x0E, 0x00, 0x08, 0x00, 0x02, 0x39, 0xBE, 0xC4,
	0x00, 0x01, 0xDF, 0xFF, 0xFF, 0xFF, 0xFF, 0xFF, 0xFE, 0x3F, 0x45, 0xF4,
	0x00, 0x71, 0xE0, 0x68, 0x81, 0x00, 0x00, 0x05, 0xF8, 0x03, 0x95, 0x81,
	0xF8, 0x20, 0xA2, 0x00, 0x00, 0x00, 0x14, 0x08, 0x00, 0x80, 0x08, 0x00,
	0x00, 0xD7, 0xFB, 0xA0, 0x01, 0x00, 0x3F, 0xFF, 0xFF, 0xFF, 0xFF, 0xFF,
	0xF8, 0x1F, 0xFD, 0xD6, 0x00, 0xEB, 0xE2, 0x98, 0x0F, 0xC0, 0x60, 0x1A,
	0x78, 0xCA, 0xC3, 0x9B, 0xF2, 0x31, 0xE0, 0x00, 0x01, 0x01, 0x80, 0x00,
	0x00, 0x4F, 0x8B, 0x00, 0x12, 0xC0, 0x07, 0xE0, 0xF0, 0x65, 0xFF, 0xFF,
	0xFF, 0xFF, 0xFF, 0xFF, 0xF8, 0x1F, 0xEE, 0x61, 0x08, 0x9B, 0xFF, 0x80,
	0xC3, 0x00, 0x00, 0x02, 0x3A, 0x06, 0x17, 0xF1, 0xE0, 0xC0, 0x7F, 0x01,
	0x37, 0xE3, 0xE0, 0x00, 0x01, 0x0F, 0x83, 0xC0, 0x05, 0xCA, 0xC2, 0xC7,
	0xC6, 0xBB, 0xFF, 0xFF, 0xFF, 0xFF, 0xFF, 0xFF, 0xFC, 0x1F, 0xEB, 0xC0,
	0xE2, 0x0D, 0xBF, 0xE0, 0x00, 0x02, 0x00, 0x26, 0x78, 0x30, 0x07, 0xF8,
	0x09, 0x80, 0x7F, 0x14, 0x8F, 0xC3, 0xB4, 0x00, 0x08, 0x1C, 0x00, 0x00,
	0x01, 0xE1, 0x15, 0x7F, 0xF7, 0xF5, 0xFF, 0xFF, 0xFF, 0xFF, 0xFF, 0xFF,
	0xFC, 0x03, 0xD0, 0x00, 0x17, 0x3B, 0xFD, 0x50, 0x00, 0x00, 0x80, 0x61,
	0xA1, 0x7B, 0x04, 0x70, 0x84, 0x05, 0x04, 0x19, 0x85, 0x80, 0xC2, 0x01,
	0x00, 0x40, 0x00, 0x00, 0x0B, 0xF0, 0x7F, 0x7F, 0x87, 0xFF, 0xED, 0xFF,
	0xFF, 0xF8, 0x1F, 0xFF, 0xFF, 0x93, 0xE0, 0x01, 0x8D, 0x7F, 0xFE, 0xE8,
	0x07, 0xE1, 0x46, 0x00, 0x58, 0xCB, 0x04, 0x00, 0x12, 0x50, 0x47, 0xD2,
	0x40, 0x00, 0x03, 0x0F, 0x00, 0x00, 0x00, 0xF0, 0x00, 0xD3, 0xFE, 0x4F,
	0xFF, 0xCE, 0xF0, 0xFF, 0xFF, 0x81, 0xFF, 0xE6, 0xE0, 0x0F, 0xBC, 0x00,
	0x00, 0x7B, 0xFF, 0xF5, 0x36, 0x40, 0x00, 0x06, 0xD4, 0x03, 0x20, 0x00,
	0x18, 0x60, 0x61, 0x20, 0x04, 0x80, 0x00, 0x33, 0xC0, 0x40, 0x00, 0x30,
	0x01, 0x2F, 0xFF, 0x3F, 0xFF, 0xFF, 0xFB, 0x65, 0xF0, 0x7B, 0xBF, 0xFA,
	0x00, 0x07, 0xF6, 0x02, 0x0F, 0x7E, 0xFF, 0x78, 0x40, 0x00, 0x01, 0x80,
	0x1F, 0xAF, 0xFC, 0x00, 0x06, 0x74, 0x7D, 0x40, 0x00, 0x00, 0x09, 0x00,
	0x07, 0x24, 0x40, 0x30, 0x1F, 0xBF, 0xFE, 0xFF, 0xFF, 0xDF, 0xFF, 0x8F,
	0x00, 0x47, 0xFE, 0xE0, 0x00, 0xFF, 0xFD, 0x01, 0xE0, 0x7F, 0xFD, 0x8E,
	0x00, 0x00, 0x0A, 0x24, 0x8F, 0xCF, 0xFC, 0x00, 0x00, 0x01, 0xFE, 0x80,
	0xF8, 0x40, 0x7C, 0x00, 0x00, 0x5F, 0xC0, 0x00, 0x4C, 0x0F, 0xFF, 0x4F,
	0x7F, 0xFF, 0x3F, 0xA0, 0x00, 0x73, 0xE3, 0xFA, 0x7F, 0xFD, 0xC0, 0x80,
	0x79, 0xFF, 0xFF, 0xEC, 0x62, 0x2E, 0x06, 0xC8, 0x0B, 0x30, 0x00, 0x04,
	0x00, 0xD3, 0x00, 0x01, 0xFD, 0x07, 0xF1, 0x40, 0x07, 0x98, 0xFD, 0x82,
	0xFF, 0xE3, 0xF4, 0x6F, 0xCE, 0xDD, 0xFF, 0x82, 0xFB, 0xFF, 0xF1, 0xFF,
	0xFF, 0xF8, 0x00, 0x78, 0x07, 0xFB, 0x9D, 0xC2, 0x24, 0x00, 0x19, 0x7D,
	0xD8, 0x00, 0x04, 0x41, 0xDD, 0x00, 0x00, 0x00, 0x00, 0x37, 0x20, 0x80,
	0x01, 0x40, 0x04, 0x00, 0x1F, 0x79, 0x9B, 0x46, 0xEB, 0xFF, 0xE1, 0x3F,
	0xFF, 0xFF, 0xFF, 0xFF, 0xFF, 0xFC, 0x01, 0xE0, 0x3F, 0xFE, 0x29, 0xF7,
	0xA0, 0x73, 0x21, 0xE1, 0x81, 0x00, 0x39, 0x03, 0x80, 0x00, 0x02, 0x30,
	0x3E, 0x00, 0x21, 0x80, 0x07, 0xC0, 0x00, 0x02, 0x0E, 0xAE, 0x88, 0x63,
	0xFF, 0x7F, 0xF1, 0xFF, 0xFF, 0xFF, 0xFF, 0xDF, 0x77, 0xEC, 0x00, 0x62,
	0xBF, 0xFD, 0x90, 0xFB, 0xE6, 0x08, 0x07, 0x88, 0x00, 0xFF, 0x32, 0xFB,
	0x00, 0x00, 0x13, 0x86, 0x7E, 0x02, 0x00, 0x40, 0x01, 0xA0, 0x00, 0x00,
	0x80, 0xF7, 0xD3, 0xC2, 0xFF, 0xFF, 0x9F, 0xFF, 0xFF, 0xFF, 0xFF, 0xFE,
	0x67, 0x7E, 0xE8, 0x08, 0xFF, 0xFD, 0xC0, 0xAC, 0xE0, 0x30, 0x15, 0x4A,
	0x49, 0xFE, 0xAC, 0x00, 0x00, 0x03, 0xC2, 0x20, 0x38, 0x00, 0x00, 0x20,
	0x00, 0x00, 0x02, 0x07, 0x89, 0xAA, 0x97, 0x01, 0x7F, 0xFF, 0xF7, 0xF7,
	0xFF, 0xFF, 0xF0, 0x72, 0xFD, 0xFF, 0xFE, 0xBC, 0xFF, 0xF7, 0x00, 0x01,
	0x47, 0x02, 0x41, 0xC6, 0x40, 0x8E, 0xEE, 0x00, 0x1C, 0x83, 0x00, 0x00,
	0x00, 0x02, 0x00, 0x06, 0x00, 0x00, 0x00, 0x05, 0xA0, 0x22, 0xCB, 0x00,
	0xFF, 0xFF, 0xBC, 0xE7, 0xBF, 0xFE, 0x78, 0x1C, 0xF7, 0xFF, 0xFF, 0xFB,
	0xFF, 0xFC, 0x00, 0x05, 0xE4, 0x60, 0x16, 0x17, 0x20, 0x6C, 0x70, 0x00,
	0x61, 0x03, 0xE7, 0x00, 0x00, 0x02, 0x00, 0x40, 0x80, 0x00, 0x00, 0x03,
	0xC8, 0x00, 0x1A, 0x01, 0x7F, 0xFF, 0xFE, 0x7F, 0x5F, 0x8F, 0xBC, 0xDE,
	0xFF, 0xFF, 0xFF, 0xF7, 0xFF, 0x78, 0x00, 0x15, 0x20, 0x00, 0x65, 0x38,
	0x80, 0x04, 0x00, 0x06, 0x00, 0x00, 0x3E, 0x00, 0x00, 0x00, 0x00, 0x00,
	0x08, 0x00, 0x00, 0x00, 0x80, 0x00, 0x9C, 0x1E, 0xFE, 0xF3, 0xFF, 0xFF,
	0xFF, 0x80, 0x01, 0x43, 0x7F, 0xFF, 0xFF, 0xFF, 0xFC, 0xC0, 0x2E, 0xEE,
	0x10, 0x22, 0x58, 0x09, 0x00, 0x12, 0x01, 0x24, 0x00, 0x40, 0x04, 0x1C,
	0x00, 0x00, 0x00, 0x00, 0x00, 0x00, 0x00, 0x00, 0x80, 0x83, 0x00, 0x0F,
	0xFF, 0xE1, 0x7F, 0xFF, 0xF9, 0x00, 0x00, 0x21, 0x7F, 0xFF, 0xFB, 0xFF,
	0xF8, 0x40, 0xA1, 0x1F, 0x30, 0x21, 0x9A, 0xD0, 0xD4, 0x01, 0x02, 0x18,
	0x01, 0x00, 0x00, 0x00, 0x00, 0x00, 0x00, 0x00, 0x00, 0x00, 0x00, 0x00,
	0x00, 0x0A, 0x00, 0x7F, 0xBF, 0x9D, 0xFF, 0xFF, 0xFF, 0xA0, 0x1F, 0x01,
	0xDF, 0xFF, 0xFD, 0xFF, 0xF4, 0x05, 0x38, 0x5C, 0x81, 0x82, 0xF5, 0x14,
	0x20, 0x14, 0x20, 0x1E, 0x10, 0x00, 0x00, 0x00, 0x00, 0x10, 0x00, 0x00,
	0x00, 0x00, 0x00, 0x00, 0x78, 0x7C, 0x00, 0x73, 0xFF, 0x7F, 0xFF, 0xFF,
	0xFF, 0xFF, 0xDF, 0xC1, 0x7F, 0xFF, 0xFD, 0xFF, 0xF0, 0xE0, 0x35, 0xA6,
	0xC0, 0x1D, 0xF1, 0xB9, 0x40, 0x44, 0x82, 0x07, 0x80, 0x0E, 0x00, 0x00,
	0x00, 0x00, 0x00, 0x00, 0x00, 0x00, 0x00, 0x00, 0x3D, 0x18, 0x00, 0x5C,
	0xFE, 0x7F, 0xFF, 0xFF, 0xFF, 0xFF, 0xFC, 0x83, 0xFF, 0xFF, 0xF7, 0x7F,
	0xFB, 0x08, 0x00, 0x09, 0xDA, 0xD3, 0xF4, 0x69, 0x7E, 0x61, 0xF9, 0xE0,
	0xE0, 0x04, 0x00, 0x00, 0x00, 0x00, 0x00, 0x00, 0x00, 0x00, 0x00, 0x00,
	0x07, 0x7A, 0x00, 0x62, 0xF0, 0x7F, 0xFF, 0xFF, 0xFF, 0xFF, 0xFF, 0x00,
	0xFF, 0xFF, 0xFF, 0xFF, 0xD6, 0x08, 0x00, 0x1A, 0x09, 0xF9, 0xD4, 0xA6,
	0x40, 0x00, 0x00, 0x7A, 0x04, 0x00, 0x10, 0x00, 0x00, 0x00, 0x00, 0x80,
	0x00, 0x00, 0x00, 0x00, 0x01, 0x0C, 0x00, 0x8F, 0xC7, 0xFF, 0xFF, 0xFF,
	0xFF, 0xFF, 0xFF, 0xD5, 0xFF, 0xFF, 0xEB, 0xFF, 0x80, 0x00, 0x00, 0x00,
	0x07, 0x20, 0x50, 0x17, 0x00, 0x3E, 0x00, 0x03, 0x8F, 0xC0, 0x28, 0x00,
	0x02, 0x38, 0x00, 0x00, 0x00, 0x00, 0x00, 0x00, 0x00, 0xF1, 0x11, 0xFF,
	0xFF, 0xFF, 0xFF, 0xFF, 0xFF, 0xFF, 0xFF, 0xF7, 0xFF, 0xD7, 0x07, 0xFF,
	0x80, 0x00, 0x00, 0x00, 0x26, 0x24, 0xD8, 0x22, 0x00, 0x10, 0xC3, 0x00,
	0x00, 0x00, 0x00, 0xC0, 0x00, 0x00, 0x00, 0x00, 0x00, 0x00, 0x00, 0x00,
	0x18, 0xFF, 0x4F, 0xFB, 0x1F, 0xFF, 0xFF, 0xFF, 0xFF, 0xFF, 0xFF, 0xFF,
	0xFF, 0xFF, 0xEF, 0xFE, 0x00, 0x00, 0x00, 0x00, 0x08, 0x41, 0x96, 0x18,
	0x00, 0x41, 0x0B, 0x98, 0x20, 0x00, 0x04, 0xC0, 0x00, 0x00, 0x1F, 0xDE,
	0x00, 0x10, 0x00, 0x00, 0x00, 0xDF, 0xCF, 0xF6, 0x1F, 0xFF, 0xFF, 0xFF,
	0xFF, 0xFF, 0xBD, 0xDF, 0xFD, 0xFB, 0xDF, 0xFD, 0x80, 0x00, 0x00, 0x00,
	0x79, 0xC1, 0x7B, 0xBC, 0x18, 0x00, 0x0B, 0x80, 0x00, 0xE0, 0x00, 0x20,
	0x02, 0x00, 0x00, 0x1F, 0x1E, 0x10, 0x00, 0x01, 0x00, 0xC7, 0xCF, 0xF0,
	0x0C, 0x37, 0xF3, 0xFF, 0xFB, 0xF0, 0x20, 0x3F, 0xFF, 0xED, 0xFF, 0xF9,
	0x80, 0x00, 0x00, 0x00, 0xFB, 0x82, 0x9C, 0x40, 0x08, 0x00, 0x5A, 0x80,
	0x00, 0x00, 0x40, 0xA0, 0x08, 0x00, 0x01, 0x8F, 0xE0, 0x08, 0x00, 0x0E,
	0x00, 0xC3, 0xAF, 0xB8, 0x0E, 0x7F, 0xE5, 0xEE, 0x7F, 0xFD, 0xB0, 0x1F,
	0xFD, 0x9F, 0xFF, 0xFC, 0x00, 0x00, 0x00, 0x00, 0xF3, 0xD7, 0xFC, 0x2E,
	0xC0, 0x00, 0x67, 0x00, 0x00, 0x00, 0x00, 0x12, 0xE0, 0x60, 0x00, 0x80,
	0x00, 0x00, 0x00, 0x06, 0x20, 0x02, 0xFF, 0xFF, 0x06, 0x7F, 0xE7, 0xE8,
	0x00, 0x78, 0x80, 0x1F, 0xFF, 0xDC, 0xFF, 0xF8, 0x00, 0x00, 0x00, 0x01,
	0xF0, 0x5D, 0xDA, 0x5F, 0x88, 0x40, 0x03, 0x80, 0x00, 0x00, 0x00, 0x23,
	0xC0, 0x00, 0x00, 0x00, 0x00, 0x00, 0x00, 0x22, 0x81, 0xC1, 0xFD, 0xEE,
	0x82, 0x1F, 0xC7, 0xE0, 0x00, 0x10, 0x00, 0x17, 0xFF, 0xFE, 0xFF, 0xF0,
	0x00, 0x00, 0x00, 0x07, 0xF2, 0x29, 0xAC, 0x1B, 0x09, 0x94, 0x1A, 0x80,
	0x00, 0x0A, 0x00, 0x43, 0x80, 0x00, 0x10, 0x00, 0x00, 0x00, 0x00, 0x90,
	0x00, 0x83, 0xEB, 0xFC, 0x13, 0x0F, 0xCB, 0xE0, 0x41, 0x44, 0xE0, 0x0F,
	0xFF, 0xFE, 0xBF, 0xC0, 0x00, 0x00, 0x00, 0x03, 0xE5, 0xD3, 0x80, 0x82,
	0x00, 0x70, 0x60, 0x00, 0x80, 0x00, 0x00, 0x07, 0x80, 0x00, 0x00, 0x00,
	0x00, 0x00, 0x00, 0xF0, 0x00, 0x87, 0x7F, 0x70, 0x3F, 0xDE, 0x8B, 0x60,
	0x1B, 0xF0, 0x14, 0x0F, 0xFF, 0xF3, 0x9F, 0x00, 0x00, 0x00, 0x00, 0x07,
	0xEC, 0xD0, 0x00, 0x2A, 0x80, 0x00, 0xE0, 0x00, 0x00, 0x00, 0x00, 0x07,
	0x80, 0xC0, 0x20, 0x00, 0x00, 0x00, 0x00, 0x58, 0x00, 0xD9, 0x0E, 0x78,
	0x1F, 0xEF, 0x83, 0xA0, 0x1F, 0xFF, 0x80, 0x03, 0xFF, 0xFA, 0xCF, 0x80,
	0x00, 0x00, 0x00, 0x0F, 0x78, 0x5E, 0x01, 0x04, 0x0A, 0x00, 0x00, 0x00,
	0x00, 0x00, 0x00, 0x0C, 0x04, 0x4C, 0x00, 0x00, 0x00, 0xC0, 0x00, 0x48,
	0x00, 0x38, 0xE0, 0x76, 0xAF, 0xC6, 0x80, 0x00, 0x06, 0xD7, 0x80, 0x03,
	0xFF, 0xFF, 0x1C, 0x40, 0x00, 0x00, 0x00, 0x0F, 0xE8, 0x7F, 0x0D, 0x9C,
	0x00, 0x00, 0x04, 0x02, 0x00, 0x00, 0x42, 0x34, 0x34, 0x9F, 0x80, 0x00,
	0x04, 0x0C, 0x80, 0x08, 0x00, 0x60, 0x38, 0xFD, 0x7D, 0x00, 0x00, 0x00,
	0x00, 0xFD, 0xF0, 0x9B, 0xDF, 0xE7, 0xD3, 0xE0, 0x00, 0x00, 0x00, 0x0F,
	0xE0, 0x6F, 0x01, 0xD1, 0x7A, 0x00, 0x00, 0x58, 0x00, 0x04, 0xC0, 0x0E,
	0x10, 0x0F, 0x00, 0x00, 0x00, 0x0F, 0xE0, 0x0E, 0x01, 0xC0, 0x21, 0xFF,
	0xFF, 0xEC, 0x40, 0x00, 0x02, 0x01, 0xFF, 0xFF, 0xFF, 0xEF, 0xBF, 0x80,
	0x00, 0x00, 0x00, 0x1C, 0xE0, 0xD3, 0xF7, 0xDA, 0x02, 0x00, 0x04, 0x04,
	0x00, 0x04, 0x11, 0x8E, 0x06, 0x00, 0x00, 0x40, 0x00, 0x0B, 0x04, 0x00,
	0x03, 0x81, 0x01, 0xFF, 0xBF, 0xFE, 0x7C, 0xC0, 0x02, 0xFF, 0xFF, 0xF7,
	0xFF, 0xF7, 0xB7, 0x00, 0x00, 0x0E, 0x00, 0x3D, 0xF5, 0x08, 0x16, 0x96,
	0x04, 0x00, 0x00, 0x00, 0x08, 0x00, 0x01, 0x88, 0x03, 0x03, 0x00, 0x00,
	0x00, 0x06, 0x00, 0x00, 0x0F, 0x01, 0x0B, 0xFF, 0xFF, 0xFE, 0xFD, 0xC0,
	0x0F, 0xFF, 0xFF, 0xFB, 0xF3, 0x00, 0x78, 0x00, 0x00, 0xD3, 0x00, 0x1A,
	0xC1, 0x91, 0x0D, 0xBF, 0x00, 0x40, 0x01, 0x80, 0x00, 0x00, 0x00, 0x80,
	0x28, 0x00, 0x00, 0x00, 0x00, 0x00, 0x00, 0x02, 0x1E, 0x07, 0xFF, 0xFF,
	0xFF, 0xFF, 0x7F, 0xA7, 0xAB, 0xFF, 0xFF, 0xFF, 0xF8, 0x00, 0x5E, 0x00,
	0x1E, 0x06, 0x00, 0x7C, 0x09, 0x37, 0xE8, 0x70, 0x00, 0x41, 0x00, 0x80,
	0x00, 0x80, 0x00, 0x00, 0x00, 0x00, 0x00, 0x00, 0x00, 0x00, 0x06, 0x07,
	0xBD, 0x1D, 0xBF, 0xFF, 0xDF, 0xFF, 0x3D, 0x3F, 0xFF, 0xFF, 0xFF, 0xFF,
	0xE8, 0x00, 0x00, 0x00, 0x3C, 0x1C, 0x60, 0x74, 0x0C, 0x2F, 0x0B, 0xB6,
	0x30, 0x00, 0x00, 0x00, 0x00, 0x20, 0x00, 0x38, 0x00, 0x00, 0x18, 0x00,
	0x00, 0x00, 0x3C, 0x40, 0x78, 0x3B, 0xFD, 0xFF, 0xFF, 0xFF, 0x3E, 0x7F,
	0xFF, 0xFF, 0xFF, 0xF6, 0xFE, 0x00, 0x00, 0x00, 0x20, 0x00, 0xC0, 0xFD,
	0x13, 0xBC, 0xC5, 0xFE, 0x00, 0x00, 0x00, 0x00, 0x00, 0x00, 0x00, 0x00,
	0x00, 0x00, 0x00, 0x00, 0x00, 0x80, 0x21, 0x95, 0xC4, 0x1E, 0x2F, 0xFF,
	0xFF, 0xFF, 0x7F, 0xFF, 0xFF, 0xFF, 0xFF, 0xFF, 0x7F, 0x00, 0x7A, 0x00,
	0x00, 0x00, 0x00, 0xFF, 0x00, 0xFE, 0xE7, 0xFF, 0x02, 0x02, 0x00, 0x0E,
	0x01, 0xC0, 0x00, 0x00, 0x00, 0x88, 0x00, 0x00, 0x03, 0x60, 0x38, 0xE3,
	0xCD, 0xB3, 0x26, 0x3F, 0xFF, 0xFF, 0xFF, 0xFF, 0xFF, 0xFF, 0xFF, 0xFF,
	0x7F, 0x40, 0xFF, 0x00, 0x00, 0x00, 0x03, 0xFE, 0x06, 0x77, 0xCE, 0xEC,
	0x00, 0x10, 0x40, 0x30, 0x02, 0x80, 0x3C, 0x18, 0x00, 0x9D, 0x02, 0x00,
	0x05, 0xF0, 0x1C, 0x0F, 0xD3, 0x00, 0x07, 0xFF, 0xFF, 0xFF, 0xFE, 0x7F,
	0xFF, 0xFF, 0xFF, 0xFF, 0x7F, 0xE1, 0x8E, 0x00, 0x00, 0x00, 0x07, 0x80,
	0x0F, 0xFE, 0xAF, 0xF8, 0x00, 0x00, 0x04, 0x0C, 0x00, 0x00, 0x1E, 0x8C,
	0x04, 0x80, 0x0E, 0x0F, 0x07, 0x90, 0x00, 0x3F, 0x67, 0x30, 0x6F, 0xF5,
	0xF7, 0xFF, 0xFF, 0xDE, 0xFF, 0xFF, 0xFF, 0xFE, 0x7F, 0xB2, 0x3F, 0x00,
	0x00, 0x00, 0x07, 0xE0, 0x0F, 0xBF, 0x3F, 0xC1, 0x00, 0x00, 0x00, 0x11,
	0xBF, 0xC0, 0x00, 0x08, 0x63, 0x14, 0x86, 0x64, 0x00, 0x00, 0x06, 0x79,
	0x37, 0xC0, 0x09, 0xEE, 0xDF, 0x7F, 0xFF, 0xF9, 0xFD, 0xFF, 0xFF, 0xFF,
	0x7F, 0xF8, 0xDF, 0x80, 0x00, 0x00, 0x1F, 0x80, 0x26, 0x7B, 0xE1, 0x85,
	0x00, 0x40, 0x00, 0x00, 0x3F, 0xE1, 0x02, 0x00, 0x1E, 0x71, 0x83, 0xFE,
	0xD0, 0x00, 0x05, 0xF2, 0x21, 0x90, 0x04, 0x35, 0xFB, 0xFF, 0xFB, 0xBF,
	0xF5, 0xFF, 0xFF, 0xFF, 0xBF, 0xF4, 0x3F, 0x7E, 0x70, 0x00, 0x1F, 0x80,
	0x26, 0x37, 0x7E, 0x76, 0x1E, 0x70, 0x31, 0x30, 0x0F, 0xDC, 0x0C, 0x80,
	0xFF, 0xE4, 0x18, 0xDC, 0x00, 0x02, 0x7B, 0xC8, 0x00, 0x00, 0x27, 0xBF,
	0xFE, 0xFC, 0x07, 0xFF, 0xFF, 0xFF, 0xFF, 0xFF, 0xDF, 0xDF, 0xFC, 0xFE,
	0xFC, 0x00, 0x7F, 0xFA, 0xEF, 0x62, 0xF7, 0xDF, 0x00, 0x0C, 0x01, 0xB9,
	0x01, 0xBE, 0x02, 0x40, 0xF3, 0xE4, 0x66, 0x1C, 0x00, 0x07, 0xF7, 0xA0,
	0x90, 0x00, 0x06, 0xFF, 0xFF, 0xC0, 0x02, 0xBE, 0x8F, 0xFF, 0xBF, 0xFF,
	0xFF, 0xFF, 0xFE, 0xBF, 0xFF, 0xC0, 0x7F, 0x81, 0xDF, 0xB7, 0x7F, 0xBF,
	0x14, 0x00, 0x01, 0xC0, 0x00, 0xF8, 0x00, 0x20, 0xC7, 0xF7, 0xC4, 0x7C,
	0x03, 0x1B, 0x8F, 0xA1, 0x78, 0x00, 0x1F, 0x7F, 0xCF, 0x80, 0x00, 0x00,
	0x07, 0xFF, 0xFF, 0xFF, 0xF0, 0x1F, 0xFF, 0xEF, 0xFF, 0xFC, 0x27, 0xF3,
	0x09, 0xD1, 0x9F, 0x7F, 0x02, 0x00, 0x00, 0x30, 0x00, 0x20, 0x00, 0x41,
	0x78, 0x28, 0x20, 0xFE, 0x01, 0x8F, 0xFF, 0x61, 0x13, 0xC1, 0x00, 0x3F,
	0xFF, 0xC0, 0x00, 0x00, 0x05, 0xFF, 0xFF, 0xB5, 0x80, 0x7F, 0xDF, 0xD6,
	0xF9, 0xF3, 0x15, 0x90, 0x1D, 0x08, 0x1F, 0xFF, 0x00, 0x00, 0x00, 0x21,
	0xC0, 0x06, 0x7F, 0x83, 0xC0, 0x08, 0x70, 0x1F, 0x88, 0xFF, 0xBE, 0xE0,
	0x1F, 0xDC, 0x09, 0x7F, 0xFF, 0xCC, 0x00, 0x00, 0x02, 0x65, 0x1F, 0xF8,
	0x01, 0xFA, 0xFF, 0xA3, 0xFF, 0x1F, 0x88, 0x00, 0x94, 0x68, 0x00, 0xBE,
	0x1F, 0x5C, 0x00, 0x53, 0x83, 0xE0, 0x22, 0x07, 0xD0, 0x25, 0xE2, 0x7F,
	0x81, 0xE3, 0xF9, 0x61, 0x9F, 0x98, 0x24, 0x7F, 0xFF, 0xFB, 0x00, 0x00,
	0x00, 0x00, 0x00, 0x00, 0x0D, 0xEF, 0xDF, 0x4F, 0xFF, 0xF4, 0xE0, 0x80,
	0x34, 0x01, 0x80, 0x76, 0xFF, 0xC2, 0x00, 0x80, 0x07, 0xF0, 0x00, 0x03,
	0x01, 0xE1, 0xFF, 0xFF, 0x07, 0xFF, 0x72, 0xF9, 0xCB, 0xF8, 0x2A, 0x7F,
	0xFF, 0xFF, 0xFB, 0x51, 0x1D, 0xF0, 0x00, 0x00, 0x76, 0xE3, 0xF7, 0xFF,
	0xFF, 0xFE, 0xF0, 0x73, 0xE4, 0x00, 0x20, 0x6C, 0x7F, 0xA0, 0x00, 0xC0,
	0xE6, 0x8C, 0x20, 0x17, 0x87, 0xF8, 0xFC, 0x9F, 0x0F, 0xE2, 0xE7, 0x7C,
	0x03, 0xB1, 0xD5, 0x76, 0xFD, 0xFB, 0xFF, 0xF6, 0x7F, 0xFC, 0x01, 0x00,
	0x9F, 0x43, 0xF7, 0x3F, 0xFF, 0xF3, 0xE0, 0x9F, 0x97, 0x00, 0x09, 0x95,
	0x3F, 0x4C, 0x21, 0x47, 0xC9, 0x84, 0x20, 0x06, 0x0F, 0xFC, 0xFE, 0xFF,
	0x1F, 0xFB, 0xEF, 0x80, 0x05, 0x90, 0xAF, 0xB3, 0xBF, 0x1B, 0xFF, 0xFF,
	0xFF, 0xF8, 0x05, 0x00, 0xFB, 0x83, 0xDD, 0xFF, 0xFE, 0xFF, 0xBF, 0xCB,
	0xF3, 0x30, 0x00, 0xDF, 0xFF, 0x80, 0x06, 0x07, 0xC0, 0x0E, 0x04, 0x98,
	0x06, 0xC2, 0xBF, 0xF3, 0xC0, 0x07, 0xDF, 0x80, 0x11, 0x8F, 0x4B, 0xFF,
	0x3E, 0x6D, 0xFF, 0xFF, 0xFF, 0xF8, 0xDF, 0xFF, 0xBD, 0x0F, 0xBF, 0xEF,
	0xFF, 0xBF, 0xFF, 0x70, 0x82, 0x18, 0x01, 0xD9, 0xFF, 0x00, 0x12, 0x2F,
	0xE1, 0xE0, 0x00, 0x7F, 0x30, 0x10, 0x1F, 0xE3, 0xE2, 0x5D, 0x11, 0xF0,
	0x1E, 0xF8, 0x3F, 0xFF, 0xFF, 0xFF, 0xBF, 0xFF, 0xFF, 0x77, 0xFF, 0xFF,
	0xFF, 0x4F, 0xBD, 0xA7, 0x6E, 0xDF, 0xFF, 0xFE, 0x02, 0x00, 0x03, 0xEE,
	0xFF, 0x90, 0x38, 0x0F, 0xA1, 0xF9, 0x01, 0xC8, 0xB8, 0xC0, 0x2F, 0xBC,
	0x63, 0xFC, 0xE6, 0xF8, 0xCA, 0x1C, 0x07, 0xF7, 0xC9, 0xFB, 0xBF, 0xFF,
	0xBF, 0xFF, 0xFF, 0xFF, 0xFF, 0xBD, 0xFF, 0xF7, 0x6F, 0xFF, 0xFF, 0xFE,
	0x80, 0x00, 0x01, 0xE8, 0xFE, 0x20, 0xFE, 0x1F, 0xE7, 0x60, 0x38, 0x80,
	0x01, 0xC0, 0xE3, 0xF3, 0xFF, 0xEB, 0x5F, 0xFF, 0x80, 0x03, 0x87, 0xFF,
	0xFF, 0xF8, 0xFF, 0xFA, 0x9F, 0xFF, 0xFF, 0xFF, 0xFF, 0x93, 0xFA, 0xFF,
	0xFB, 0xFF, 0xFF, 0xFF, 0x84, 0x00, 0x06, 0x00, 0xF8, 0x60, 0x00, 0x08,
	0x16, 0xFF, 0x50, 0x80, 0xFF, 0x9A, 0x07, 0xC7, 0xFF, 0xDF, 0x7F, 0xFF,
	0xCF, 0x07, 0x0F, 0xEF, 0xFF, 0xFB, 0xFE, 0x3F, 0xE7, 0xFF, 0xFF, 0xFF,
	0xFF, 0x9F, 0xFF, 0xFF, 0xFF, 0xFF, 0xFF, 0xFF, 0xE0, 0x00, 0x1C, 0x83,
	0x80, 0x00, 0x00, 0x00, 0x20, 0xD2, 0x06, 0x4F, 0xFD, 0x3F, 0xDE, 0x3F,
	0xFF, 0x79, 0xFF, 0xFF, 0xBE, 0xE4, 0x0F, 0xFF, 0x7F, 0xFF, 0xFF, 0xDF,
	0xFF, 0xFF, 0xFF, 0xFF, 0xFF, 0x3F, 0xFF, 0xFF, 0xFF, 0xFF, 0xFF, 0xFF,
	0xC3, 0x00, 0x14, 0x3B, 0x91, 0xC0, 0x10, 0x40, 0x17, 0xCC, 0x42, 0x26,
	0xFF, 0xFF, 0xE2, 0x1F, 0xF9, 0xE7, 0xFF, 0xFF, 0xFF, 0xF9, 0xEE, 0xD5,
	0xFF, 0xFF, 0xFF, 0xB5, 0xFF, 0xFF, 0xFF, 0xFF, 0xFF, 0xFF, 0xFF, 0xFF,
	0xB7, 0xFF, 0xFF, 0xFF, 0xE0, 0x00, 0x1E, 0x9D};
